ISO-10303-21;
HEADER;
FILE_DESCRIPTION (( 'STEP AP214' ),
    '1' );
FILE_NAME ('CUI_DEVICES_TS02-66-160-BK-160-LCR-D.step',
    '2021-12-18T19:10:00',
    ( '' ),
    ( '' ),
    'SwSTEP 2.0',
    'SolidWorks 2021',
    '' );
FILE_SCHEMA (( 'AUTOMOTIVE_DESIGN' ));
ENDSEC;

DATA;
#1 = CARTESIAN_POINT ( 'NONE',  ( -0.1240157480314960647, 0.02755905511811023584, -0.07480314960629921850 ) ) ;
#2 = CARTESIAN_POINT ( 'NONE',  ( 0.08858267716535432601, 0.1377952755905511861, 0.1122047244094488139 ) ) ;
#3 = ORIENTED_EDGE ( 'NONE', *, *, #2352, .F. ) ;
#4 =( GEOMETRIC_REPRESENTATION_CONTEXT ( 3 ) GLOBAL_UNCERTAINTY_ASSIGNED_CONTEXT ( ( #3754 ) ) GLOBAL_UNIT_ASSIGNED_CONTEXT ( ( #3949, #921, #3580 ) ) REPRESENTATION_CONTEXT ( 'NONE', 'WORKASPACE' ) );
#5 = CARTESIAN_POINT ( 'NONE',  ( 0.1181102362204724532, 0.1377952755905511861, 0.1122047244094488277 ) ) ;
#6 = DIRECTION ( 'NONE',  ( 0.0000000000000000000, 0.0000000000000000000, 1.000000000000000000 ) ) ;
#7 = VERTEX_POINT ( 'NONE', #3573 ) ;
#8 = CARTESIAN_POINT ( 'NONE',  ( 0.08858267716535432601, 0.1377952755905511861, -0.1122047244094488139 ) ) ;
#9 = LINE ( 'NONE', #1017, #100 ) ;
#10 = DIRECTION ( 'NONE',  ( 0.0000000000000000000, 0.0000000000000000000, -1.000000000000000000 ) ) ;
#11 = ORIENTED_EDGE ( 'NONE', *, *, #1318, .F. ) ;
#12 = DIRECTION ( 'NONE',  ( 0.0000000000000000000, 0.0000000000000000000, 1.000000000000000000 ) ) ;
#13 = EDGE_CURVE ( 'NONE', #443, #4099, #887, .T. ) ;
#14 = EDGE_CURVE ( 'NONE', #1126, #4175, #791, .T. ) ;
#15 = ORIENTED_EDGE ( 'NONE', *, *, #196, .F. ) ;
#16 = ORIENTED_EDGE ( 'NONE', *, *, #4017, .T. ) ;
#17 = FACE_OUTER_BOUND ( 'NONE', #2016, .T. ) ;
#18 = CARTESIAN_POINT ( 'NONE',  ( 0.1318897637795275746, -0.04201406643800709162, 0.07480314960629921850 ) ) ;
#19 = EDGE_CURVE ( 'NONE', #2634, #3722, #2137, .T. ) ;
#20 = PLANE ( 'NONE',  #2645 ) ;
#21 = EDGE_LOOP ( 'NONE', ( #2564, #2287 ) ) ;
#22 = ORIENTED_EDGE ( 'NONE', *, *, #2484, .F. ) ;
#23 = DIRECTION ( 'NONE',  ( -1.000000000000000000, 0.0000000000000000000, 0.0000000000000000000 ) ) ;
#24 = DIRECTION ( 'NONE',  ( -1.000000000000000000, 0.0000000000000000000, 0.0000000000000000000 ) ) ;
#25 = VERTEX_POINT ( 'NONE', #3343 ) ;
#26 = CARTESIAN_POINT ( 'NONE',  ( 0.08858267716535432601, 0.1377952755905511861, -0.08858267716535432601 ) ) ;
#27 = EDGE_CURVE ( 'NONE', #4167, #3192, #3917, .T. ) ;
#28 = FILL_AREA_STYLE_COLOUR ( '', #3354 ) ;
#29 = ORIENTED_EDGE ( 'NONE', *, *, #1410, .F. ) ;
#30 = DIRECTION ( 'NONE',  ( 0.7071067811865469066, -0.7071067811865479058, 0.0000000000000000000 ) ) ;
#31 = CARTESIAN_POINT ( 'NONE',  ( 0.1181102362204724532, 0.02755905511811023584, 0.1023622047244094474 ) ) ;
#32 = ORIENTED_EDGE ( 'NONE', *, *, #977, .F. ) ;
#33 = DIRECTION ( 'NONE',  ( 0.0000000000000000000, 0.0000000000000000000, -1.000000000000000000 ) ) ;
#34 = DIRECTION ( 'NONE',  ( 4.063888932435259910E-16, -1.000000000000000000, 0.0000000000000000000 ) ) ;
#35 = EDGE_CURVE ( 'NONE', #3915, #4082, #338, .T. ) ;
#36 = ORIENTED_EDGE ( 'NONE', *, *, #1599, .F. ) ;
#37 = EDGE_LOOP ( 'NONE', ( #3214, #2878, #1620, #4006, #2466, #342 ) ) ;
#38 = EDGE_CURVE ( 'NONE', #225, #4175, #4335, .T. ) ;
#39 = LINE ( 'NONE', #432, #2664 ) ;
#40 = VECTOR ( 'NONE', #2661, 39.37007874015748143 ) ;
#41 = CYLINDRICAL_SURFACE ( 'NONE', #3000, 0.02362204724409448092 ) ;
#42 = DIRECTION ( 'NONE',  ( 0.0000000000000000000, 0.0000000000000000000, -1.000000000000000000 ) ) ;
#43 = CIRCLE ( 'NONE', #2835, 0.007874015748031499423 ) ;
#44 = VECTOR ( 'NONE', #3252, 39.37007874015748143 ) ;
#45 = CARTESIAN_POINT ( 'NONE',  ( 0.1122047244094488277, 0.0000000000000000000, 0.1122047244094488277 ) ) ;
#46 = AXIS2_PLACEMENT_3D ( 'NONE', #523, #2845, #4238 ) ;
#47 = ORIENTED_EDGE ( 'NONE', *, *, #3757, .T. ) ;
#48 = FACE_OUTER_BOUND ( 'NONE', #4165, .T. ) ;
#49 =( GEOMETRIC_REPRESENTATION_CONTEXT ( 3 ) GLOBAL_UNCERTAINTY_ASSIGNED_CONTEXT ( ( #3011 ) ) GLOBAL_UNIT_ASSIGNED_CONTEXT ( ( #447, #2238, #3993 ) ) REPRESENTATION_CONTEXT ( 'NONE', 'WORKASPACE' ) );
#50 = CARTESIAN_POINT ( 'NONE',  ( -0.1476377952755905387, -0.06889763779527559306, 0.07480314960629921850 ) ) ;
#51 = VECTOR ( 'NONE', #3083, 39.37007874015748143 ) ;
#52 = LINE ( 'NONE', #1097, #3575 ) ;
#53 = VECTOR ( 'NONE', #341, 39.37007874015748143 ) ;
#54 = VERTEX_POINT ( 'NONE', #311 ) ;
#55 = ORIENTED_EDGE ( 'NONE', *, *, #1040, .F. ) ;
#56 = DIRECTION ( 'NONE',  ( 1.000000000000000000, 0.0000000000000000000, 0.0000000000000000000 ) ) ;
#57 = DIRECTION ( 'NONE',  ( 0.0000000000000000000, 0.0000000000000000000, -1.000000000000000000 ) ) ;
#58 = EDGE_CURVE ( 'NONE', #2842, #1637, #2577, .T. ) ;
#59 = ORIENTED_EDGE ( 'NONE', *, *, #150, .T. ) ;
#60 = EDGE_CURVE ( 'NONE', #1268, #3033, #2961, .T. ) ;
#61 = DIRECTION ( 'NONE',  ( 0.0000000000000000000, -1.000000000000000000, 0.0000000000000000000 ) ) ;
#62 = VECTOR ( 'NONE', #4125, 39.37007874015748854 ) ;
#63 =( LENGTH_UNIT ( ) NAMED_UNIT ( * ) SI_UNIT ( $, .METRE. ) );
#64 = EDGE_CURVE ( 'NONE', #1238, #3722, #1689, .T. ) ;
#65 = PLANE ( 'NONE',  #3982 ) ;
#66 = AXIS2_PLACEMENT_3D ( 'NONE', #1891, #1865, #2906 ) ;
#67 = DIRECTION ( 'NONE',  ( 0.0000000000000000000, -1.000000000000000000, 0.0000000000000000000 ) ) ;
#68 = EDGE_LOOP ( 'NONE', ( #2327, #961 ) ) ;
#69 = DIRECTION ( 'NONE',  ( 0.0000000000000000000, 0.0000000000000000000, -1.000000000000000000 ) ) ;
#70 = VERTEX_POINT ( 'NONE', #1930 ) ;
#71 = ADVANCED_FACE ( 'NONE', ( #3005 ), #3942, .T. ) ;
#72 = ORIENTED_EDGE ( 'NONE', *, *, #2000, .F. ) ;
#73 = CARTESIAN_POINT ( 'NONE',  ( 0.1181102362204724532, 0.03543307086614173179, -0.1023622047244094474 ) ) ;
#74 = CARTESIAN_POINT ( 'NONE',  ( 0.1318897637795275746, -0.09578120915254409451, -0.07480314960629921850 ) ) ;
#75 = ORIENTED_EDGE ( 'NONE', *, *, #766, .F. ) ;
#76 = ORIENTED_EDGE ( 'NONE', *, *, #2802, .F. ) ;
#77 = PLANE ( 'NONE',  #105 ) ;
#78 = CARTESIAN_POINT ( 'NONE',  ( 0.08858267716535432601, 0.1377952755905511861, 0.08858267716535432601 ) ) ;
#79 = FACE_OUTER_BOUND ( 'NONE', #243, .T. ) ;
#80 = DIRECTION ( 'NONE',  ( -1.000000000000000000, 0.0000000000000000000, 0.0000000000000000000 ) ) ;
#81 = ORIENTED_EDGE ( 'NONE', *, *, #3500, .T. ) ;
#82 = VERTEX_POINT ( 'NONE', #915 ) ;
#83 = CARTESIAN_POINT ( 'NONE',  ( 0.08858267716535432601, 0.1377952755905511861, 0.06496062992125983815 ) ) ;
#84 = DIRECTION ( 'NONE',  ( 0.0000000000000000000, 0.0000000000000000000, 1.000000000000000000 ) ) ;
#85 = EDGE_CURVE ( 'NONE', #2843, #3841, #2434, .T. ) ;
#86 = EDGE_CURVE ( 'NONE', #2359, #2885, #1321, .T. ) ;
#87 = FACE_OUTER_BOUND ( 'NONE', #698, .T. ) ;
#88 = VERTEX_POINT ( 'NONE', #3279 ) ;
#89 = CARTESIAN_POINT ( 'NONE',  ( 0.1263219938489248129, -0.04758183636860983945, -0.1023622047244094474 ) ) ;
#90 = CARTESIAN_POINT ( 'NONE',  ( -0.1318897637795275746, -0.04201406643800709162, 0.1023622047244094474 ) ) ;
#91 = ADVANCED_FACE ( 'NONE', ( #2257 ), #4295, .F. ) ;
#92 = DIRECTION ( 'NONE',  ( -1.000000000000000000, 0.0000000000000000000, 0.0000000000000000000 ) ) ;
#93 = ORIENTED_EDGE ( 'NONE', *, *, #2812, .F. ) ;
#94 = EDGE_CURVE ( 'NONE', #2908, #1231, #1666, .T. ) ;
#95 = DIRECTION ( 'NONE',  ( 0.0000000000000000000, 0.0000000000000000000, -1.000000000000000000 ) ) ;
#96 = CARTESIAN_POINT ( 'NONE',  ( -0.08858267716535432601, 0.1496062992125984370, 0.08858267716535432601 ) ) ;
#97 = CARTESIAN_POINT ( 'NONE',  ( -0.1181102362204724532, 0.1299212598425196763, -0.1181102362204724532 ) ) ;
#98 = CARTESIAN_POINT ( 'NONE',  ( 0.08858267716535432601, 0.1496062992125984370, -0.06496062992125983815 ) ) ;
#99 = DIRECTION ( 'NONE',  ( 0.0000000000000000000, 0.0000000000000000000, 1.000000000000000000 ) ) ;
#100 = VECTOR ( 'NONE', #2446, 39.37007874015748143 ) ;
#101 = VERTEX_POINT ( 'NONE', #603 ) ;
#102 = VERTEX_POINT ( 'NONE', #249 ) ;
#103 = DIRECTION ( 'NONE',  ( 0.0000000000000000000, 0.0000000000000000000, -1.000000000000000000 ) ) ;
#104 = CARTESIAN_POINT ( 'NONE',  ( 0.1532055652061933004, -0.07446540772587834089, -0.07480314960629921850 ) ) ;
#105 = AXIS2_PLACEMENT_3D ( 'NONE', #987, #3666, #4040 ) ;
#106 = DIRECTION ( 'NONE',  ( 0.0000000000000000000, 0.0000000000000000000, -1.000000000000000000 ) ) ;
#107 = DIRECTION ( 'NONE',  ( 0.0000000000000000000, 0.0000000000000000000, 1.000000000000000000 ) ) ;
#108 = AXIS2_PLACEMENT_3D ( 'NONE', #679, #4007, #357 ) ;
#109 = VERTEX_POINT ( 'NONE', #3634 ) ;
#110 = CARTESIAN_POINT ( 'NONE',  ( -0.1181102362204724532, 0.03543307086614173179, 0.07480314960629921850 ) ) ;
#111 = VECTOR ( 'NONE', #996, 39.37007874015748143 ) ;
#112 = CARTESIAN_POINT ( 'NONE',  ( -0.1240157480314960647, 0.02755905511811023584, -0.1023622047244094474 ) ) ;
#113 = AXIS2_PLACEMENT_3D ( 'NONE', #240, #2969, #289 ) ;
#114 = EDGE_CURVE ( 'NONE', #2992, #1802, #1970, .T. ) ;
#115 = EDGE_CURVE ( 'NONE', #3532, #2553, #3300, .T. ) ;
#116 = UNCERTAINTY_MEASURE_WITH_UNIT (LENGTH_MEASURE( 1.000000000000000082E-05 ), #3449, 'distance_accuracy_value', 'NONE');
#117 = CARTESIAN_POINT ( 'NONE',  ( 0.1263219938489248129, -0.09021343922194134668, -0.07480314960629921850 ) ) ;
#118 = AXIS2_PLACEMENT_3D ( 'NONE', #3704, #2847, #221 ) ;
#119 = ADVANCED_FACE ( 'NONE', ( #2666 ), #2923, .F. ) ;
#120 = ORIENTED_EDGE ( 'NONE', *, *, #284, .T. ) ;
#121 = AXIS2_PLACEMENT_3D ( 'NONE', #1221, #3517, #1553 ) ;
#122 = DIRECTION ( 'NONE',  ( 0.0000000000000000000, 0.0000000000000000000, 1.000000000000000000 ) ) ;
#123 = DIRECTION ( 'NONE',  ( 1.000000000000000000, 0.0000000000000000000, 0.0000000000000000000 ) ) ;
#124 = VECTOR ( 'NONE', #793, 39.37007874015748143 ) ;
#125 = DIRECTION ( 'NONE',  ( 0.0000000000000000000, 0.4999999999999995004, -0.8660254037844390407 ) ) ;
#126 = VERTEX_POINT ( 'NONE', #1631 ) ;
#127 = ORIENTED_EDGE ( 'NONE', *, *, #3587, .F. ) ;
#128 = LINE ( 'NONE', #2807, #2355 ) ;
#129 = VECTOR ( 'NONE', #2129, 39.37007874015748143 ) ;
#130 = DIRECTION ( 'NONE',  ( 0.0000000000000000000, 0.0000000000000000000, -1.000000000000000000 ) ) ;
#131 = SPHERICAL_SURFACE ( 'NONE', #3204, 0.03937007874015747977 ) ;
#132 = CIRCLE ( 'NONE', #3216, 0.007874015748031499423 ) ;
#133 = VERTEX_POINT ( 'NONE', #2946 ) ;
#134 = DIRECTION ( 'NONE',  ( 0.0000000000000000000, 0.0000000000000000000, -1.000000000000000000 ) ) ;
#135 = VECTOR ( 'NONE', #1165, 39.37007874015748143 ) ;
#136 = FACE_OUTER_BOUND ( 'NONE', #607, .T. ) ;
#137 = ORIENTED_EDGE ( 'NONE', *, *, #3566, .T. ) ;
#138 = DIRECTION ( 'NONE',  ( 0.0000000000000000000, 0.0000000000000000000, -1.000000000000000000 ) ) ;
#139 = EDGE_CURVE ( 'NONE', #3660, #2266, #2982, .T. ) ;
#140 = ORIENTED_EDGE ( 'NONE', *, *, #1551, .T. ) ;
#141 = CARTESIAN_POINT ( 'NONE',  ( 0.1476377952755905387, -0.06889763779527559306, 0.07480314960629921850 ) ) ;
#142 = CARTESIAN_POINT ( 'NONE',  ( -0.1181102362204724532, 0.03543307086614173179, -0.07480314960629921850 ) ) ;
#143 = DIRECTION ( 'NONE',  ( -1.000000000000000000, 0.0000000000000000000, 0.0000000000000000000 ) ) ;
#144 = CARTESIAN_POINT ( 'NONE',  ( 0.1318897637795275746, -0.04201406643800709162, -0.1023622047244094474 ) ) ;
#145 = PLANE ( 'NONE',  #3432 ) ;
#146 = ORIENTED_EDGE ( 'NONE', *, *, #1016, .T. ) ;
#147 = EDGE_LOOP ( 'NONE', ( #127, #3109, #3322, #1210 ) ) ;
#148 = ORIENTED_EDGE ( 'NONE', *, *, #195, .F. ) ;
#149 =( CONVERSION_BASED_UNIT ( 'INCH', #479 ) LENGTH_UNIT ( ) NAMED_UNIT ( #4331 ) );
#150 = EDGE_CURVE ( 'NONE', #3458, #2359, #2337, .T. ) ;
#151 = DIRECTION ( 'NONE',  ( 0.0000000000000000000, 0.0000000000000000000, -1.000000000000000000 ) ) ;
#152 = PLANE ( 'NONE',  #121 ) ;
#153 = ORIENTED_EDGE ( 'NONE', *, *, #4079, .F. ) ;
#154 = CARTESIAN_POINT ( 'NONE',  ( 0.1555118110236220763, -0.1377952755905511861, -0.08366141732283464971 ) ) ;
#155 = ORIENTED_EDGE ( 'NONE', *, *, #3720, .T. ) ;
#156 = LINE ( 'NONE', #1817, #1818 ) ;
#157 = ORIENTED_EDGE ( 'NONE', *, *, #3194, .T. ) ;
#158 = EDGE_CURVE ( 'NONE', #2142, #3950, #1106, .T. ) ;
#159 = DIRECTION ( 'NONE',  ( 0.0000000000000000000, 0.0000000000000000000, 1.000000000000000000 ) ) ;
#160 = DIRECTION ( 'NONE',  ( -1.000000000000000000, 0.0000000000000000000, 0.0000000000000000000 ) ) ;
#161 = CARTESIAN_POINT ( 'NONE',  ( -0.08858267716535432601, 0.1496062992125984370, 0.08858267716535432601 ) ) ;
#162 = CARTESIAN_POINT ( 'NONE',  ( 0.0000000000000000000, 0.0000000000000000000, 0.0000000000000000000 ) ) ;
#163 = VERTEX_POINT ( 'NONE', #3452 ) ;
#164 = ORIENTED_EDGE ( 'NONE', *, *, #1128, .F. ) ;
#165 = EDGE_LOOP ( 'NONE', ( #1432, #1150, #2386, #795 ) ) ;
#166 = ADVANCED_FACE ( 'NONE', ( #688 ), #2032, .T. ) ;
#167 = DIRECTION ( 'NONE',  ( 0.0000000000000000000, 0.0000000000000000000, 1.000000000000000000 ) ) ;
#168 = DIRECTION ( 'NONE',  ( 0.0000000000000000000, 1.000000000000000000, 0.0000000000000000000 ) ) ;
#169 = CIRCLE ( 'NONE', #3038, 0.007874015748031499423 ) ;
#170 = CARTESIAN_POINT ( 'NONE',  ( 0.1476377952755905387, -0.06889763779527559306, -0.1023622047244094474 ) ) ;
#171 = DIRECTION ( 'NONE',  ( 1.000000000000000000, 0.0000000000000000000, 0.0000000000000000000 ) ) ;
#172 = CARTESIAN_POINT ( 'NONE',  ( 0.08858267716535432601, 0.1299212598425196763, -0.1122047244094488139 ) ) ;
#173 = ORIENTED_EDGE ( 'NONE', *, *, #2684, .F. ) ;
#174 = CIRCLE ( 'NONE', #3887, 0.007874015748031499423 ) ;
#175 = PLANE ( 'NONE',  #879 ) ;
#176 = VERTEX_POINT ( 'NONE', #3386 ) ;
#177 = CIRCLE ( 'NONE', #2641, 0.007874015748031499423 ) ;
#178 = ORIENTED_EDGE ( 'NONE', *, *, #58, .T. ) ;
#179 = CARTESIAN_POINT ( 'NONE',  ( -0.1318897637795275746, -0.1377952755905511861, -0.1023622047244094474 ) ) ;
#180 = AXIS2_PLACEMENT_3D ( 'NONE', #731, #4014, #1003 ) ;
#181 = AXIS2_PLACEMENT_3D ( 'NONE', #1752, #3071, #3697 ) ;
#182 = DIRECTION ( 'NONE',  ( -4.063888932435259910E-16, -1.000000000000000000, 0.0000000000000000000 ) ) ;
#183 = CARTESIAN_POINT ( 'NONE',  ( 0.1318897637795275746, -0.04201406643800709162, 0.07480314960629921850 ) ) ;
#184 = ORIENTED_EDGE ( 'NONE', *, *, #2499, .F. ) ;
#185 = DIRECTION ( 'NONE',  ( 2.454115839351809943E-16, -1.000000000000000000, 0.0000000000000000000 ) ) ;
#186 = VECTOR ( 'NONE', #505, 39.37007874015748143 ) ;
#187 = ORIENTED_EDGE ( 'NONE', *, *, #2414, .F. ) ;
#188 = AXIS2_PLACEMENT_3D ( 'NONE', #3658, #3735, #976 ) ;
#189 = ORIENTED_EDGE ( 'NONE', *, *, #4149, .F. ) ;
#190 =( LENGTH_UNIT ( ) NAMED_UNIT ( * ) SI_UNIT ( $, .METRE. ) );
#191 = CARTESIAN_POINT ( 'NONE',  ( 0.1555118110236219930, -0.06889763779527559306, -0.1023622047244094474 ) ) ;
#192 = AXIS2_PLACEMENT_3D ( 'NONE', #3084, #3073, #405 ) ;
#193 = LINE ( 'NONE', #2248, #2371 ) ;
#194 = DIRECTION ( 'NONE',  ( 0.0000000000000000000, 0.4999999999999995004, -0.8660254037844390407 ) ) ;
#195 = EDGE_CURVE ( 'NONE', #3274, #2037, #1709, .T. ) ;
#196 = EDGE_CURVE ( 'NONE', #2068, #2702, #402, .T. ) ;
#197 = ORIENTED_EDGE ( 'NONE', *, *, #1719, .T. ) ;
#198 = AXIS2_PLACEMENT_3D ( 'NONE', #183, #774, #2120 ) ;
#199 = DIRECTION ( 'NONE',  ( -1.000000000000000000, 2.454115839351809943E-16, 0.0000000000000000000 ) ) ;
#200 = ORIENTED_EDGE ( 'NONE', *, *, #1618, .F. ) ;
#201 = EDGE_CURVE ( 'NONE', #2908, #2551, #4078, .T. ) ;
#202 = AXIS2_PLACEMENT_3D ( 'NONE', #3607, #2955, #2332 ) ;
#203 = ORIENTED_EDGE ( 'NONE', *, *, #3615, .F. ) ;
#204 = EDGE_LOOP ( 'NONE', ( #508, #3956, #3463, #3739 ) ) ;
#205 = UNCERTAINTY_MEASURE_WITH_UNIT (LENGTH_MEASURE( 1.000000000000000082E-05 ), #2232, 'distance_accuracy_value', 'NONE');
#206 = VECTOR ( 'NONE', #23, 39.37007874015748143 ) ;
#207 = DIRECTION ( 'NONE',  ( 0.0000000000000000000, 0.0000000000000000000, 1.000000000000000000 ) ) ;
#208 = AXIS2_PLACEMENT_3D ( 'NONE', #3896, #214, #568 ) ;
#209 = ORIENTED_EDGE ( 'NONE', *, *, #4017, .F. ) ;
#210 = ADVANCED_FACE ( 'NONE', ( #48 ), #2070, .T. ) ;
#211 = LINE ( 'NONE', #2303, #2363 ) ;
#212 = FACE_BOUND ( 'NONE', #3488, .T. ) ;
#213 = DIRECTION ( 'NONE',  ( 0.0000000000000000000, 0.0000000000000000000, 1.000000000000000000 ) ) ;
#214 = DIRECTION ( 'NONE',  ( -0.7071067811865480168, -0.7071067811865470176, 0.0000000000000000000 ) ) ;
#215 = ORIENTED_EDGE ( 'NONE', *, *, #3400, .T. ) ;
#216 = VERTEX_POINT ( 'NONE', #1071 ) ;
#217 = ORIENTED_EDGE ( 'NONE', *, *, #201, .T. ) ;
#218 = CARTESIAN_POINT ( 'NONE',  ( 0.1240157480314960647, 0.02755905511811023584, 0.07480314960629921850 ) ) ;
#219 = DIRECTION ( 'NONE',  ( 0.0000000000000000000, 0.0000000000000000000, -1.000000000000000000 ) ) ;
#220 = DIRECTION ( 'NONE',  ( 0.0000000000000000000, 0.0000000000000000000, -1.000000000000000000 ) ) ;
#221 = DIRECTION ( 'NONE',  ( 0.0000000000000000000, 0.0000000000000000000, 1.000000000000000000 ) ) ;
#222 = CARTESIAN_POINT ( 'NONE',  ( -0.1240157480314960647, -0.09578120915254409451, -0.07480314960629921850 ) ) ;
#223 = ORIENTED_EDGE ( 'NONE', *, *, #1175, .F. ) ;
#224 = PLANE ( 'NONE',  #3747 ) ;
#225 = VERTEX_POINT ( 'NONE', #1386 ) ;
#226 = EDGE_CURVE ( 'NONE', #102, #1564, #2710, .T. ) ;
#227 = VERTEX_POINT ( 'NONE', #110 ) ;
#228 = ORIENTED_EDGE ( 'NONE', *, *, #2414, .T. ) ;
#229 = DIRECTION ( 'NONE',  ( 3.519431053647356462E-16, -0.8660254037844389297, -0.4999999999999994449 ) ) ;
#230 = LINE ( 'NONE', #3546, #825 ) ;
#231 = ADVANCED_FACE ( 'NONE', ( #1727 ), #4091, .T. ) ;
#232 = ORIENTED_EDGE ( 'NONE', *, *, #3415, .F. ) ;
#233 = CARTESIAN_POINT ( 'NONE',  ( -0.1240157480314960647, -0.09578120915254409451, -0.1023622047244094474 ) ) ;
#234 = CARTESIAN_POINT ( 'NONE',  ( -0.1181102362204724532, 0.02755905511811023584, 0.1023622047244094474 ) ) ;
#235 =( LENGTH_UNIT ( ) NAMED_UNIT ( * ) SI_UNIT ( $, .METRE. ) );
#236 = ORIENTED_EDGE ( 'NONE', *, *, #13, .T. ) ;
#237 = ORIENTED_EDGE ( 'NONE', *, *, #3057, .T. ) ;
#238 = CARTESIAN_POINT ( 'NONE',  ( -0.1181102362204724532, 0.1299212598425196763, -0.1181102362204724532 ) ) ;
#239 = PLANE ( 'NONE',  #2294 ) ;
#240 = CARTESIAN_POINT ( 'NONE',  ( -0.1240157480314960647, 0.02755905511811023584, 0.1023622047244094474 ) ) ;
#241 = FACE_OUTER_BOUND ( 'NONE', #715, .T. ) ;
#242 = CARTESIAN_POINT ( 'NONE',  ( -0.1555118110236220763, -0.1054045616694795212, 0.1122047244094488277 ) ) ;
#243 = EDGE_LOOP ( 'NONE', ( #2917, #1848, #315, #3597 ) ) ;
#244 = CARTESIAN_POINT ( 'NONE',  ( 0.1240157480314960647, 0.03543307086614173179, 0.1023622047244094474 ) ) ;
#245 = ORIENTED_EDGE ( 'NONE', *, *, #2605, .F. ) ;
#246 = LINE ( 'NONE', #3019, #2739 ) ;
#247 = AXIS2_PLACEMENT_3D ( 'NONE', #460, #4156, #2474 ) ;
#248 = ORIENTED_EDGE ( 'NONE', *, *, #4075, .T. ) ;
#249 = CARTESIAN_POINT ( 'NONE',  ( 0.1122047244094488277, 0.1299212598425196763, -0.1181102362204724532 ) ) ;
#250 = LINE ( 'NONE', #2924, #111 ) ;
#251 = AXIS2_PLACEMENT_3D ( 'NONE', #2975, #3317, #271 ) ;
#252 = EDGE_CURVE ( 'NONE', #2552, #2142, #1049, .T. ) ;
#253 = AXIS2_PLACEMENT_3D ( 'NONE', #96, #3784, #3189 ) ;
#254 = ORIENTED_EDGE ( 'NONE', *, *, #3112, .T. ) ;
#255 = DIRECTION ( 'NONE',  ( 0.0000000000000000000, -1.000000000000000000, 0.0000000000000000000 ) ) ;
#256 = DIRECTION ( 'NONE',  ( 0.0000000000000000000, 0.0000000000000000000, 1.000000000000000000 ) ) ;
#257 = CARTESIAN_POINT ( 'NONE',  ( -0.1318897637795275746, -0.09578120915254409451, -0.1023622047244094474 ) ) ;
#258 = ADVANCED_FACE ( 'NONE', ( #2429 ), #1020, .F. ) ;
#259 = AXIS2_PLACEMENT_3D ( 'NONE', #818, #490, #2797 ) ;
#260 = ORIENTED_EDGE ( 'NONE', *, *, #2000, .T. ) ;
#261 = DIMENSIONAL_EXPONENTS ( 1.000000000000000000, 0.0000000000000000000, 0.0000000000000000000, 0.0000000000000000000, 0.0000000000000000000, 0.0000000000000000000, 0.0000000000000000000 ) ;
#262 = ORIENTED_EDGE ( 'NONE', *, *, #685, .F. ) ;
#263 = CIRCLE ( 'NONE', #963, 0.007874015748031499423 ) ;
#264 = LINE ( 'NONE', #635, #3263 ) ;
#265 = CARTESIAN_POINT ( 'NONE',  ( 0.1240157480314960647, -0.09578120915254409451, 0.1023622047244094474 ) ) ;
#266 =( LENGTH_UNIT ( ) NAMED_UNIT ( * ) SI_UNIT ( $, .METRE. ) );
#267 = LINE ( 'NONE', #1659, #3211 ) ;
#268 = PLANE ( 'NONE',  #3199 ) ;
#269 = VECTOR ( 'NONE', #2154, 39.37007874015748143 ) ;
#270 = VERTEX_POINT ( 'NONE', #1466 ) ;
#271 = DIRECTION ( 'NONE',  ( 0.0000000000000000000, 0.0000000000000000000, 1.000000000000000000 ) ) ;
#272 = ORIENTED_EDGE ( 'NONE', *, *, #3524, .T. ) ;
#273 = AXIS2_PLACEMENT_3D ( 'NONE', #3043, #2790, #3093 ) ;
#274 = VECTOR ( 'NONE', #842, 39.37007874015748854 ) ;
#275 = ORIENTED_EDGE ( 'NONE', *, *, #813, .F. ) ;
#276 = CARTESIAN_POINT ( 'NONE',  ( -0.08858267716535432601, 0.1299212598425196763, 0.08858267716535432601 ) ) ;
#277 = STYLED_ITEM ( 'NONE', ( #2706 ), #3414 ) ;
#278 = CARTESIAN_POINT ( 'NONE',  ( 0.1318897637795275746, 0.02755905511811023584, 0.1023622047244094474 ) ) ;
#279 = VECTOR ( 'NONE', #3036, 39.37007874015748143 ) ;
#280 = ORIENTED_EDGE ( 'NONE', *, *, #2159, .T. ) ;
#281 = CARTESIAN_POINT ( 'NONE',  ( 0.1532055652061933004, -0.07446540772587834089, 0.1023622047244094474 ) ) ;
#282 = DIRECTION ( 'NONE',  ( 2.454115839351809943E-16, -1.000000000000000000, 0.0000000000000000000 ) ) ;
#283 = FACE_OUTER_BOUND ( 'NONE', #2421, .T. ) ;
#284 = EDGE_CURVE ( 'NONE', #2522, #310, #2561, .T. ) ;
#285 = VECTOR ( 'NONE', #1063, 39.37007874015748143 ) ;
#286 = ORIENTED_EDGE ( 'NONE', *, *, #1503, .F. ) ;
#287 = VERTEX_POINT ( 'NONE', #1138 ) ;
#288 = PLANE ( 'NONE',  #4046 ) ;
#289 = DIRECTION ( 'NONE',  ( 1.000000000000000000, 0.0000000000000000000, 0.0000000000000000000 ) ) ;
#290 = CARTESIAN_POINT ( 'NONE',  ( -0.1263219938489248129, -0.04758183636860983945, -0.1023622047244094474 ) ) ;
#291 = CARTESIAN_POINT ( 'NONE',  ( 0.1181102362204724532, 0.03543307086614173179, -0.07480314960629921850 ) ) ;
#292 = ORIENTED_EDGE ( 'NONE', *, *, #1981, .F. ) ;
#293 = ORIENTED_EDGE ( 'NONE', *, *, #3008, .F. ) ;
#294 = EDGE_CURVE ( 'NONE', #828, #869, #1180, .T. ) ;
#295 = CARTESIAN_POINT ( 'NONE',  ( -0.1318897637795275746, -0.09578120915254409451, 0.07480314960629921850 ) ) ;
#296 = ORIENTED_EDGE ( 'NONE', *, *, #363, .F. ) ;
#297 = ORIENTED_EDGE ( 'NONE', *, *, #1672, .F. ) ;
#298 = DIRECTION ( 'NONE',  ( -2.454115839351809943E-16, -1.000000000000000000, 0.0000000000000000000 ) ) ;
#299 = PLANE ( 'NONE',  #3273 ) ;
#300 = CARTESIAN_POINT ( 'NONE',  ( 0.1263219938489248129, -0.04758183636860983945, -0.1023622047244094474 ) ) ;
#301 = ORIENTED_EDGE ( 'NONE', *, *, #1690, .F. ) ;
#302 = ORIENTED_EDGE ( 'NONE', *, *, #2499, .T. ) ;
#303 = DIRECTION ( 'NONE',  ( 1.000000000000000000, 0.0000000000000000000, 0.0000000000000000000 ) ) ;
#304 = LINE ( 'NONE', #1977, #3819 ) ;
#305 = DIRECTION ( 'NONE',  ( 0.0000000000000000000, -1.000000000000000000, 0.0000000000000000000 ) ) ;
#306 = CARTESIAN_POINT ( 'NONE',  ( -0.1555118110236220763, -0.003937007874015747977, 0.04921259842519685318 ) ) ;
#307 = ADVANCED_FACE ( 'NONE', ( #860 ), #3840, .F. ) ;
#308 = ORIENTED_EDGE ( 'NONE', *, *, #604, .F. ) ;
#309 = DIRECTION ( 'NONE',  ( 0.7071067811865480168, -0.7071067811865470176, 0.0000000000000000000 ) ) ;
#310 = VERTEX_POINT ( 'NONE', #509 ) ;
#311 = CARTESIAN_POINT ( 'NONE',  ( 0.1240157480314960647, 0.03543307086614173179, 0.07480314960629921850 ) ) ;
#312 = AXIS2_PLACEMENT_3D ( 'NONE', #3382, #3040, #4192 ) ;
#313 = LINE ( 'NONE', #1429, #2376 ) ;
#314 = ORIENTED_EDGE ( 'NONE', *, *, #349, .F. ) ;
#315 = ORIENTED_EDGE ( 'NONE', *, *, #3471, .T. ) ;
#316 = VECTOR ( 'NONE', #1639, 39.37007874015748143 ) ;
#317 = PLANE ( 'NONE',  #559 ) ;
#318 = CARTESIAN_POINT ( 'NONE',  ( -0.1240157480314960647, 0.02755905511811023584, -0.1023622047244094474 ) ) ;
#319 = VECTOR ( 'NONE', #776, 39.37007874015748143 ) ;
#320 = VECTOR ( 'NONE', #2009, 39.37007874015748143 ) ;
#321 = VERTEX_POINT ( 'NONE', #2830 ) ;
#322 = LINE ( 'NONE', #1010, #1519 ) ;
#323 = AXIS2_PLACEMENT_3D ( 'NONE', #3434, #2776, #1120 ) ;
#324 = DIRECTION ( 'NONE',  ( 0.0000000000000000000, 0.0000000000000000000, 1.000000000000000000 ) ) ;
#325 = CARTESIAN_POINT ( 'NONE',  ( 0.1532055652061933004, -0.07446540772587834089, 0.07480314960629921850 ) ) ;
#326 = CARTESIAN_POINT ( 'NONE',  ( 0.1318897637795275746, -0.1224523058384645591, 0.07480314960629921850 ) ) ;
#327 = LINE ( 'NONE', #1683, #1482 ) ;
#328 = AXIS2_PLACEMENT_3D ( 'NONE', #1589, #1566, #2902 ) ;
#329 = VERTEX_POINT ( 'NONE', #837 ) ;
#330 = CARTESIAN_POINT ( 'NONE',  ( -0.08858267716535432601, 0.1496062992125984370, -0.06496062992125983815 ) ) ;
#331 = FACE_OUTER_BOUND ( 'NONE', #1059, .T. ) ;
#332 = DIRECTION ( 'NONE',  ( 0.0000000000000000000, 0.0000000000000000000, 1.000000000000000000 ) ) ;
#333 = DIRECTION ( 'NONE',  ( -1.000000000000000000, 0.0000000000000000000, 0.0000000000000000000 ) ) ;
#334 = EDGE_CURVE ( 'NONE', #1802, #2548, #1156, .T. ) ;
#335 = ADVANCED_FACE ( 'NONE', ( #2182 ), #175, .F. ) ;
#336 = EDGE_LOOP ( 'NONE', ( #3105, #962, #1274, #2986 ) ) ;
#337 = VECTOR ( 'NONE', #3816, 39.37007874015748143 ) ;
#338 = LINE ( 'NONE', #1650, #320 ) ;
#339 = ADVANCED_FACE ( 'NONE', ( #3495 ), #2854, .F. ) ;
#340 = VECTOR ( 'NONE', #1328, 39.37007874015748143 ) ;
#341 = DIRECTION ( 'NONE',  ( 0.0000000000000000000, 0.0000000000000000000, 1.000000000000000000 ) ) ;
#342 = ORIENTED_EDGE ( 'NONE', *, *, #2174, .F. ) ;
#343 = ADVANCED_FACE ( 'NONE', ( #788 ), #2200, .F. ) ;
#344 = VECTOR ( 'NONE', #352, 39.37007874015748143 ) ;
#345 = DIRECTION ( 'NONE',  ( -1.000000000000000000, -4.063888932435259910E-16, 0.0000000000000000000 ) ) ;
#346 = DIRECTION ( 'NONE',  ( -1.000000000000000000, 0.0000000000000000000, 0.0000000000000000000 ) ) ;
#347 = VECTOR ( 'NONE', #2020, 39.37007874015748143 ) ;
#348 = VERTEX_POINT ( 'NONE', #884 ) ;
#349 = EDGE_CURVE ( 'NONE', #1649, #4082, #3180, .T. ) ;
#350 = DIRECTION ( 'NONE',  ( -1.000000000000000000, 0.0000000000000000000, 0.0000000000000000000 ) ) ;
#351 = VECTOR ( 'NONE', #1420, 39.37007874015748143 ) ;
#352 = DIRECTION ( 'NONE',  ( 0.0000000000000000000, 0.0000000000000000000, 1.000000000000000000 ) ) ;
#353 = LINE ( 'NONE', #3765, #1883 ) ;
#354 = DIRECTION ( 'NONE',  ( 0.0000000000000000000, 0.0000000000000000000, 1.000000000000000000 ) ) ;
#355 = FACE_OUTER_BOUND ( 'NONE', #649, .T. ) ;
#356 = ORIENTED_EDGE ( 'NONE', *, *, #2646, .F. ) ;
#357 = DIRECTION ( 'NONE',  ( 0.0000000000000000000, 0.0000000000000000000, 1.000000000000000000 ) ) ;
#358 = DIRECTION ( 'NONE',  ( 1.000000000000000000, 0.0000000000000000000, 0.0000000000000000000 ) ) ;
#359 = CYLINDRICAL_SURFACE ( 'NONE', #1888, 0.005905511811023620231 ) ;
#360 = EDGE_LOOP ( 'NONE', ( #2944, #2226, #2648, #2405 ) ) ;
#361 = ADVANCED_FACE ( 'NONE', ( #1510 ), #486, .F. ) ;
#362 = DIRECTION ( 'NONE',  ( -0.7071067811865469066, 0.7071067811865479058, 0.0000000000000000000 ) ) ;
#363 = EDGE_CURVE ( 'NONE', #88, #3915, #3228, .T. ) ;
#364 = EDGE_CURVE ( 'NONE', #3898, #2111, #3538, .T. ) ;
#365 = ORIENTED_EDGE ( 'NONE', *, *, #952, .T. ) ;
#366 = EDGE_LOOP ( 'NONE', ( #2055, #3672, #1834, #2445 ) ) ;
#367 = CARTESIAN_POINT ( 'NONE',  ( 0.1318897637795275746, -0.09578120915254409451, -0.07480314960629921850 ) ) ;
#368 = DIRECTION ( 'NONE',  ( 0.0000000000000000000, 0.0000000000000000000, -1.000000000000000000 ) ) ;
#369 = ORIENTED_EDGE ( 'NONE', *, *, #1177, .F. ) ;
#370 = CARTESIAN_POINT ( 'NONE',  ( 0.1532055652061933004, -0.07446540772587834089, 0.07480314960629921850 ) ) ;
#371 = CARTESIAN_POINT ( 'NONE',  ( -0.1318897637795275746, 0.02755905511811023584, -0.1023622047244094474 ) ) ;
#372 = ORIENTED_EDGE ( 'NONE', *, *, #2132, .T. ) ;
#373 = DIRECTION ( 'NONE',  ( 0.7071067811865469066, -0.7071067811865479058, 0.0000000000000000000 ) ) ;
#374 = DIRECTION ( 'NONE',  ( -1.000000000000000000, 0.0000000000000000000, 0.0000000000000000000 ) ) ;
#375 = FACE_OUTER_BOUND ( 'NONE', #3499, .T. ) ;
#376 = LINE ( 'NONE', #3467, #3135 ) ;
#377 = ORIENTED_EDGE ( 'NONE', *, *, #3212, .T. ) ;
#378 = CARTESIAN_POINT ( 'NONE',  ( 0.1318897637795275746, -0.04201406643800709162, 0.1023622047244094474 ) ) ;
#379 = DIRECTION ( 'NONE',  ( 1.000000000000000000, 0.0000000000000000000, 0.0000000000000000000 ) ) ;
#380 = CYLINDRICAL_SURFACE ( 'NONE', #180, 0.02362204724409448092 ) ;
#381 = CARTESIAN_POINT ( 'NONE',  ( 0.1318897637795275746, 0.02755905511811023584, -0.1023622047244094474 ) ) ;
#382 = AXIS2_PLACEMENT_3D ( 'NONE', #2540, #199, #4200 ) ;
#383 = EDGE_CURVE ( 'NONE', #4273, #3865, #3161, .T. ) ;
#384 = ADVANCED_FACE ( 'NONE', ( #4177 ), #3568, .T. ) ;
#385 = EDGE_LOOP ( 'NONE', ( #1514, #372, #809, #1960 ) ) ;
#386 = VECTOR ( 'NONE', #3291, 39.37007874015748143 ) ;
#387 = ORIENTED_EDGE ( 'NONE', *, *, #1094, .T. ) ;
#388 = DIRECTION ( 'NONE',  ( -0.7071067811865479058, -0.7071067811865469066, 0.0000000000000000000 ) ) ;
#389 = EDGE_CURVE ( 'NONE', #660, #3181, #1316, .T. ) ;
#390 = CARTESIAN_POINT ( 'NONE',  ( 0.08858267716535432601, 0.1496062992125984370, -0.08858267716535432601 ) ) ;
#391 = VECTOR ( 'NONE', #2310, 39.37007874015748143 ) ;
#392 = DIRECTION ( 'NONE',  ( 1.000000000000000000, 0.0000000000000000000, 0.0000000000000000000 ) ) ;
#393 = ORIENTED_EDGE ( 'NONE', *, *, #3146, .F. ) ;
#394 = LINE ( 'NONE', #8, #4043 ) ;
#395 = VECTOR ( 'NONE', #805, 39.37007874015748143 ) ;
#396 = ADVANCED_FACE ( 'NONE', ( #2793 ), #4135, .F. ) ;
#397 =( CONVERSION_BASED_UNIT ( 'INCH', #4050 ) LENGTH_UNIT ( ) NAMED_UNIT ( #2260 ) );
#398 = CARTESIAN_POINT ( 'NONE',  ( 0.1181102362204724532, 0.1299212598425196763, -0.1122047244094488277 ) ) ;
#399 = VECTOR ( 'NONE', #1232, 39.37007874015748143 ) ;
#400 = CARTESIAN_POINT ( 'NONE',  ( 0.1318897637795275746, -0.04201406643800709162, 0.1023622047244094474 ) ) ;
#401 = ORIENTED_EDGE ( 'NONE', *, *, #2050, .T. ) ;
#402 = LINE ( 'NONE', #89, #2977 ) ;
#403 = ORIENTED_EDGE ( 'NONE', *, *, #2903, .F. ) ;
#404 = MECHANICAL_DESIGN_GEOMETRIC_PRESENTATION_REPRESENTATION (  '', ( #3698 ), #2849 ) ;
#405 = DIRECTION ( 'NONE',  ( 0.0000000000000000000, 0.0000000000000000000, 1.000000000000000000 ) ) ;
#406 = AXIS2_PLACEMENT_3D ( 'NONE', #2305, #1286, #2566 ) ;
#407 = CARTESIAN_POINT ( 'NONE',  ( -0.1318897637795275746, -0.1377952755905511861, 0.1023622047244094474 ) ) ;
#408 = AXIS2_PLACEMENT_3D ( 'NONE', #1464, #1089, #2404 ) ;
#409 = CIRCLE ( 'NONE', #1050, 0.007874015748031499423 ) ;
#410 = EDGE_LOOP ( 'NONE', ( #4248, #140, #4092, #2300 ) ) ;
#411 = LINE ( 'NONE', #2044, #3969 ) ;
#412 = EDGE_CURVE ( 'NONE', #2702, #4167, #1340, .T. ) ;
#413 = CARTESIAN_POINT ( 'NONE',  ( 0.0000000000000000000, 0.1377952755905511861, 0.0000000000000000000 ) ) ;
#414 = DIRECTION ( 'NONE',  ( -0.7071067811865470176, 0.7071067811865480168, 0.0000000000000000000 ) ) ;
#415 = ORIENTED_EDGE ( 'NONE', *, *, #3111, .F. ) ;
#416 = EDGE_CURVE ( 'NONE', #2193, #3128, #2663, .T. ) ;
#417 = MANIFOLD_SOLID_BREP ( 'Imported3', #4112 ) ;
#418 = DIRECTION ( 'NONE',  ( 1.000000000000000000, 0.0000000000000000000, 0.0000000000000000000 ) ) ;
#419 = AXIS2_PLACEMENT_3D ( 'NONE', #3361, #3037, #2680 ) ;
#420 = DIRECTION ( 'NONE',  ( 0.0000000000000000000, 0.0000000000000000000, 1.000000000000000000 ) ) ;
#421 = SURFACE_SIDE_STYLE ('',( #2113 ) ) ;
#422 = PLANE ( 'NONE',  #2789 ) ;
#423 = ORIENTED_EDGE ( 'NONE', *, *, #935, .F. ) ;
#424 = PRESENTATION_STYLE_ASSIGNMENT (( #3046 ) ) ;
#425 = ORIENTED_EDGE ( 'NONE', *, *, #1691, .T. ) ;
#426 = CARTESIAN_POINT ( 'NONE',  ( -0.1181102362204724532, 0.02755905511811023584, -0.1023622047244094474 ) ) ;
#427 = EDGE_CURVE ( 'NONE', #1858, #1202, #3041, .T. ) ;
#428 = FACE_OUTER_BOUND ( 'NONE', #1395, .T. ) ;
#429 = VERTEX_POINT ( 'NONE', #1768 ) ;
#430 = DIRECTION ( 'NONE',  ( 1.000000000000000000, 0.0000000000000000000, 0.0000000000000000000 ) ) ;
#431 = DIRECTION ( 'NONE',  ( -1.000000000000000000, 0.0000000000000000000, 0.0000000000000000000 ) ) ;
#432 = CARTESIAN_POINT ( 'NONE',  ( 0.1240157480314960647, -0.09578120915254409451, 0.07480314960629921850 ) ) ;
#433 = DIRECTION ( 'NONE',  ( 0.0000000000000000000, 0.0000000000000000000, 1.000000000000000000 ) ) ;
#434 = CYLINDRICAL_SURFACE ( 'NONE', #3297, 0.007874015748031466463 ) ;
#435 = ORIENTED_EDGE ( 'NONE', *, *, #3031, .F. ) ;
#436 = VERTEX_POINT ( 'NONE', #1111 ) ;
#437 = CARTESIAN_POINT ( 'NONE',  ( -0.1181102362204724532, 0.0000000000000000000, 0.1122047244094488277 ) ) ;
#438 = EDGE_CURVE ( 'NONE', #1580, #4209, #9, .T. ) ;
#439 = DIRECTION ( 'NONE',  ( 0.0000000000000000000, 1.000000000000000000, 0.0000000000000000000 ) ) ;
#440 = ORIENTED_EDGE ( 'NONE', *, *, #4117, .T. ) ;
#441 = ADVANCED_FACE ( 'NONE', ( #331 ), #3691, .F. ) ;
#442 = CARTESIAN_POINT ( 'NONE',  ( 0.08858267716535432601, 0.1496062992125984370, -0.08858267716535432601 ) ) ;
#443 = VERTEX_POINT ( 'NONE', #2704 ) ;
#444 = PLANE ( 'NONE',  #2658 ) ;
#445 = VERTEX_POINT ( 'NONE', #704 ) ;
#446 = CARTESIAN_POINT ( 'NONE',  ( -0.08858267716535432601, 0.1299212598425196763, 0.06496062992125983815 ) ) ;
#447 =( CONVERSION_BASED_UNIT ( 'INCH', #1212 ) LENGTH_UNIT ( ) NAMED_UNIT ( #1925 ) );
#448 = CARTESIAN_POINT ( 'NONE',  ( 0.1181102362204724532, 0.1377952755905511861, -0.1122047244094488277 ) ) ;
#449 = CYLINDRICAL_SURFACE ( 'NONE', #1044, 0.007874015748031499423 ) ;
#450 = LINE ( 'NONE', #2507, #1352 ) ;
#451 = EDGE_LOOP ( 'NONE', ( #59, #899, #3973, #4222 ) ) ;
#452 = ORIENTED_EDGE ( 'NONE', *, *, #867, .F. ) ;
#453 = SURFACE_STYLE_USAGE ( .BOTH. , #2179 ) ;
#454 = VECTOR ( 'NONE', #2081, 39.37007874015748854 ) ;
#455 = DIRECTION ( 'NONE',  ( 1.000000000000000000, 0.0000000000000000000, 0.0000000000000000000 ) ) ;
#456 = DIRECTION ( 'NONE',  ( 0.0000000000000000000, 0.0000000000000000000, -1.000000000000000000 ) ) ;
#457 = CARTESIAN_POINT ( 'NONE',  ( -0.1263219938489248129, -0.09021343922194134668, -0.1023622047244094474 ) ) ;
#458 = VECTOR ( 'NONE', #1310, 39.37007874015748143 ) ;
#459 = VERTEX_POINT ( 'NONE', #4047 ) ;
#460 = CARTESIAN_POINT ( 'NONE',  ( -0.1318897637795275746, -0.09578120915254409451, 0.1023622047244094474 ) ) ;
#461 = EDGE_CURVE ( 'NONE', #869, #4054, #169, .T. ) ;
#462 = EDGE_CURVE ( 'NONE', #1202, #1858, #3325, .T. ) ;
#463 = VECTOR ( 'NONE', #3388, 39.37007874015748143 ) ;
#464 = LINE ( 'NONE', #426, #3570 ) ;
#465 = MECHANICAL_DESIGN_GEOMETRIC_PRESENTATION_REPRESENTATION (  '', ( #3195 ), #49 ) ;
#466 = DIRECTION ( 'NONE',  ( 0.0000000000000000000, 0.0000000000000000000, 1.000000000000000000 ) ) ;
#467 = UNCERTAINTY_MEASURE_WITH_UNIT (LENGTH_MEASURE( 1.000000000000000082E-05 ), #3064, 'distance_accuracy_value', 'NONE');
#468 = CARTESIAN_POINT ( 'NONE',  ( -0.1318897637795275746, -0.09578120915254409451, -0.07480314960629921850 ) ) ;
#469 = VECTOR ( 'NONE', #1378, 39.37007874015748143 ) ;
#470 = EDGE_CURVE ( 'NONE', #2746, #3026, #1217, .T. ) ;
#471 = ORIENTED_EDGE ( 'NONE', *, *, #2410, .T. ) ;
#472 = AXIS2_PLACEMENT_3D ( 'NONE', #1729, #1710, #1985 ) ;
#473 = LINE ( 'NONE', #3851, #4110 ) ;
#474 = DIRECTION ( 'NONE',  ( 1.000000000000000000, 0.0000000000000000000, 0.0000000000000000000 ) ) ;
#475 = DIRECTION ( 'NONE',  ( 0.0000000000000000000, -1.000000000000000000, 0.0000000000000000000 ) ) ;
#476 = LINE ( 'NONE', #1133, #4074 ) ;
#477 = ORIENTED_EDGE ( 'NONE', *, *, #2251, .T. ) ;
#478 = VERTEX_POINT ( 'NONE', #1504 ) ;
#479 = LENGTH_MEASURE_WITH_UNIT ( LENGTH_MEASURE( 0.02539999999999999897 ), #190 );
#480 = CARTESIAN_POINT ( 'NONE',  ( 0.1181102362204724532, 0.02755905511811023584, 0.1023622047244094474 ) ) ;
#481 = DIRECTION ( 'NONE',  ( 0.0000000000000000000, 1.000000000000000000, 0.0000000000000000000 ) ) ;
#482 = FACE_OUTER_BOUND ( 'NONE', #639, .T. ) ;
#483 = CARTESIAN_POINT ( 'NONE',  ( -0.08858267716535432601, 0.1299212598425196763, 0.1122047244094488139 ) ) ;
#484 = VECTOR ( 'NONE', #1433, 39.37007874015748143 ) ;
#485 = VERTEX_POINT ( 'NONE', #783 ) ;
#486 = PLANE ( 'NONE',  #382 ) ;
#487 = DIRECTION ( 'NONE',  ( -1.000000000000000000, 0.0000000000000000000, 0.0000000000000000000 ) ) ;
#488 = EDGE_CURVE ( 'NONE', #1637, #3458, #1483, .T. ) ;
#489 = EDGE_LOOP ( 'NONE', ( #2175, #863, #2262, #1986 ) ) ;
#490 = DIRECTION ( 'NONE',  ( 0.0000000000000000000, 1.000000000000000000, 0.0000000000000000000 ) ) ;
#491 = DIRECTION ( 'NONE',  ( -0.0000000000000000000, 1.000000000000000000, 0.0000000000000000000 ) ) ;
#492 = ADVANCED_FACE ( 'NONE', ( #2196 ), #2428, .T. ) ;
#493 = ORIENTED_EDGE ( 'NONE', *, *, #3810, .F. ) ;
#494 = FACE_OUTER_BOUND ( 'NONE', #1442, .T. ) ;
#495 = SURFACE_SIDE_STYLE ('',( #3483 ) ) ;
#496 = LINE ( 'NONE', #2144, #1131 ) ;
#497 = EDGE_CURVE ( 'NONE', #4329, #216, #1162, .T. ) ;
#498 = EDGE_CURVE ( 'NONE', #348, #2038, #3110, .T. ) ;
#499 = CARTESIAN_POINT ( 'NONE',  ( 0.1318897637795275746, 0.02755905511811023584, -0.1023622047244094474 ) ) ;
#500 = LINE ( 'NONE', #3827, #351 ) ;
#501 = ORIENTED_EDGE ( 'NONE', *, *, #3233, .F. ) ;
#502 = ORIENTED_EDGE ( 'NONE', *, *, #349, .T. ) ;
#503 = EDGE_LOOP ( 'NONE', ( #3983, #2535, #4134, #519 ) ) ;
#504 = CARTESIAN_POINT ( 'NONE',  ( -0.1555118110236220763, -0.1377952755905511861, -0.08366141732283464971 ) ) ;
#505 = DIRECTION ( 'NONE',  ( 0.0000000000000000000, 0.0000000000000000000, 1.000000000000000000 ) ) ;
#506 = CARTESIAN_POINT ( 'NONE',  ( -0.1318897637795275746, -0.04201406643800709162, -0.1023622047244094474 ) ) ;
#507 = FACE_OUTER_BOUND ( 'NONE', #2607, .T. ) ;
#508 = ORIENTED_EDGE ( 'NONE', *, *, #1318, .T. ) ;
#509 = CARTESIAN_POINT ( 'NONE',  ( -0.1240157480314960647, -0.1224523058384645591, -0.07480314960629921850 ) ) ;
#510 = ORIENTED_EDGE ( 'NONE', *, *, #2904, .F. ) ;
#511 = VERTEX_POINT ( 'NONE', #437 ) ;
#512 = FACE_OUTER_BOUND ( 'NONE', #385, .T. ) ;
#513 = ORIENTED_EDGE ( 'NONE', *, *, #86, .T. ) ;
#514 = FACE_OUTER_BOUND ( 'NONE', #165, .T. ) ;
#515 = EDGE_CURVE ( 'NONE', #1226, #2610, #128, .T. ) ;
#516 = EDGE_CURVE ( 'NONE', #3929, #445, #2486, .T. ) ;
#517 = CARTESIAN_POINT ( 'NONE',  ( 0.1240157480314960647, 0.02755905511811023584, -0.1023622047244094474 ) ) ;
#518 =( NAMED_UNIT ( * ) SI_UNIT ( $, .STERADIAN. ) SOLID_ANGLE_UNIT ( ) );
#519 = ORIENTED_EDGE ( 'NONE', *, *, #1959, .F. ) ;
#520 = ORIENTED_EDGE ( 'NONE', *, *, #3899, .F. ) ;
#521 = ORIENTED_EDGE ( 'NONE', *, *, #1005, .T. ) ;
#522 = EDGE_CURVE ( 'NONE', #4278, #4310, #1795, .T. ) ;
#523 = CARTESIAN_POINT ( 'NONE',  ( -0.1476377952755905387, -0.06889763779527559306, 0.1023622047244094474 ) ) ;
#524 = PRESENTATION_LAYER_ASSIGNMENT (  '', '', ( #4313 ) ) ;
#525 = CARTESIAN_POINT ( 'NONE',  ( 0.1263219938489248129, -0.09021343922194134668, 0.07480314960629921850 ) ) ;
#526 = DIRECTION ( 'NONE',  ( 0.0000000000000000000, -1.000000000000000000, 0.0000000000000000000 ) ) ;
#527 = EDGE_LOOP ( 'NONE', ( #4063, #1487 ) ) ;
#528 = EDGE_CURVE ( 'NONE', #931, #445, #2901, .T. ) ;
#529 = AXIS2_PLACEMENT_3D ( 'NONE', #1315, #3981, #970 ) ;
#530 = DIRECTION ( 'NONE',  ( 0.0000000000000000000, 1.000000000000000000, 0.0000000000000000000 ) ) ;
#531 = EDGE_LOOP ( 'NONE', ( #3518, #4059, #3397, #4033 ) ) ;
#532 = VECTOR ( 'NONE', #3167, 39.37007874015748143 ) ;
#533 = VECTOR ( 'NONE', #3985, 39.37007874015748143 ) ;
#534 = ORIENTED_EDGE ( 'NONE', *, *, #3115, .T. ) ;
#535 = ORIENTED_EDGE ( 'NONE', *, *, #3450, .F. ) ;
#536 = VECTOR ( 'NONE', #2143, 39.37007874015748143 ) ;
#537 = DIRECTION ( 'NONE',  ( 0.0000000000000000000, -1.000000000000000000, 0.0000000000000000000 ) ) ;
#538 = CARTESIAN_POINT ( 'NONE',  ( -0.1181102362204724532, 0.03543307086614173179, -0.1023622047244094474 ) ) ;
#539 = COLOUR_RGB ( '',0.2980392156862745057, 0.2980392156862745057, 0.2980392156862745057 ) ;
#540 = ORIENTED_EDGE ( 'NONE', *, *, #2730, .T. ) ;
#541 = DIRECTION ( 'NONE',  ( 0.0000000000000000000, 1.000000000000000000, 0.0000000000000000000 ) ) ;
#542 = AXIS2_PLACEMENT_3D ( 'NONE', #1966, #2604, #1296 ) ;
#543 =( LENGTH_UNIT ( ) NAMED_UNIT ( * ) SI_UNIT ( $, .METRE. ) );
#544 = CARTESIAN_POINT ( 'NONE',  ( -0.1318897637795275746, -0.1143824042423135789, 0.07014398974742774850 ) ) ;
#545 = EDGE_LOOP ( 'NONE', ( #2832, #1480 ) ) ;
#546 = ORIENTED_EDGE ( 'NONE', *, *, #1840, .F. ) ;
#547 = EDGE_CURVE ( 'NONE', #1726, #2285, #264, .T. ) ;
#548 = ORIENTED_EDGE ( 'NONE', *, *, #2050, .F. ) ;
#549 = LINE ( 'NONE', #901, #3044 ) ;
#550 = CARTESIAN_POINT ( 'NONE',  ( 0.1263219938489248129, -0.04758183636860983945, 0.07480314960629921850 ) ) ;
#551 = DIRECTION ( 'NONE',  ( 0.0000000000000000000, -1.000000000000000000, 0.0000000000000000000 ) ) ;
#552 = AXIS2_PLACEMENT_3D ( 'NONE', #1839, #3165, #3502 ) ;
#553 = ORIENTED_EDGE ( 'NONE', *, *, #3716, .T. ) ;
#554 = CARTESIAN_POINT ( 'NONE',  ( -0.08858267716535432601, 0.1299212598425196763, -0.08858267716535432601 ) ) ;
#555 = CIRCLE ( 'NONE', #1628, 0.005905511811023620231 ) ;
#556 = CARTESIAN_POINT ( 'NONE',  ( 0.1318897637795275746, -0.09578120915254409451, 0.1023622047244094474 ) ) ;
#557 = ORIENTED_EDGE ( 'NONE', *, *, #1263, .F. ) ;
#558 = ADVANCED_FACE ( 'NONE', ( #3952 ), #4284, .F. ) ;
#559 = AXIS2_PLACEMENT_3D ( 'NONE', #2989, #1075, #1758 ) ;
#560 = EDGE_LOOP ( 'NONE', ( #2617, #1206, #365, #4097 ) ) ;
#561 = EDGE_LOOP ( 'NONE', ( #3229, #501, #1354, #625 ) ) ;
#562 = DIRECTION ( 'NONE',  ( 0.0000000000000000000, 1.000000000000000000, 0.0000000000000000000 ) ) ;
#563 = ADVANCED_FACE ( 'NONE', ( #4263 ), #4236, .T. ) ;
#564 = ORIENTED_EDGE ( 'NONE', *, *, #1581, .T. ) ;
#565 = DIRECTION ( 'NONE',  ( 0.0000000000000000000, 0.0000000000000000000, 1.000000000000000000 ) ) ;
#566 = CARTESIAN_POINT ( 'NONE',  ( 0.1181102362204724532, 0.03543307086614173179, -0.1023622047244094474 ) ) ;
#567 = DIRECTION ( 'NONE',  ( 0.0000000000000000000, 0.0000000000000000000, -1.000000000000000000 ) ) ;
#568 = DIRECTION ( 'NONE',  ( -0.7071067811865469066, 0.7071067811865479058, 0.0000000000000000000 ) ) ;
#569 = EDGE_LOOP ( 'NONE', ( #4122, #3376, #2563, #1854, #2613, #236, #3032, #1137 ) ) ;
#570 = ORIENTED_EDGE ( 'NONE', *, *, #1007, .F. ) ;
#571 = CARTESIAN_POINT ( 'NONE',  ( 0.1181102362204724532, 0.03543307086614173179, -0.1023622047244094474 ) ) ;
#572 = DIRECTION ( 'NONE',  ( 0.0000000000000000000, 0.0000000000000000000, -1.000000000000000000 ) ) ;
#573 = DIRECTION ( 'NONE',  ( 0.0000000000000000000, 0.0000000000000000000, -1.000000000000000000 ) ) ;
#574 = LINE ( 'NONE', #3807, #1958 ) ;
#575 = ORIENTED_EDGE ( 'NONE', *, *, #4306, .T. ) ;
#576 = CARTESIAN_POINT ( 'NONE',  ( 0.08858267716535432601, 0.1377952755905511861, -0.08858267716535432601 ) ) ;
#577 = DIRECTION ( 'NONE',  ( -1.000000000000000000, 0.0000000000000000000, 0.0000000000000000000 ) ) ;
#578 = ORIENTED_EDGE ( 'NONE', *, *, #1910, .F. ) ;
#579 = EDGE_CURVE ( 'NONE', #1860, #3625, #1963, .T. ) ;
#580 = DIRECTION ( 'NONE',  ( 0.0000000000000000000, 0.0000000000000000000, 1.000000000000000000 ) ) ;
#581 = ORIENTED_EDGE ( 'NONE', *, *, #1045, .F. ) ;
#582 = DIRECTION ( 'NONE',  ( 0.0000000000000000000, 0.0000000000000000000, 1.000000000000000000 ) ) ;
#583 = EDGE_CURVE ( 'NONE', #227, #931, #2268, .T. ) ;
#584 = DIRECTION ( 'NONE',  ( -1.000000000000000000, 0.0000000000000000000, 0.0000000000000000000 ) ) ;
#585 = SURFACE_STYLE_USAGE ( .BOTH. , #1228 ) ;
#586 = ORIENTED_EDGE ( 'NONE', *, *, #2001, .F. ) ;
#587 = FACE_OUTER_BOUND ( 'NONE', #1380, .T. ) ;
#588 = LINE ( 'NONE', #3946, #3552 ) ;
#589 = DIRECTION ( 'NONE',  ( 0.0000000000000000000, 0.0000000000000000000, 1.000000000000000000 ) ) ;
#590 = DIRECTION ( 'NONE',  ( 0.0000000000000000000, -1.000000000000000000, 0.0000000000000000000 ) ) ;
#591 = ORIENTED_EDGE ( 'NONE', *, *, #1646, .F. ) ;
#592 = ORIENTED_EDGE ( 'NONE', *, *, #3794, .T. ) ;
#593 = LINE ( 'NONE', #571, #2834 ) ;
#594 = CARTESIAN_POINT ( 'NONE',  ( 0.0000000000000000000, 0.1299212598425196763, 0.06889763779527559306 ) ) ;
#595 = FILL_AREA_STYLE_COLOUR ( '', #539 ) ;
#596 = CARTESIAN_POINT ( 'NONE',  ( 0.1318897637795275746, -0.09578120915254409451, 0.07480314960629921850 ) ) ;
#597 = ORIENTED_EDGE ( 'NONE', *, *, #4317, .F. ) ;
#598 = PLANE ( 'NONE',  #1866 ) ;
#599 = DIMENSIONAL_EXPONENTS ( 1.000000000000000000, 0.0000000000000000000, 0.0000000000000000000, 0.0000000000000000000, 0.0000000000000000000, 0.0000000000000000000, 0.0000000000000000000 ) ;
#600 = ORIENTED_EDGE ( 'NONE', *, *, #1358, .F. ) ;
#601 = VECTOR ( 'NONE', #2521, 39.37007874015748143 ) ;
#602 = ORIENTED_EDGE ( 'NONE', *, *, #2431, .F. ) ;
#603 = CARTESIAN_POINT ( 'NONE',  ( -0.1240157480314960647, -0.04201406643800709162, -0.07480314960629921850 ) ) ;
#604 = EDGE_CURVE ( 'NONE', #3274, #2181, #875, .T. ) ;
#605 = VECTOR ( 'NONE', #303, 39.37007874015748143 ) ;
#606 = AXIS2_PLACEMENT_3D ( 'NONE', #3222, #3267, #3902 ) ;
#607 = EDGE_LOOP ( 'NONE', ( #3944, #3555, #2791, #540 ) ) ;
#608 = AXIS2_PLACEMENT_3D ( 'NONE', #3164, #1511, #4178 ) ;
#609 = DIRECTION ( 'NONE',  ( -3.519431053647356462E-16, -0.8660254037844389297, -0.4999999999999994449 ) ) ;
#610 = CARTESIAN_POINT ( 'NONE',  ( -0.1240157480314960647, 0.02755905511811023584, 0.07480314960629921850 ) ) ;
#611 = VECTOR ( 'NONE', #1112, 39.37007874015748143 ) ;
#612 = PLANE ( 'NONE',  #406 ) ;
#613 = EDGE_CURVE ( 'NONE', #321, #3576, #2953, .T. ) ;
#614 = VERTEX_POINT ( 'NONE', #4302 ) ;
#615 = ORIENTED_EDGE ( 'NONE', *, *, #936, .F. ) ;
#616 = VECTOR ( 'NONE', #1825, 39.37007874015748143 ) ;
#617 = DIRECTION ( 'NONE',  ( 1.000000000000000000, 0.0000000000000000000, 0.0000000000000000000 ) ) ;
#618 = CARTESIAN_POINT ( 'NONE',  ( 0.0000000000000000000, 0.1299212598425196763, 0.0000000000000000000 ) ) ;
#619 = CYLINDRICAL_SURFACE ( 'NONE', #3843, 0.005905511811023620231 ) ;
#620 = EDGE_CURVE ( 'NONE', #4099, #2635, #2309, .T. ) ;
#621 = VECTOR ( 'NONE', #107, 39.37007874015748143 ) ;
#622 = ORIENTED_EDGE ( 'NONE', *, *, #1672, .T. ) ;
#623 = CIRCLE ( 'NONE', #2652, 0.007874015748031499423 ) ;
#624 = AXIS2_PLACEMENT_3D ( 'NONE', #3755, #4159, #92 ) ;
#625 = ORIENTED_EDGE ( 'NONE', *, *, #1766, .T. ) ;
#626 = DIRECTION ( 'NONE',  ( 0.0000000000000000000, 0.0000000000000000000, 1.000000000000000000 ) ) ;
#627 = AXIS2_PLACEMENT_3D ( 'NONE', #1681, #3312, #2995 ) ;
#628 = VECTOR ( 'NONE', #3323, 39.37007874015748143 ) ;
#629 = VERTEX_POINT ( 'NONE', #1332 ) ;
#630 = DIRECTION ( 'NONE',  ( -0.7071067811865470176, 0.7071067811865480168, 0.0000000000000000000 ) ) ;
#631 = DIRECTION ( 'NONE',  ( 0.0000000000000000000, 0.0000000000000000000, 1.000000000000000000 ) ) ;
#632 = CIRCLE ( 'NONE', #66, 0.003937007874015749712 ) ;
#633 = EDGE_CURVE ( 'NONE', #1827, #1860, #3901, .T. ) ;
#634 = ORIENTED_EDGE ( 'NONE', *, *, #714, .T. ) ;
#635 = CARTESIAN_POINT ( 'NONE',  ( -0.1318897637795275746, -0.1224523058384645591, 0.1023622047244094474 ) ) ;
#636 = LINE ( 'NONE', #2245, #1872 ) ;
#637 = CARTESIAN_POINT ( 'NONE',  ( 0.0000000000000000000, 0.6259842519685040463, 0.04763532873913756127 ) ) ;
#638 = DIRECTION ( 'NONE',  ( 1.000000000000000000, 0.0000000000000000000, 0.0000000000000000000 ) ) ;
#639 = EDGE_LOOP ( 'NONE', ( #3592, #1064, #1070, #3412 ) ) ;
#640 = DIRECTION ( 'NONE',  ( 4.063888932435259910E-16, -1.000000000000000000, 0.0000000000000000000 ) ) ;
#641 = DIRECTION ( 'NONE',  ( -1.000000000000000000, 0.0000000000000000000, 0.0000000000000000000 ) ) ;
#642 = ORIENTED_EDGE ( 'NONE', *, *, #2778, .F. ) ;
#643 = ORIENTED_EDGE ( 'NONE', *, *, #952, .F. ) ;
#644 = CARTESIAN_POINT ( 'NONE',  ( -0.1122047244094488277, 0.1299212598425196763, -0.1122047244094488277 ) ) ;
#645 = DIRECTION ( 'NONE',  ( 3.519431053647356462E-16, 0.8660254037844389297, 0.4999999999999994449 ) ) ;
#646 = PLANE ( 'NONE',  #2533 ) ;
#647 = VERTEX_POINT ( 'NONE', #2216 ) ;
#648 = DIMENSIONAL_EXPONENTS ( 1.000000000000000000, 0.0000000000000000000, 0.0000000000000000000, 0.0000000000000000000, 0.0000000000000000000, 0.0000000000000000000, 0.0000000000000000000 ) ;
#649 = EDGE_LOOP ( 'NONE', ( #2214, #440, #740, #897 ) ) ;
#650 = EDGE_CURVE ( 'NONE', #88, #1366, #593, .T. ) ;
#651 = EDGE_CURVE ( 'NONE', #3480, #3885, #549, .T. ) ;
#652 = DIRECTION ( 'NONE',  ( -1.000000000000000000, 0.0000000000000000000, 0.0000000000000000000 ) ) ;
#653 = CARTESIAN_POINT ( 'NONE',  ( 0.1532055652061933004, -0.06332986786467284523, 0.07480314960629921850 ) ) ;
#654 = CARTESIAN_POINT ( 'NONE',  ( 0.1181102362204724532, 0.02755905511811023584, -0.1023622047244094474 ) ) ;
#655 = EDGE_CURVE ( 'NONE', #1222, #4315, #1664, .T. ) ;
#656 = ORIENTED_EDGE ( 'NONE', *, *, #462, .T. ) ;
#657 = LINE ( 'NONE', #2747, #3815 ) ;
#658 = CARTESIAN_POINT ( 'NONE',  ( 0.1318897637795275746, 0.02755905511811023584, 0.1023622047244094474 ) ) ;
#659 = EDGE_CURVE ( 'NONE', #3965, #1987, #174, .T. ) ;
#660 = VERTEX_POINT ( 'NONE', #2718 ) ;
#661 = CARTESIAN_POINT ( 'NONE',  ( -0.1181102362204724532, 0.1377952755905511861, -0.1181102362204724532 ) ) ;
#662 = AXIS2_PLACEMENT_3D ( 'NONE', #2512, #1805, #2554 ) ;
#663 = EDGE_CURVE ( 'NONE', #429, #3828, #1060, .T. ) ;
#664 = ORIENTED_EDGE ( 'NONE', *, *, #4202, .T. ) ;
#665 = ORIENTED_EDGE ( 'NONE', *, *, #2039, .F. ) ;
#666 = CIRCLE ( 'NONE', #251, 0.005905511811023620231 ) ;
#667 = CARTESIAN_POINT ( 'NONE',  ( -0.1240157480314960647, 0.03543307086614173179, 0.1023622047244094474 ) ) ;
#668 = LINE ( 'NONE', #2367, #4000 ) ;
#669 = PRESENTATION_LAYER_ASSIGNMENT (  '', '', ( #953 ) ) ;
#670 = VECTOR ( 'NONE', #1303, 39.37007874015748143 ) ;
#671 = EDGE_LOOP ( 'NONE', ( #707, #1701, #1721, #1753 ) ) ;
#672 = LINE ( 'NONE', #2372, #2358 ) ;
#673 = VECTOR ( 'NONE', #3239, 39.37007874015748143 ) ;
#674 = CARTESIAN_POINT ( 'NONE',  ( 0.1240157480314960647, -0.1024489833240242176, -0.1139111283628084642 ) ) ;
#675 = CARTESIAN_POINT ( 'NONE',  ( -0.08858267716535432601, 0.1377952755905511861, 0.08858267716535432601 ) ) ;
#676 = EDGE_CURVE ( 'NONE', #1320, #3960, #4083, .T. ) ;
#677 = PRESENTATION_LAYER_ASSIGNMENT (  '', '', ( #3698 ) ) ;
#678 = ORIENTED_EDGE ( 'NONE', *, *, #2679, .F. ) ;
#679 = CARTESIAN_POINT ( 'NONE',  ( -0.1122047244094488277, 0.0000000000000000000, -0.1122047244094488277 ) ) ;
#680 = CARTESIAN_POINT ( 'NONE',  ( 0.0000000000000000000, 0.0000000000000000000, 0.0000000000000000000 ) ) ;
#681 = CARTESIAN_POINT ( 'NONE',  ( -0.1181102362204724532, 0.0000000000000000000, -0.04921259842519685318 ) ) ;
#682 = LENGTH_MEASURE_WITH_UNIT ( LENGTH_MEASURE( 0.02539999999999999897 ), #2546 );
#683 = VECTOR ( 'NONE', #1527, 39.37007874015748143 ) ;
#684 = EDGE_CURVE ( 'NONE', #1349, #1475, #4022, .T. ) ;
#685 = EDGE_CURVE ( 'NONE', #1292, #2552, #322, .T. ) ;
#686 = ORIENTED_EDGE ( 'NONE', *, *, #997, .T. ) ;
#687 = VECTOR ( 'NONE', #2753, 39.37007874015748143 ) ;
#688 = FACE_OUTER_BOUND ( 'NONE', #1389, .T. ) ;
#689 = EDGE_CURVE ( 'NONE', #3181, #1696, #672, .T. ) ;
#690 = CIRCLE ( 'NONE', #2164, 0.005905511811023620231 ) ;
#691 = LINE ( 'NONE', #2984, #53 ) ;
#692 = EDGE_LOOP ( 'NONE', ( #946, #2242, #1962, #2213 ) ) ;
#693 = ORIENTED_EDGE ( 'NONE', *, *, #3736, .F. ) ;
#694 = VECTOR ( 'NONE', #2826, 39.37007874015748143 ) ;
#695 = CARTESIAN_POINT ( 'NONE',  ( 0.1555118110236220208, -0.06889763779527559306, -0.07480314960629921850 ) ) ;
#696 = CARTESIAN_POINT ( 'NONE',  ( 8.919671568592926781E-18, 0.1377952755905511861, -0.07283464566929134798 ) ) ;
#697 = AXIS2_PLACEMENT_3D ( 'NONE', #74, #1368, #3351 ) ;
#698 = EDGE_LOOP ( 'NONE', ( #425, #2201, #4228, #1406 ) ) ;
#699 = ORIENTED_EDGE ( 'NONE', *, *, #3400, .F. ) ;
#700 = CARTESIAN_POINT ( 'NONE',  ( -0.1181102362204724532, 0.03543307086614173179, 0.1023622047244094474 ) ) ;
#701 = DIRECTION ( 'NONE',  ( 2.454115839351809943E-16, -1.000000000000000000, 0.0000000000000000000 ) ) ;
#702 = CARTESIAN_POINT ( 'NONE',  ( 0.1240157480314960647, -0.09578120915254409451, -0.07480314960629921850 ) ) ;
#703 = DIRECTION ( 'NONE',  ( 0.0000000000000000000, -1.000000000000000000, 0.0000000000000000000 ) ) ;
#704 = CARTESIAN_POINT ( 'NONE',  ( -0.1318897637795275746, 0.02755905511811023584, 0.07480314960629921850 ) ) ;
#705 = CARTESIAN_POINT ( 'NONE',  ( 0.1240157480314960647, -0.09578120915254409451, -0.1023622047244094474 ) ) ;
#706 = CARTESIAN_POINT ( 'NONE',  ( -0.1240157480314960647, -0.1377952755905511861, -0.1023622047244094474 ) ) ;
#707 = ORIENTED_EDGE ( 'NONE', *, *, #579, .T. ) ;
#708 = ADVANCED_FACE ( 'NONE', ( #2018 ), #3356, .T. ) ;
#709 = FACE_BOUND ( 'NONE', #545, .T. ) ;
#710 = EDGE_CURVE ( 'NONE', #787, #3411, #1702, .T. ) ;
#711 = CARTESIAN_POINT ( 'NONE',  ( -0.1263219938489248129, -0.04758183636860983945, -0.1023622047244094474 ) ) ;
#712 = DIRECTION ( 'NONE',  ( 0.0000000000000000000, -1.000000000000000000, 0.0000000000000000000 ) ) ;
#713 = EDGE_LOOP ( 'NONE', ( #2543, #2962, #3306, #1523 ) ) ;
#714 = EDGE_CURVE ( 'NONE', #2024, #485, #1375, .T. ) ;
#715 = EDGE_LOOP ( 'NONE', ( #570, #2042, #1791, #1025 ) ) ;
#716 = DIRECTION ( 'NONE',  ( 1.000000000000000000, 0.0000000000000000000, 0.0000000000000000000 ) ) ;
#717 = FACE_OUTER_BOUND ( 'NONE', #2786, .T. ) ;
#718 =( NAMED_UNIT ( * ) SI_UNIT ( $, .STERADIAN. ) SOLID_ANGLE_UNIT ( ) );
#719 = DIRECTION ( 'NONE',  ( 0.0000000000000000000, 0.0000000000000000000, 1.000000000000000000 ) ) ;
#720 = DIRECTION ( 'NONE',  ( 1.445602896647339903E-16, 0.0000000000000000000, 1.000000000000000000 ) ) ;
#721 = CARTESIAN_POINT ( 'NONE',  ( 0.1263219938489248129, -0.04758183636860983945, 0.1023622047244094474 ) ) ;
#722 = VERTEX_POINT ( 'NONE', #2697 ) ;
#723 = DIRECTION ( 'NONE',  ( 0.0000000000000000000, 0.0000000000000000000, -1.000000000000000000 ) ) ;
#724 = PLANE ( 'NONE',  #2236 ) ;
#725 = LINE ( 'NONE', #1136, #820 ) ;
#726 = DIRECTION ( 'NONE',  ( 1.000000000000000000, 0.0000000000000000000, 0.0000000000000000000 ) ) ;
#727 = ORIENTED_EDGE ( 'NONE', *, *, #902, .F. ) ;
#728 = CARTESIAN_POINT ( 'NONE',  ( 0.1263219938489248129, -0.04758183636860983945, -0.1023622047244094474 ) ) ;
#729 = PLANE ( 'NONE',  #3987 ) ;
#730 = EDGE_CURVE ( 'NONE', #2948, #1109, #411, .T. ) ;
#731 = CARTESIAN_POINT ( 'NONE',  ( 0.08858267716535432601, 0.1496062992125984370, 0.08858267716535432601 ) ) ;
#732 = LINE ( 'NONE', #2740, #1478 ) ;
#733 = COLOUR_RGB ( '',0.7921568627450980005, 0.8196078431372548767, 0.9294117647058823817 ) ;
#734 = AXIS2_PLACEMENT_3D ( 'NONE', #3242, #1621, #1939 ) ;
#735 = ORIENTED_EDGE ( 'NONE', *, *, #651, .F. ) ;
#736 = CARTESIAN_POINT ( 'NONE',  ( 0.1181102362204724532, 0.0000000000000000000, 0.04921259842519685318 ) ) ;
#737 = CIRCLE ( 'NONE', #108, 0.005905511811023620231 ) ;
#738 = CARTESIAN_POINT ( 'NONE',  ( 0.1476377952755905387, -0.06889763779527559306, -0.1023622047244094474 ) ) ;
#739 = CARTESIAN_POINT ( 'NONE',  ( 0.08858267716535432601, 0.1377952755905511861, 0.1122047244094488139 ) ) ;
#740 = ORIENTED_EDGE ( 'NONE', *, *, #3006, .F. ) ;
#741 = LINE ( 'NONE', #330, #3330 ) ;
#742 = VECTOR ( 'NONE', #2691, 39.37007874015748854 ) ;
#743 = ADVANCED_FACE ( 'NONE', ( #3377 ), #77, .F. ) ;
#744 = LINE ( 'NONE', #1898, #2733 ) ;
#745 = AXIS2_PLACEMENT_3D ( 'NONE', #2270, #3328, #324 ) ;
#746 = LINE ( 'NONE', #1069, #4334 ) ;
#747 = ORIENTED_EDGE ( 'NONE', *, *, #2758, .T. ) ;
#748 = AXIS2_PLACEMENT_3D ( 'NONE', #3313, #2939, #4003 ) ;
#749 = DIRECTION ( 'NONE',  ( 0.0000000000000000000, 0.0000000000000000000, -1.000000000000000000 ) ) ;
#750 = CIRCLE ( 'NONE', #3491, 0.02362204724409448092 ) ;
#751 = ORIENTED_EDGE ( 'NONE', *, *, #3763, .F. ) ;
#752 = DIRECTION ( 'NONE',  ( 0.0000000000000000000, 1.000000000000000000, 0.0000000000000000000 ) ) ;
#753 = LINE ( 'NONE', #4207, #2654 ) ;
#754 = VECTOR ( 'NONE', #1538, 39.37007874015748854 ) ;
#755 = VECTOR ( 'NONE', #3640, 39.37007874015748143 ) ;
#756 = ORIENTED_EDGE ( 'NONE', *, *, #1376, .T. ) ;
#757 = DIRECTION ( 'NONE',  ( 0.0000000000000000000, 0.0000000000000000000, 1.000000000000000000 ) ) ;
#758 = DIRECTION ( 'NONE',  ( 0.0000000000000000000, 0.0000000000000000000, 1.000000000000000000 ) ) ;
#759 = ADVANCED_FACE ( 'NONE', ( #2104 ), #4102, .T. ) ;
#760 = DIRECTION ( 'NONE',  ( 0.0000000000000000000, 1.000000000000000000, 0.0000000000000000000 ) ) ;
#761 = AXIS2_PLACEMENT_3D ( 'NONE', #1312, #305, #3271 ) ;
#762 = FACE_OUTER_BOUND ( 'NONE', #503, .T. ) ;
#763 = CARTESIAN_POINT ( 'NONE',  ( -0.08858267716535432601, 0.1496062992125984370, -0.08858267716535432601 ) ) ;
#764 = ORIENTED_EDGE ( 'NONE', *, *, #689, .T. ) ;
#765 = EDGE_LOOP ( 'NONE', ( #189, #1009, #3795, #72 ) ) ;
#766 = EDGE_CURVE ( 'NONE', #109, #3965, #2071, .T. ) ;
#767 = AXIS2_PLACEMENT_3D ( 'NONE', #4103, #760, #1103 ) ;
#768 = LENGTH_MEASURE_WITH_UNIT ( LENGTH_MEASURE( 0.02539999999999999897 ), #1113 );
#769 = AXIS2_PLACEMENT_3D ( 'NONE', #2784, #2442, #2745 ) ;
#770 = DIRECTION ( 'NONE',  ( 0.0000000000000000000, 0.0000000000000000000, -1.000000000000000000 ) ) ;
#771 = EDGE_LOOP ( 'NONE', ( #3880, #2562, #3140, #148 ) ) ;
#772 =( NAMED_UNIT ( * ) SI_UNIT ( $, .STERADIAN. ) SOLID_ANGLE_UNIT ( ) );
#773 = LINE ( 'NONE', #3797, #1407 ) ;
#774 = DIRECTION ( 'NONE',  ( 0.0000000000000000000, 0.0000000000000000000, 1.000000000000000000 ) ) ;
#775 = ORIENTED_EDGE ( 'NONE', *, *, #4293, .T. ) ;
#776 = DIRECTION ( 'NONE',  ( 0.0000000000000000000, 1.000000000000000000, 0.0000000000000000000 ) ) ;
#777 = LINE ( 'NONE', #448, #3430 ) ;
#778 = DIRECTION ( 'NONE',  ( 0.0000000000000000000, 0.0000000000000000000, -1.000000000000000000 ) ) ;
#779 = ADVANCED_FACE ( 'NONE', ( #3761 ), #2759, .F. ) ;
#780 = ORIENTED_EDGE ( 'NONE', *, *, #4126, .F. ) ;
#781 = EDGE_CURVE ( 'NONE', #3026, #1002, #2639, .T. ) ;
#782 = EDGE_LOOP ( 'NONE', ( #2437, #889, #3232, #4296 ) ) ;
#783 = CARTESIAN_POINT ( 'NONE',  ( 0.1532055652061933004, -0.06332986786467284523, -0.1023622047244094474 ) ) ;
#784 = DIRECTION ( 'NONE',  ( 0.0000000000000000000, -1.000000000000000000, 0.0000000000000000000 ) ) ;
#785 = ADVANCED_FACE ( 'NONE', ( #3227 ), #224, .T. ) ;
#786 = DIRECTION ( 'NONE',  ( 0.0000000000000000000, 1.000000000000000000, 0.0000000000000000000 ) ) ;
#787 = VERTEX_POINT ( 'NONE', #3939 ) ;
#788 = FACE_OUTER_BOUND ( 'NONE', #765, .T. ) ;
#789 = EDGE_CURVE ( 'NONE', #859, #54, #1980, .T. ) ;
#790 = DIRECTION ( 'NONE',  ( 0.0000000000000000000, 1.000000000000000000, 0.0000000000000000000 ) ) ;
#791 = LINE ( 'NONE', #179, #3191 ) ;
#792 = LINE ( 'NONE', #2496, #4115 ) ;
#793 = DIRECTION ( 'NONE',  ( 0.0000000000000000000, 0.0000000000000000000, 1.000000000000000000 ) ) ;
#794 = EDGE_CURVE ( 'NONE', #2676, #3557, #666, .T. ) ;
#795 = ORIENTED_EDGE ( 'NONE', *, *, #4312, .F. ) ;
#796 = DIRECTION ( 'NONE',  ( 0.0000000000000000000, 0.0000000000000000000, 1.000000000000000000 ) ) ;
#797 = DIRECTION ( 'NONE',  ( -0.0000000000000000000, 0.4999999999999995004, 0.8660254037844390407 ) ) ;
#798 = CARTESIAN_POINT ( 'NONE',  ( -0.1318897637795275746, -0.04201406643800709162, 0.1023622047244094474 ) ) ;
#799 = CARTESIAN_POINT ( 'NONE',  ( -0.1318897637795275746, -0.1377952755905511861, -0.08366141732283464971 ) ) ;
#800 = VECTOR ( 'NONE', #1879, 39.37007874015748143 ) ;
#801 = ORIENTED_EDGE ( 'NONE', *, *, #4231, .F. ) ;
#802 = ORIENTED_EDGE ( 'NONE', *, *, #1660, .F. ) ;
#803 = LINE ( 'NONE', #2152, #2775 ) ;
#804 = VECTOR ( 'NONE', #1684, 39.37007874015748143 ) ;
#805 = DIRECTION ( 'NONE',  ( 0.0000000000000000000, 0.0000000000000000000, -1.000000000000000000 ) ) ;
#806 = LINE ( 'NONE', #2871, #2030 ) ;
#807 = ADVANCED_FACE ( 'NONE', ( #3609 ), #2626, .T. ) ;
#808 = DIRECTION ( 'NONE',  ( 0.0000000000000000000, 0.0000000000000000000, 1.000000000000000000 ) ) ;
#809 = ORIENTED_EDGE ( 'NONE', *, *, #2056, .F. ) ;
#810 = CLOSED_SHELL ( 'NONE', ( #1738, #4182, #3372, #2979, #807, #1927, #1746, #2330, #210, #2082, #1496, #563, #847, #2774, #4094, #4024, #2115, #2599, #743, #3466, #119 ) ) ;
#811 = DIRECTION ( 'NONE',  ( 0.7071067811865480168, -0.7071067811865470176, 0.0000000000000000000 ) ) ;
#812 = VECTOR ( 'NONE', #2403, 39.37007874015748143 ) ;
#813 = EDGE_CURVE ( 'NONE', #3368, #348, #4291, .T. ) ;
#814 = LINE ( 'NONE', #3473, #1119 ) ;
#815 = CIRCLE ( 'NONE', #4119, 0.02362204724409448092 ) ;
#816 = ORIENTED_EDGE ( 'NONE', *, *, #4041, .T. ) ;
#817 = UNCERTAINTY_MEASURE_WITH_UNIT (LENGTH_MEASURE( 1.000000000000000082E-05 ), #397, 'distance_accuracy_value', 'NONE');
#818 = CARTESIAN_POINT ( 'NONE',  ( 0.1122047244094488277, 0.1377952755905511861, -0.1122047244094488277 ) ) ;
#819 = DIRECTION ( 'NONE',  ( -1.000000000000000000, 0.0000000000000000000, 2.168404344971010347E-16 ) ) ;
#820 = VECTOR ( 'NONE', #3793, 39.37007874015748143 ) ;
#821 = VERTEX_POINT ( 'NONE', #3881 ) ;
#822 = AXIS2_PLACEMENT_3D ( 'NONE', #90, #1118, #2430 ) ;
#823 = CYLINDRICAL_SURFACE ( 'NONE', #3338, 0.007874015748031466463 ) ;
#824 = DIRECTION ( 'NONE',  ( 0.0000000000000000000, 1.000000000000000000, 0.0000000000000000000 ) ) ;
#825 = VECTOR ( 'NONE', #3340, 39.37007874015748143 ) ;
#826 = CARTESIAN_POINT ( 'NONE',  ( -0.1263219938489248129, -0.09021343922194134668, -0.1023622047244094474 ) ) ;
#827 = ORIENTED_EDGE ( 'NONE', *, *, #2516, .T. ) ;
#828 = VERTEX_POINT ( 'NONE', #947 ) ;
#829 = ORIENTED_EDGE ( 'NONE', *, *, #1269, .T. ) ;
#830 = CYLINDRICAL_SURFACE ( 'NONE', #1800, 0.07283464566929134798 ) ;
#831 = VECTOR ( 'NONE', #3877, 39.37007874015748143 ) ;
#832 = DIRECTION ( 'NONE',  ( 2.454115839351809943E-16, -1.000000000000000000, 0.0000000000000000000 ) ) ;
#833 = PLANE ( 'NONE',  #1812 ) ;
#834 = FACE_OUTER_BOUND ( 'NONE', #4300, .T. ) ;
#835 = AXIS2_PLACEMENT_3D ( 'NONE', #2480, #1477, #123 ) ;
#836 = ORIENTED_EDGE ( 'NONE', *, *, #1840, .T. ) ;
#837 = CARTESIAN_POINT ( 'NONE',  ( 0.1181102362204724532, 0.1299212598425196763, 0.1122047244094488277 ) ) ;
#838 = ORIENTED_EDGE ( 'NONE', *, *, #2773, .T. ) ;
#839 = EDGE_CURVE ( 'NONE', #126, #1580, #3623, .T. ) ;
#840 = ORIENTED_EDGE ( 'NONE', *, *, #3443, .T. ) ;
#841 = FACE_OUTER_BOUND ( 'NONE', #4321, .T. ) ;
#842 = DIRECTION ( 'NONE',  ( 0.7071067811865469066, -0.7071067811865479058, 0.0000000000000000000 ) ) ;
#843 = ADVANCED_FACE ( 'NONE', ( #2959 ), #598, .T. ) ;
#844 = ORIENTED_EDGE ( 'NONE', *, *, #4259, .T. ) ;
#845 = CARTESIAN_POINT ( 'NONE',  ( 0.1181102362204724532, 0.1299212598425196763, -0.1122047244094488277 ) ) ;
#846 = DIRECTION ( 'NONE',  ( -1.000000000000000000, -4.063888932435259910E-16, 0.0000000000000000000 ) ) ;
#847 = ADVANCED_FACE ( 'NONE', ( #2293 ), #1627, .F. ) ;
#848 = SURFACE_STYLE_FILL_AREA ( #1916 ) ;
#849 = ORIENTED_EDGE ( 'NONE', *, *, #2043, .F. ) ;
#850 = ORIENTED_EDGE ( 'NONE', *, *, #1234, .T. ) ;
#851 = ORIENTED_EDGE ( 'NONE', *, *, #1230, .F. ) ;
#852 = CARTESIAN_POINT ( 'NONE',  ( -0.1532055652061933004, -0.07446540772587834089, 0.1023622047244094474 ) ) ;
#853 = DIRECTION ( 'NONE',  ( 0.0000000000000000000, 1.000000000000000000, 0.0000000000000000000 ) ) ;
#854 = PLANE ( 'NONE',  #46 ) ;
#855 = DIRECTION ( 'NONE',  ( -4.063888932435259910E-16, -1.000000000000000000, 0.0000000000000000000 ) ) ;
#856 = CARTESIAN_POINT ( 'NONE',  ( 0.1318897637795275746, -0.09578120915254409451, -0.07480314960629921850 ) ) ;
#857 = DIRECTION ( 'NONE',  ( 0.0000000000000000000, 0.0000000000000000000, 1.000000000000000000 ) ) ;
#858 = CARTESIAN_POINT ( 'NONE',  ( 0.08858267716535432601, 0.1377952755905511861, -0.06496062992125983815 ) ) ;
#859 = VERTEX_POINT ( 'NONE', #882 ) ;
#860 = FACE_OUTER_BOUND ( 'NONE', #2393, .T. ) ;
#861 = EDGE_LOOP ( 'NONE', ( #1938, #1314 ) ) ;
#862 = ORIENTED_EDGE ( 'NONE', *, *, #2215, .F. ) ;
#863 = ORIENTED_EDGE ( 'NONE', *, *, #1123, .F. ) ;
#864 = UNCERTAINTY_MEASURE_WITH_UNIT (LENGTH_MEASURE( 1.000000000000000082E-05 ), #3529, 'distance_accuracy_value', 'NONE');
#865 = SPHERICAL_SURFACE ( 'NONE', #2712, 0.03937007874015747977 ) ;
#866 = CYLINDRICAL_SURFACE ( 'NONE', #2593, 0.005905511811023620231 ) ;
#867 = EDGE_CURVE ( 'NONE', #3532, #2655, #4308, .T. ) ;
#868 = ADVANCED_FACE ( 'NONE', ( #930 ), #1945, .T. ) ;
#869 = VERTEX_POINT ( 'NONE', #2315 ) ;
#870 = DIRECTION ( 'NONE',  ( 1.000000000000000000, 0.0000000000000000000, 0.0000000000000000000 ) ) ;
#871 = LINE ( 'NONE', #544, #616 ) ;
#872 = EDGE_LOOP ( 'NONE', ( #2088, #1600, #11, #1535 ) ) ;
#873 = ORIENTED_EDGE ( 'NONE', *, *, #1503, .T. ) ;
#874 = VERTEX_POINT ( 'NONE', #3654 ) ;
#875 = LINE ( 'NONE', #238, #316 ) ;
#876 = CARTESIAN_POINT ( 'NONE',  ( 0.0000000000000000000, 0.1299212598425196763, 0.0000000000000000000 ) ) ;
#877 = CARTESIAN_POINT ( 'NONE',  ( 0.08858267716535432601, 0.1377952755905511861, -0.06496062992125983815 ) ) ;
#878 = LINE ( 'NONE', #3806, #1756 ) ;
#879 = AXIS2_PLACEMENT_3D ( 'NONE', #1556, #811, #134 ) ;
#880 = CARTESIAN_POINT ( 'NONE',  ( -0.1122047244094488277, 0.1377952755905511861, -0.1122047244094488277 ) ) ;
#881 = ORIENTED_EDGE ( 'NONE', *, *, #2462, .T. ) ;
#882 = CARTESIAN_POINT ( 'NONE',  ( 0.1240157480314960647, 0.03543307086614173179, 0.1023622047244094474 ) ) ;
#883 = CIRCLE ( 'NONE', #3684, 0.007874015748031499423 ) ;
#884 = CARTESIAN_POINT ( 'NONE',  ( -0.1263219938489248129, -0.09021343922194134668, 0.07480314960629921850 ) ) ;
#885 = EDGE_CURVE ( 'NONE', #1108, #3458, #883, .T. ) ;
#886 = EDGE_LOOP ( 'NONE', ( #597, #1179, #4107, #3997 ) ) ;
#887 = CIRCLE ( 'NONE', #608, 0.005905511811023620231 ) ;
#888 = ORIENTED_EDGE ( 'NONE', *, *, #4144, .T. ) ;
#889 = ORIENTED_EDGE ( 'NONE', *, *, #1975, .T. ) ;
#890 = VECTOR ( 'NONE', #584, 39.37007874015748143 ) ;
#891 = CARTESIAN_POINT ( 'NONE',  ( -0.1318897637795275746, -0.09578120915254409451, -0.1023622047244094474 ) ) ;
#892 = CIRCLE ( 'NONE', #1612, 0.06889763779527559306 ) ;
#893 = ORIENTED_EDGE ( 'NONE', *, *, #3637, .F. ) ;
#894 = AXIS2_PLACEMENT_3D ( 'NONE', #1900, #857, #2915 ) ;
#895 = LINE ( 'NONE', #1235, #3631 ) ;
#896 = DIRECTION ( 'NONE',  ( 1.000000000000000000, 0.0000000000000000000, 0.0000000000000000000 ) ) ;
#897 = ORIENTED_EDGE ( 'NONE', *, *, #3345, .F. ) ;
#898 = VECTOR ( 'NONE', #3371, 39.37007874015748143 ) ;
#899 = ORIENTED_EDGE ( 'NONE', *, *, #3194, .F. ) ;
#900 = EDGE_CURVE ( 'NONE', #1775, #2675, #1099, .T. ) ;
#901 = CARTESIAN_POINT ( 'NONE',  ( -0.1181102362204724532, 0.1299212598425196763, -0.1181102362204724532 ) ) ;
#902 = EDGE_CURVE ( 'NONE', #2675, #2836, #394, .T. ) ;
#903 = CARTESIAN_POINT ( 'NONE',  ( 0.1318897637795275746, -0.1377952755905511861, -0.09350393700787401619 ) ) ;
#904 = DIRECTION ( 'NONE',  ( 0.7071067811865479058, -0.7071067811865469066, 0.0000000000000000000 ) ) ;
#905 = VECTOR ( 'NONE', #3210, 39.37007874015748143 ) ;
#906 = EDGE_CURVE ( 'NONE', #2256, #478, #1381, .T. ) ;
#907 = ORIENTED_EDGE ( 'NONE', *, *, #685, .T. ) ;
#908 = DIRECTION ( 'NONE',  ( 0.0000000000000000000, -1.000000000000000000, 0.0000000000000000000 ) ) ;
#909 = PRESENTATION_LAYER_ASSIGNMENT (  '', '', ( #1890 ) ) ;
#910 = DIMENSIONAL_EXPONENTS ( 1.000000000000000000, 0.0000000000000000000, 0.0000000000000000000, 0.0000000000000000000, 0.0000000000000000000, 0.0000000000000000000, 0.0000000000000000000 ) ;
#911 = ORIENTED_EDGE ( 'NONE', *, *, #2357, .F. ) ;
#912 = AXIS2_PLACEMENT_3D ( 'NONE', #1674, #1392, #2756 ) ;
#913 = CARTESIAN_POINT ( 'NONE',  ( -0.1476377952755905387, -0.06889763779527559306, -0.1023622047244094474 ) ) ;
#914 = ORIENTED_EDGE ( 'NONE', *, *, #3814, .F. ) ;
#915 = CARTESIAN_POINT ( 'NONE',  ( 0.1318897637795275746, -0.1224523058384645591, -0.07480314960629921850 ) ) ;
#916 = FACE_OUTER_BOUND ( 'NONE', #1765, .T. ) ;
#917 = ORIENTED_EDGE ( 'NONE', *, *, #650, .T. ) ;
#918 = DIRECTION ( 'NONE',  ( 1.000000000000000000, 0.0000000000000000000, 0.0000000000000000000 ) ) ;
#919 = DIRECTION ( 'NONE',  ( 0.0000000000000000000, 0.0000000000000000000, -1.000000000000000000 ) ) ;
#920 = FACE_OUTER_BOUND ( 'NONE', #2582, .T. ) ;
#921 =( NAMED_UNIT ( * ) PLANE_ANGLE_UNIT ( ) SI_UNIT ( $, .RADIAN. ) );
#922 = VERTEX_POINT ( 'NONE', #3746 ) ;
#923 = ORIENTED_EDGE ( 'NONE', *, *, #3212, .F. ) ;
#924 = DIRECTION ( 'NONE',  ( 0.0000000000000000000, 0.0000000000000000000, 1.000000000000000000 ) ) ;
#925 = CARTESIAN_POINT ( 'NONE',  ( -0.1122047244094488277, 0.1299212598425196763, 0.1181102362204724532 ) ) ;
#926 = CARTESIAN_POINT ( 'NONE',  ( 0.1122047244094488277, 0.0000000000000000000, 0.1181102362204724532 ) ) ;
#927 = CARTESIAN_POINT ( 'NONE',  ( 0.1122047244094488277, 0.1299212598425196763, 0.1181102362204724532 ) ) ;
#928 = EDGE_CURVE ( 'NONE', #2509, #3368, #2682, .T. ) ;
#929 = ORIENTED_EDGE ( 'NONE', *, *, #2215, .T. ) ;
#930 = FACE_OUTER_BOUND ( 'NONE', #1279, .T. ) ;
#931 = VERTEX_POINT ( 'NONE', #2703 ) ;
#932 = ADVANCED_FACE ( 'NONE', ( #2335 ), #4088, .F. ) ;
#933 = ORIENTED_EDGE ( 'NONE', *, *, #1205, .T. ) ;
#934 = CARTESIAN_POINT ( 'NONE',  ( -0.1555118110236220763, -0.1054045616694795212, -0.1122047244094488277 ) ) ;
#935 = EDGE_CURVE ( 'NONE', #2836, #2370, #2290, .T. ) ;
#936 = EDGE_CURVE ( 'NONE', #1092, #955, #3421, .T. ) ;
#937 = EDGE_LOOP ( 'NONE', ( #3897, #1216, #2340, #4190 ) ) ;
#938 = CARTESIAN_POINT ( 'NONE',  ( 0.1240157480314960647, 0.02755905511811023584, 0.1023622047244094474 ) ) ;
#939 = DIRECTION ( 'NONE',  ( 0.0000000000000000000, 0.0000000000000000000, 1.000000000000000000 ) ) ;
#940 = DIRECTION ( 'NONE',  ( -1.000000000000000000, 0.0000000000000000000, 0.0000000000000000000 ) ) ;
#941 = ORIENTED_EDGE ( 'NONE', *, *, #3310, .F. ) ;
#942 = CARTESIAN_POINT ( 'NONE',  ( -0.1532055652061933004, -0.06332986786467284523, -0.07480314960629921850 ) ) ;
#943 =( CONVERSION_BASED_UNIT ( 'INCH', #4287 ) LENGTH_UNIT ( ) NAMED_UNIT ( #1258 ) );
#944 = CYLINDRICAL_SURFACE ( 'NONE', #4203, 0.02362204724409448092 ) ;
#945 = CARTESIAN_POINT ( 'NONE',  ( 0.1532055652061933004, -0.07446540772587834089, -0.1023622047244094474 ) ) ;
#946 = ORIENTED_EDGE ( 'NONE', *, *, #3524, .F. ) ;
#947 = CARTESIAN_POINT ( 'NONE',  ( 0.1240157480314960647, 0.02755905511811023584, 0.1023622047244094474 ) ) ;
#948 = EDGE_CURVE ( 'NONE', #227, #270, #1744, .T. ) ;
#949 = VECTOR ( 'NONE', #716, 39.37007874015748143 ) ;
#950 = ORIENTED_EDGE ( 'NONE', *, *, #676, .F. ) ;
#951 = DIRECTION ( 'NONE',  ( -3.519431053647356462E-16, -0.8660254037844389297, -0.4999999999999994449 ) ) ;
#952 = EDGE_CURVE ( 'NONE', #1366, #1582, #1706, .T. ) ;
#953 = STYLED_ITEM ( 'NONE', ( #2470 ), #1078 ) ;
#954 = AXIS2_PLACEMENT_3D ( 'NONE', #1219, #219, #1505 ) ;
#955 = VERTEX_POINT ( 'NONE', #3398 ) ;
#956 = ORIENTED_EDGE ( 'NONE', *, *, #3842, .F. ) ;
#957 = VECTOR ( 'NONE', #2735, 39.37007874015748854 ) ;
#958 = LINE ( 'NONE', #2302, #755 ) ;
#959 = LINE ( 'NONE', #2929, #3894 ) ;
#960 = VECTOR ( 'NONE', #985, 39.37007874015748143 ) ;
#961 = ORIENTED_EDGE ( 'NONE', *, *, #85, .T. ) ;
#962 = ORIENTED_EDGE ( 'NONE', *, *, #1181, .F. ) ;
#963 = AXIS2_PLACEMENT_3D ( 'NONE', #1517, #3948, #3971 ) ;
#964 = DIRECTION ( 'NONE',  ( -1.000000000000000000, 0.0000000000000000000, 0.0000000000000000000 ) ) ;
#965 = LINE ( 'NONE', #988, #391 ) ;
#966 = CARTESIAN_POINT ( 'NONE',  ( 0.08858267716535432601, 0.1299212598425196763, 0.1122047244094488139 ) ) ;
#967 = DIRECTION ( 'NONE',  ( -0.7071067811865469066, -0.7071067811865479058, 0.0000000000000000000 ) ) ;
#968 = AXIS2_PLACEMENT_3D ( 'NONE', #2621, #3955, #2956 ) ;
#969 = VERTEX_POINT ( 'NONE', #3712 ) ;
#970 = DIRECTION ( 'NONE',  ( 0.0000000000000000000, 0.0000000000000000000, -1.000000000000000000 ) ) ;
#971 = AXIS2_PLACEMENT_3D ( 'NONE', #3879, #4154, #808 ) ;
#972 = STYLED_ITEM ( 'NONE', ( #3693 ), #3366 ) ;
#973 = ORIENTED_EDGE ( 'NONE', *, *, #1719, .F. ) ;
#974 = DIRECTION ( 'NONE',  ( -0.0000000000000000000, 0.4999999999999995004, 0.8660254037844390407 ) ) ;
#975 = AXIS2_PLACEMENT_3D ( 'NONE', #637, #1642, #1978 ) ;
#976 = DIRECTION ( 'NONE',  ( 0.0000000000000000000, 0.0000000000000000000, 1.000000000000000000 ) ) ;
#977 = EDGE_CURVE ( 'NONE', #3207, #1226, #657, .T. ) ;
#978 = ADVANCED_FACE ( 'NONE', ( #1722 ), #3021, .T. ) ;
#979 = CIRCLE ( 'NONE', #2316, 0.007874015748031499423 ) ;
#980 = VERTEX_POINT ( 'NONE', #1401 ) ;
#981 = ORIENTED_EDGE ( 'NONE', *, *, #3539, .F. ) ;
#982 = DIRECTION ( 'NONE',  ( 0.0000000000000000000, 0.0000000000000000000, 1.000000000000000000 ) ) ;
#983 = EDGE_CURVE ( 'NONE', #126, #614, #741, .T. ) ;
#984 = CIRCLE ( 'NONE', #2460, 0.02362204724409448092 ) ;
#985 = DIRECTION ( 'NONE',  ( 0.0000000000000000000, 0.0000000000000000000, -1.000000000000000000 ) ) ;
#986 = EDGE_LOOP ( 'NONE', ( #4160, #840, #2814, #1950 ) ) ;
#987 = CARTESIAN_POINT ( 'NONE',  ( -0.1318897637795275746, -0.09578120915254409451, -0.07480314960629921850 ) ) ;
#988 = CARTESIAN_POINT ( 'NONE',  ( -0.1240157480314960647, -0.1377952755905511861, 0.1023622047244094474 ) ) ;
#989 = CARTESIAN_POINT ( 'NONE',  ( -0.1122047244094488277, 0.0000000000000000000, 0.1181102362204724532 ) ) ;
#990 = CARTESIAN_POINT ( 'NONE',  ( 0.1181102362204724532, 0.1299212598425196763, -0.1181102362204724532 ) ) ;
#991 = DIRECTION ( 'NONE',  ( 1.000000000000000000, 0.0000000000000000000, 0.0000000000000000000 ) ) ;
#992 = DIRECTION ( 'NONE',  ( 0.0000000000000000000, 0.0000000000000000000, -1.000000000000000000 ) ) ;
#993 = ORIENTED_EDGE ( 'NONE', *, *, #2684, .T. ) ;
#994 = DIRECTION ( 'NONE',  ( 1.000000000000000000, 0.0000000000000000000, 0.0000000000000000000 ) ) ;
#995 = CARTESIAN_POINT ( 'NONE',  ( 0.08858267716535432601, 0.1299212598425196763, 0.08858267716535432601 ) ) ;
#996 = DIRECTION ( 'NONE',  ( 0.0000000000000000000, 1.000000000000000000, 0.0000000000000000000 ) ) ;
#997 = EDGE_CURVE ( 'NONE', #2584, #4070, #1015, .T. ) ;
#998 = VERTEX_POINT ( 'NONE', #1339 ) ;
#999 = DIRECTION ( 'NONE',  ( 1.000000000000000000, 0.0000000000000000000, 0.0000000000000000000 ) ) ;
#1000 = FACE_BOUND ( 'NONE', #527, .T. ) ;
#1001 = ORIENTED_EDGE ( 'NONE', *, *, #3149, .T. ) ;
#1002 = VERTEX_POINT ( 'NONE', #1767 ) ;
#1003 = DIRECTION ( 'NONE',  ( 0.0000000000000000000, 0.0000000000000000000, -1.000000000000000000 ) ) ;
#1004 = CYLINDRICAL_SURFACE ( 'NONE', #2034, 0.007874015748031499423 ) ;
#1005 = EDGE_CURVE ( 'NONE', #1159, #2522, #2727, .T. ) ;
#1006 = DIRECTION ( 'NONE',  ( 0.0000000000000000000, -0.9993908270190957621, 0.03489949670250103164 ) ) ;
#1007 = EDGE_CURVE ( 'NONE', #54, #922, #4179, .T. ) ;
#1008 = CARTESIAN_POINT ( 'NONE',  ( -0.1181102362204724532, 0.02755905511811023584, 0.1023622047244094474 ) ) ;
#1009 = ORIENTED_EDGE ( 'NONE', *, *, #3333, .T. ) ;
#1010 = CARTESIAN_POINT ( 'NONE',  ( 0.1476377952755905387, -0.06889763779527559306, 0.1023622047244094474 ) ) ;
#1011 = CARTESIAN_POINT ( 'NONE',  ( -0.1532055652061933004, -0.07446540772587834089, -0.07480314960629921850 ) ) ;
#1012 = CARTESIAN_POINT ( 'NONE',  ( -0.1476377952755905387, -0.06889763779527559306, -0.07480314960629921850 ) ) ;
#1013 = CARTESIAN_POINT ( 'NONE',  ( 0.1263219938489248129, -0.04758183636860983945, 0.1023622047244094474 ) ) ;
#1014 = ORIENTED_EDGE ( 'NONE', *, *, #1975, .F. ) ;
#1015 = LINE ( 'NONE', #2089, #40 ) ;
#1016 = EDGE_CURVE ( 'NONE', #2037, #2256, #737, .T. ) ;
#1017 = CARTESIAN_POINT ( 'NONE',  ( -0.08858267716535432601, 0.1496062992125984370, -0.1122047244094488139 ) ) ;
#1018 = DIRECTION ( 'NONE',  ( 0.0000000000000000000, -1.000000000000000000, 0.0000000000000000000 ) ) ;
#1019 = ORIENTED_EDGE ( 'NONE', *, *, #389, .T. ) ;
#1020 = CYLINDRICAL_SURFACE ( 'NONE', #4171, 0.07283464566929134798 ) ;
#1021 = DIMENSIONAL_EXPONENTS ( 1.000000000000000000, 0.0000000000000000000, 0.0000000000000000000, 0.0000000000000000000, 0.0000000000000000000, 0.0000000000000000000, 0.0000000000000000000 ) ;
#1022 = MECHANICAL_DESIGN_GEOMETRIC_PRESENTATION_REPRESENTATION (  '', ( #2140 ), #3541 ) ;
#1023 = DIRECTION ( 'NONE',  ( 1.000000000000000000, 0.0000000000000000000, 0.0000000000000000000 ) ) ;
#1024 = ORIENTED_EDGE ( 'NONE', *, *, #1185, .T. ) ;
#1025 = ORIENTED_EDGE ( 'NONE', *, *, #2347, .T. ) ;
#1026 = VECTOR ( 'NONE', #1422, 39.37007874015748143 ) ;
#1027 = CARTESIAN_POINT ( 'NONE',  ( 0.1318897637795275746, -0.1377952755905511861, 0.08366141732283464971 ) ) ;
#1028 = DIRECTION ( 'NONE',  ( 0.0000000000000000000, 0.0000000000000000000, -1.000000000000000000 ) ) ;
#1029 = LINE ( 'NONE', #2369, #4328 ) ;
#1030 = CLOSED_SHELL ( 'NONE', ( #1369, #1323, #2058, #843, #1209, #1265, #4253, #166, #4053, #2379, #3849, #708, #1644, #759, #339, #4336, #1229, #2277, #3916, #4283, #3774 ) ) ;
#1031 = VERTEX_POINT ( 'NONE', #2066 ) ;
#1032 = DIRECTION ( 'NONE',  ( -1.000000000000000000, 0.0000000000000000000, 0.0000000000000000000 ) ) ;
#1033 = AXIS2_PLACEMENT_3D ( 'NONE', #2476, #752, #3846 ) ;
#1034 = CARTESIAN_POINT ( 'NONE',  ( 0.0000000000000000000, 0.6299212598425196763, 0.0000000000000000000 ) ) ;
#1035 = PLANE ( 'NONE',  #2304 ) ;
#1036 = CARTESIAN_POINT ( 'NONE',  ( -0.1318897637795275746, -0.1377952755905511861, 0.08366141732283464971 ) ) ;
#1037 = CARTESIAN_POINT ( 'NONE',  ( 0.1263219938489248129, -0.09021343922194134668, -0.1023622047244094474 ) ) ;
#1038 = EDGE_CURVE ( 'NONE', #3248, #3850, #2025, .T. ) ;
#1039 = ORIENTED_EDGE ( 'NONE', *, *, #1623, .T. ) ;
#1040 = EDGE_CURVE ( 'NONE', #3749, #2522, #43, .T. ) ;
#1041 = DIRECTION ( 'NONE',  ( 0.0000000000000000000, 0.0000000000000000000, 1.000000000000000000 ) ) ;
#1042 = CARTESIAN_POINT ( 'NONE',  ( 0.1318897637795275746, -0.04201406643800709162, 0.1023622047244094474 ) ) ;
#1043 = DIRECTION ( 'NONE',  ( 0.0000000000000000000, -1.000000000000000000, 0.0000000000000000000 ) ) ;
#1044 = AXIS2_PLACEMENT_3D ( 'NONE', #798, #3527, #143 ) ;
#1045 = EDGE_CURVE ( 'NONE', #998, #2177, #4151, .T. ) ;
#1046 = DIRECTION ( 'NONE',  ( 0.0000000000000000000, 1.000000000000000000, 0.0000000000000000000 ) ) ;
#1047 = ORIENTED_EDGE ( 'NONE', *, *, #1038, .F. ) ;
#1048 = AXIS2_PLACEMENT_3D ( 'NONE', #2099, #3114, #1778 ) ;
#1049 = LINE ( 'NONE', #1091, #3812 ) ;
#1050 = AXIS2_PLACEMENT_3D ( 'NONE', #1610, #10, #2028 ) ;
#1051 = CARTESIAN_POINT ( 'NONE',  ( -0.1318897637795275746, -0.04201406643800709162, -0.07480314960629921850 ) ) ;
#1052 = ORIENTED_EDGE ( 'NONE', *, *, #1095, .F. ) ;
#1053 = ORIENTED_EDGE ( 'NONE', *, *, #3500, .F. ) ;
#1054 = UNCERTAINTY_MEASURE_WITH_UNIT (LENGTH_MEASURE( 1.000000000000000082E-05 ), #943, 'distance_accuracy_value', 'NONE');
#1055 = VECTOR ( 'NONE', #967, 39.37007874015748854 ) ;
#1056 = DIRECTION ( 'NONE',  ( 0.7071067811865469066, -0.7071067811865479058, 0.0000000000000000000 ) ) ;
#1057 = AXIS2_PLACEMENT_3D ( 'NONE', #4065, #2398, #3379 ) ;
#1058 = EDGE_LOOP ( 'NONE', ( #3875, #642, #764, #2231 ) ) ;
#1059 = EDGE_LOOP ( 'NONE', ( #546, #2444, #1829, #844, #3078, #1651 ) ) ;
#1060 = LINE ( 'NONE', #1355, #949 ) ;
#1061 = DIRECTION ( 'NONE',  ( 0.0000000000000000000, 0.0000000000000000000, 1.000000000000000000 ) ) ;
#1062 = DIRECTION ( 'NONE',  ( 0.0000000000000000000, 0.0000000000000000000, 1.000000000000000000 ) ) ;
#1063 = DIRECTION ( 'NONE',  ( 3.519431053647356462E-16, -0.8660254037844389297, 0.4999999999999994449 ) ) ;
#1064 = ORIENTED_EDGE ( 'NONE', *, *, #3814, .T. ) ;
#1065 = CARTESIAN_POINT ( 'NONE',  ( -0.1240157480314960647, -0.09578120915254409451, -0.1023622047244094474 ) ) ;
#1066 = PLANE ( 'NONE',  #3359 ) ;
#1067 = EDGE_CURVE ( 'NONE', #3207, #2676, #803, .T. ) ;
#1068 = DIRECTION ( 'NONE',  ( -0.7071067811865479058, -0.7071067811865469066, 0.0000000000000000000 ) ) ;
#1069 = CARTESIAN_POINT ( 'NONE',  ( -0.1555118110236220763, 0.003937007874015747977, -0.04921259842519685318 ) ) ;
#1070 = ORIENTED_EDGE ( 'NONE', *, *, #3345, .T. ) ;
#1071 = CARTESIAN_POINT ( 'NONE',  ( 0.1181102362204724532, 0.0000000000000000000, -0.1122047244094488277 ) ) ;
#1072 = FACE_BOUND ( 'NONE', #1893, .T. ) ;
#1073 = EDGE_LOOP ( 'NONE', ( #2892, #665, #3100, #3436 ) ) ;
#1074 = DIRECTION ( 'NONE',  ( 0.0000000000000000000, 0.0000000000000000000, 1.000000000000000000 ) ) ;
#1075 = DIRECTION ( 'NONE',  ( 0.7071067811865480168, -0.7071067811865470176, 0.0000000000000000000 ) ) ;
#1076 = EDGE_LOOP ( 'NONE', ( #2810, #1918, #3990, #184 ) ) ;
#1077 = ORIENTED_EDGE ( 'NONE', *, *, #4069, .T. ) ;
#1078 = ADVANCED_FACE ( 'NONE', ( #1524 ), #830, .F. ) ;
#1079 = DIRECTION ( 'NONE',  ( 0.0000000000000000000, 0.0000000000000000000, 1.000000000000000000 ) ) ;
#1080 = CARTESIAN_POINT ( 'NONE',  ( -0.1181102362204724532, 0.03543307086614173179, 0.1023622047244094474 ) ) ;
#1081 = CARTESIAN_POINT ( 'NONE',  ( 0.1318897637795275746, -0.04201406643800709162, -0.07480314960629921850 ) ) ;
#1082 = DIRECTION ( 'NONE',  ( 0.0000000000000000000, 0.0000000000000000000, -1.000000000000000000 ) ) ;
#1083 = LINE ( 'NONE', #826, #135 ) ;
#1084 = ORIENTED_EDGE ( 'NONE', *, *, #781, .F. ) ;
#1085 = DIRECTION ( 'NONE',  ( 0.0000000000000000000, -1.000000000000000000, 0.0000000000000000000 ) ) ;
#1086 =( NAMED_UNIT ( * ) PLANE_ANGLE_UNIT ( ) SI_UNIT ( $, .RADIAN. ) );
#1087 = CARTESIAN_POINT ( 'NONE',  ( -0.1240157480314960647, -0.1224523058384645591, 0.1023622047244094474 ) ) ;
#1088 = CARTESIAN_POINT ( 'NONE',  ( -0.1263219938489248129, -0.09021343922194134668, 0.1023622047244094474 ) ) ;
#1089 = DIRECTION ( 'NONE',  ( 0.0000000000000000000, -1.000000000000000000, 0.0000000000000000000 ) ) ;
#1090 = ORIENTED_EDGE ( 'NONE', *, *, #4018, .F. ) ;
#1091 = CARTESIAN_POINT ( 'NONE',  ( 0.1263219938489248129, -0.09021343922194134668, 0.1023622047244094474 ) ) ;
#1092 = VERTEX_POINT ( 'NONE', #550 ) ;
#1093 = PLANE ( 'NONE',  #1267 ) ;
#1094 = EDGE_CURVE ( 'NONE', #1987, #2177, #3106, .T. ) ;
#1095 = EDGE_CURVE ( 'NONE', #1291, #1193, #1462, .T. ) ;
#1096 = DIRECTION ( 'NONE',  ( 1.000000000000000000, 0.0000000000000000000, 0.0000000000000000000 ) ) ;
#1097 = CARTESIAN_POINT ( 'NONE',  ( 0.1240157480314960647, -0.09578120915254409451, -0.1023622047244094474 ) ) ;
#1098 = AXIS2_PLACEMENT_3D ( 'NONE', #4168, #3533, #2870 ) ;
#1099 = CIRCLE ( 'NONE', #1796, 0.02362204724409448092 ) ;
#1100 = ORIENTED_EDGE ( 'NONE', *, *, #438, .F. ) ;
#1101 = CARTESIAN_POINT ( 'NONE',  ( 0.1476377952755905387, -0.06889763779527559306, -0.07480314960629921850 ) ) ;
#1102 = DIRECTION ( 'NONE',  ( 0.0000000000000000000, 0.0000000000000000000, 1.000000000000000000 ) ) ;
#1103 = DIRECTION ( 'NONE',  ( 0.0000000000000000000, 0.0000000000000000000, 1.000000000000000000 ) ) ;
#1104 = AXIS2_PLACEMENT_3D ( 'NONE', #1189, #1493, #796 ) ;
#1105 = LINE ( 'NONE', #3727, #1679 ) ;
#1106 = CIRCLE ( 'NONE', #3270, 0.007874015748031499423 ) ;
#1107 = DIRECTION ( 'NONE',  ( 0.0000000000000000000, -1.000000000000000000, 0.0000000000000000000 ) ) ;
#1108 = VERTEX_POINT ( 'NONE', #3953 ) ;
#1109 = VERTEX_POINT ( 'NONE', #942 ) ;
#1110 = VECTOR ( 'NONE', #3350, 39.37007874015748143 ) ;
#1111 = CARTESIAN_POINT ( 'NONE',  ( 0.0000000000000000000, 0.1377952755905511861, 0.07283464566929134798 ) ) ;
#1112 = DIRECTION ( 'NONE',  ( 0.0000000000000000000, -1.000000000000000000, 0.0000000000000000000 ) ) ;
#1113 =( LENGTH_UNIT ( ) NAMED_UNIT ( * ) SI_UNIT ( $, .METRE. ) );
#1114 = VECTOR ( 'NONE', #589, 39.37007874015748143 ) ;
#1115 = ORIENTED_EDGE ( 'NONE', *, *, #2135, .F. ) ;
#1116 = FILL_AREA_STYLE ('',( #2687 ) ) ;
#1117 = AXIS2_PLACEMENT_3D ( 'NONE', #2220, #481, #2197 ) ;
#1118 = DIRECTION ( 'NONE',  ( 0.0000000000000000000, 0.0000000000000000000, -1.000000000000000000 ) ) ;
#1119 = VECTOR ( 'NONE', #749, 39.37007874015748143 ) ;
#1120 = DIRECTION ( 'NONE',  ( 0.0000000000000000000, 0.0000000000000000000, 1.000000000000000000 ) ) ;
#1121 = CARTESIAN_POINT ( 'NONE',  ( -0.1263219938489248129, -0.04758183636860983945, -0.07480314960629921850 ) ) ;
#1122 =( GEOMETRIC_REPRESENTATION_CONTEXT ( 3 ) GLOBAL_UNCERTAINTY_ASSIGNED_CONTEXT ( ( #205 ) ) GLOBAL_UNIT_ASSIGNED_CONTEXT ( ( #2232, #4275, #3616 ) ) REPRESENTATION_CONTEXT ( 'NONE', 'WORKASPACE' ) );
#1123 = EDGE_CURVE ( 'NONE', #1656, #3950, #2887, .T. ) ;
#1124 = EDGE_CURVE ( 'NONE', #4234, #216, #1572, .T. ) ;
#1125 = VECTOR ( 'NONE', #1850, 39.37007874015748143 ) ;
#1126 = VERTEX_POINT ( 'NONE', #2936 ) ;
#1127 = CARTESIAN_POINT ( 'NONE',  ( 0.1122047244094488277, 0.1377952755905511861, 0.1122047244094488277 ) ) ;
#1128 = EDGE_CURVE ( 'NONE', #2037, #1670, #1940, .T. ) ;
#1129 = FILL_AREA_STYLE_COLOUR ( '', #2227 ) ;
#1130 = CYLINDRICAL_SURFACE ( 'NONE', #1692, 0.005905511811023620231 ) ;
#1131 = VECTOR ( 'NONE', #3507, 39.37007874015748143 ) ;
#1132 = LINE ( 'NONE', #2085, #2985 ) ;
#1133 = CARTESIAN_POINT ( 'NONE',  ( -0.08858267716535432601, 0.1496062992125984370, 0.1122047244094488139 ) ) ;
#1134 = ORIENTED_EDGE ( 'NONE', *, *, #4143, .T. ) ;
#1135 = EDGE_LOOP ( 'NONE', ( #2116, #3665, #1090, #3788, #2816, #93, #3009, #3530, #3556, #829, #1224, #2415, #3219, #4281, #178, #3160, #3342 ) ) ;
#1136 = CARTESIAN_POINT ( 'NONE',  ( -0.1476377952755905387, -0.06889763779527559306, 0.1023622047244094474 ) ) ;
#1137 = ORIENTED_EDGE ( 'NONE', *, *, #2043, .T. ) ;
#1138 = CARTESIAN_POINT ( 'NONE',  ( 0.1240157480314960647, -0.1377952755905511861, -0.09350393700787401619 ) ) ;
#1139 = ADVANCED_FACE ( 'NONE', ( #3648 ), #1948, .T. ) ;
#1140 = DIRECTION ( 'NONE',  ( -0.0000000000000000000, 1.000000000000000000, 0.0000000000000000000 ) ) ;
#1141 = CARTESIAN_POINT ( 'NONE',  ( 0.08858267716535432601, 0.1377952755905511861, 0.08858267716535432601 ) ) ;
#1142 = ORIENTED_EDGE ( 'NONE', *, *, #201, .F. ) ;
#1143 = ADVANCED_FACE ( 'NONE', ( #2288 ), #239, .F. ) ;
#1144 = CARTESIAN_POINT ( 'NONE',  ( -0.1240157480314960647, 0.03543307086614173179, -0.07480314960629921850 ) ) ;
#1145 = FILL_AREA_STYLE ('',( #1129 ) ) ;
#1146 = CARTESIAN_POINT ( 'NONE',  ( 0.1555118110236220763, -0.1377952755905511861, 0.08366141732283464971 ) ) ;
#1147 = DIRECTION ( 'NONE',  ( 0.0000000000000000000, 0.0000000000000000000, 1.000000000000000000 ) ) ;
#1148 = CARTESIAN_POINT ( 'NONE',  ( -0.1318897637795275746, -0.09578120915254409451, 0.07480314960629921850 ) ) ;
#1149 = ORIENTED_EDGE ( 'NONE', *, *, #3566, .F. ) ;
#1150 = ORIENTED_EDGE ( 'NONE', *, *, #3443, .F. ) ;
#1151 = ADVANCED_FACE ( 'NONE', ( #2618 ), #1896, .F. ) ;
#1152 = CARTESIAN_POINT ( 'NONE',  ( -0.1318897637795275746, 0.02755905511811023584, 0.1023622047244094474 ) ) ;
#1153 = DIRECTION ( 'NONE',  ( 0.0000000000000000000, -1.000000000000000000, 0.0000000000000000000 ) ) ;
#1154 = CARTESIAN_POINT ( 'NONE',  ( -0.1476377952755905387, -0.06889763779527559306, -0.07480314960629921850 ) ) ;
#1155 = EDGE_LOOP ( 'NONE', ( #4111, #3336, #1490, #4201 ) ) ;
#1156 = LINE ( 'NONE', #2492, #2769 ) ;
#1157 = LINE ( 'NONE', #2493, #337 ) ;
#1158 = EDGE_LOOP ( 'NONE', ( #1911, #3373, #3632, #3630 ) ) ;
#1159 = VERTEX_POINT ( 'NONE', #3627 ) ;
#1160 = LINE ( 'NONE', #2139, #754 ) ;
#1161 = VERTEX_POINT ( 'NONE', #903 ) ;
#1162 = CIRCLE ( 'NONE', #662, 0.005905511811023620231 ) ;
#1163 = CARTESIAN_POINT ( 'NONE',  ( -0.08858267716535432601, 0.1377952755905511861, 0.1122047244094488139 ) ) ;
#1164 = CARTESIAN_POINT ( 'NONE',  ( -0.1240157480314960647, -0.1224523058384645591, 0.07480314960629921850 ) ) ;
#1165 = DIRECTION ( 'NONE',  ( 0.0000000000000000000, 0.0000000000000000000, 1.000000000000000000 ) ) ;
#1166 = AXIS2_PLACEMENT_3D ( 'NONE', #680, #2026, #358 ) ;
#1167 = EDGE_LOOP ( 'NONE', ( #1260, #1348, #1302, #993 ) ) ;
#1168 = ORIENTED_EDGE ( 'NONE', *, *, #3810, .T. ) ;
#1169 = EDGE_LOOP ( 'NONE', ( #369, #1847, #1509, #1390 ) ) ;
#1170 = SURFACE_STYLE_FILL_AREA ( #1218 ) ;
#1171 = VECTOR ( 'NONE', #2891, 39.37007874015748143 ) ;
#1172 = LINE ( 'NONE', #4194, #2100 ) ;
#1173 = DIRECTION ( 'NONE',  ( -2.168404344971010347E-16, 0.0000000000000000000, -1.000000000000000000 ) ) ;
#1174 = CARTESIAN_POINT ( 'NONE',  ( 0.1181102362204724532, 0.03543307086614173179, 0.07480314960629921850 ) ) ;
#1175 = EDGE_CURVE ( 'NONE', #3732, #109, #636, .T. ) ;
#1176 = DIRECTION ( 'NONE',  ( 1.000000000000000000, 0.0000000000000000000, 0.0000000000000000000 ) ) ;
#1177 = EDGE_CURVE ( 'NONE', #1161, #287, #304, .T. ) ;
#1178 = CIRCLE ( 'NONE', #1455, 0.07283464566929134798 ) ;
#1179 = ORIENTED_EDGE ( 'NONE', *, *, #4223, .F. ) ;
#1180 = LINE ( 'NONE', #3519, #2286 ) ;
#1181 = EDGE_CURVE ( 'NONE', #511, #2181, #1294, .T. ) ;
#1182 = CIRCLE ( 'NONE', #1881, 0.005905511811023620231 ) ;
#1183 = ORIENTED_EDGE ( 'NONE', *, *, #2748, .F. ) ;
#1184 = DIRECTION ( 'NONE',  ( -2.454115839351809943E-16, -1.000000000000000000, 0.0000000000000000000 ) ) ;
#1185 = EDGE_CURVE ( 'NONE', #3898, #3451, #1178, .T. ) ;
#1186 = CIRCLE ( 'NONE', #894, 0.007874015748031499423 ) ;
#1187 = ORIENTED_EDGE ( 'NONE', *, *, #2812, .T. ) ;
#1188 = AXIS2_PLACEMENT_3D ( 'NONE', #3159, #439, #1441 ) ;
#1189 = CARTESIAN_POINT ( 'NONE',  ( 0.0000000000000000000, 0.1377952755905511861, 0.0000000000000000000 ) ) ;
#1190 = CARTESIAN_POINT ( 'NONE',  ( 0.1555118110236219930, -0.06889763779527559306, 0.1023622047244094474 ) ) ;
#1191 = PRESENTATION_LAYER_ASSIGNMENT (  '', '', ( #972 ) ) ;
#1192 = DIRECTION ( 'NONE',  ( 0.0000000000000000000, 0.0000000000000000000, 1.000000000000000000 ) ) ;
#1193 = VERTEX_POINT ( 'NONE', #1594 ) ;
#1194 = EDGE_LOOP ( 'NONE', ( #600, #3, #3656, #1533 ) ) ;
#1195 = ORIENTED_EDGE ( 'NONE', *, *, #1444, .T. ) ;
#1196 = CIRCLE ( 'NONE', #3427, 0.007874015748031499423 ) ;
#1197 = LINE ( 'NONE', #2488, #395 ) ;
#1198 = CARTESIAN_POINT ( 'NONE',  ( -0.1181102362204724532, 0.1299212598425196763, -0.1122047244094488277 ) ) ;
#1199 = DIRECTION ( 'NONE',  ( 0.0000000000000000000, 0.0000000000000000000, 1.000000000000000000 ) ) ;
#1200 = CARTESIAN_POINT ( 'NONE',  ( -0.1318897637795275746, -0.1224523058384645591, 0.07480314960629921850 ) ) ;
#1201 = CIRCLE ( 'NONE', #3775, 0.07283464566929134798 ) ;
#1202 = VERTEX_POINT ( 'NONE', #4286 ) ;
#1203 = CARTESIAN_POINT ( 'NONE',  ( 0.1181102362204724532, 0.03543307086614173179, -0.1023622047244094474 ) ) ;
#1204 = VERTEX_POINT ( 'NONE', #218 ) ;
#1205 = EDGE_CURVE ( 'NONE', #2048, #1331, #2911, .T. ) ;
#1206 = ORIENTED_EDGE ( 'NONE', *, *, #4069, .F. ) ;
#1207 = EDGE_LOOP ( 'NONE', ( #849, #2345, #1435, #2508 ) ) ;
#1208 = CARTESIAN_POINT ( 'NONE',  ( 0.1263219938489248129, -0.04758183636860983945, -0.1023622047244094474 ) ) ;
#1209 = ADVANCED_FACE ( 'NONE', ( #2601 ), #288, .T. ) ;
#1210 = ORIENTED_EDGE ( 'NONE', *, *, #2802, .T. ) ;
#1211 = DIRECTION ( 'NONE',  ( 1.000000000000000000, 0.0000000000000000000, 0.0000000000000000000 ) ) ;
#1212 = LENGTH_MEASURE_WITH_UNIT ( LENGTH_MEASURE( 0.02539999999999999897 ), #543 );
#1213 = DIRECTION ( 'NONE',  ( 0.0000000000000000000, 0.0000000000000000000, 1.000000000000000000 ) ) ;
#1214 = CARTESIAN_POINT ( 'NONE',  ( -0.1181102362204724532, 0.0000000000000000000, -0.1122047244094488277 ) ) ;
#1215 = ORIENTED_EDGE ( 'NONE', *, *, #2431, .T. ) ;
#1216 = ORIENTED_EDGE ( 'NONE', *, *, #906, .T. ) ;
#1217 = LINE ( 'NONE', #3155, #2568 ) ;
#1218 = FILL_AREA_STYLE ('',( #3790 ) ) ;
#1219 = CARTESIAN_POINT ( 'NONE',  ( -0.1318897637795275746, -0.09578120915254409451, 0.1023622047244094474 ) ) ;
#1220 = CARTESIAN_POINT ( 'NONE',  ( 0.1318897637795275746, -0.1024489833240242176, -0.1139111283628084642 ) ) ;
#1221 = CARTESIAN_POINT ( 'NONE',  ( 0.1318897637795275746, -0.04201406643800709162, 0.1023622047244094474 ) ) ;
#1222 = VERTEX_POINT ( 'NONE', #594 ) ;
#1223 = DIRECTION ( 'NONE',  ( 0.0000000000000000000, 0.0000000000000000000, 1.000000000000000000 ) ) ;
#1224 = ORIENTED_EDGE ( 'NONE', *, *, #1819, .T. ) ;
#1225 = VERTEX_POINT ( 'NONE', #1622 ) ;
#1226 = VERTEX_POINT ( 'NONE', #2656 ) ;
#1227 = FACE_OUTER_BOUND ( 'NONE', #861, .T. ) ;
#1228 = SURFACE_SIDE_STYLE ('',( #1686 ) ) ;
#1229 = ADVANCED_FACE ( 'NONE', ( #1640 ), #4303, .F. ) ;
#1230 = EDGE_CURVE ( 'NONE', #3850, #4070, #965, .T. ) ;
#1231 = VERTEX_POINT ( 'NONE', #2719 ) ;
#1232 = DIRECTION ( 'NONE',  ( 3.519431053647356462E-16, -0.8660254037844389297, 0.4999999999999994449 ) ) ;
#1233 = DIRECTION ( 'NONE',  ( 0.0000000000000000000, 0.0000000000000000000, 1.000000000000000000 ) ) ;
#1234 = EDGE_CURVE ( 'NONE', #1292, #955, #2994, .T. ) ;
#1235 = CARTESIAN_POINT ( 'NONE',  ( 0.1318897637795275746, -0.1224523058384645591, 0.1023622047244094474 ) ) ;
#1236 = APPLICATION_PROTOCOL_DEFINITION ( 'draft international standard', 'automotive_design', 1998, #3018 ) ;
#1237 = ORIENTED_EDGE ( 'NONE', *, *, #2105, .T. ) ;
#1238 = VERTEX_POINT ( 'NONE', #3327 ) ;
#1239 = ORIENTED_EDGE ( 'NONE', *, *, #497, .T. ) ;
#1240 = DIRECTION ( 'NONE',  ( 0.0000000000000000000, 1.000000000000000000, 0.0000000000000000000 ) ) ;
#1241 = DIRECTION ( 'NONE',  ( -2.168404344971010347E-16, 0.0000000000000000000, -1.000000000000000000 ) ) ;
#1242 = LINE ( 'NONE', #1849, #3050 ) ;
#1243 = LINE ( 'NONE', #480, #2794 ) ;
#1244 = AXIS2_PLACEMENT_3D ( 'NONE', #3876, #3447, #2469 ) ;
#1245 = LINE ( 'NONE', #3905, #2443 ) ;
#1246 = EDGE_LOOP ( 'NONE', ( #1452, #592 ) ) ;
#1247 = DIRECTION ( 'NONE',  ( 0.0000000000000000000, 0.0000000000000000000, 1.000000000000000000 ) ) ;
#1248 = VECTOR ( 'NONE', #908, 39.37007874015748143 ) ;
#1249 = EDGE_LOOP ( 'NONE', ( #3121, #4114, #1052, #3086 ) ) ;
#1250 = VECTOR ( 'NONE', #3292, 39.37007874015748143 ) ;
#1251 = CARTESIAN_POINT ( 'NONE',  ( 0.1240157480314960647, 0.03543307086614173179, -0.07480314960629921850 ) ) ;
#1252 = VECTOR ( 'NONE', #2751, 39.37007874015748854 ) ;
#1253 = ORIENTED_EDGE ( 'NONE', *, *, #3734, .F. ) ;
#1254 = ORIENTED_EDGE ( 'NONE', *, *, #1648, .T. ) ;
#1255 = VECTOR ( 'NONE', #758, 39.37007874015748143 ) ;
#1256 = CARTESIAN_POINT ( 'NONE',  ( -0.1318897637795275746, -0.09578120915254409451, -0.1023622047244094474 ) ) ;
#1257 = CARTESIAN_POINT ( 'NONE',  ( -0.1181102362204724532, 0.1299212598425196763, 0.04921259842519685318 ) ) ;
#1258 = DIMENSIONAL_EXPONENTS ( 1.000000000000000000, 0.0000000000000000000, 0.0000000000000000000, 0.0000000000000000000, 0.0000000000000000000, 0.0000000000000000000, 0.0000000000000000000 ) ;
#1259 = VECTOR ( 'NONE', #3933, 39.37007874015748854 ) ;
#1260 = ORIENTED_EDGE ( 'NONE', *, *, #2669, .F. ) ;
#1261 = DIRECTION ( 'NONE',  ( 0.0000000000000000000, 0.0000000000000000000, -1.000000000000000000 ) ) ;
#1262 = VECTOR ( 'NONE', #3247, 39.37007874015748143 ) ;
#1263 = EDGE_CURVE ( 'NONE', #1649, #4012, #4319, .T. ) ;
#1264 = LINE ( 'NONE', #2595, #1114 ) ;
#1265 = ADVANCED_FACE ( 'NONE', ( #717 ), #3034, .T. ) ;
#1266 = EDGE_LOOP ( 'NONE', ( #153, #2868, #1360, #1579 ) ) ;
#1267 = AXIS2_PLACEMENT_3D ( 'NONE', #2795, #2475, #4116 ) ;
#1268 = VERTEX_POINT ( 'NONE', #1716 ) ;
#1269 = EDGE_CURVE ( 'NONE', #1349, #874, #3708, .T. ) ;
#1270 = CARTESIAN_POINT ( 'NONE',  ( 0.0000000000000000000, 0.6259842519685040463, 0.0000000000000000000 ) ) ;
#1271 = CARTESIAN_POINT ( 'NONE',  ( 0.1181102362204724532, 0.003937007874015747977, 0.04921259842519685318 ) ) ;
#1272 = AXIS2_PLACEMENT_3D ( 'NONE', #2964, #1288, #2263 ) ;
#1273 = CARTESIAN_POINT ( 'NONE',  ( 0.1318897637795275746, -0.09578120915254409451, -0.1023622047244094474 ) ) ;
#1274 = ORIENTED_EDGE ( 'NONE', *, *, #4259, .F. ) ;
#1275 = DIRECTION ( 'NONE',  ( 0.0000000000000000000, 1.000000000000000000, 0.0000000000000000000 ) ) ;
#1276 = EDGE_CURVE ( 'NONE', #821, #348, #2045, .T. ) ;
#1277 = CIRCLE ( 'NONE', #761, 0.005905511811023620231 ) ;
#1278 = FILL_AREA_STYLE_COLOUR ( '', #1387 ) ;
#1279 = EDGE_LOOP ( 'NONE', ( #2665, #3511, #2598, #3241 ) ) ;
#1280 = CIRCLE ( 'NONE', #3713, 0.007874015748031499423 ) ;
#1281 = EDGE_LOOP ( 'NONE', ( #780, #4221, #4188, #2396 ) ) ;
#1282 = PRODUCT_DEFINITION ( 'UNKNOWN', '', #3652, #2455 ) ;
#1283 = DIRECTION ( 'NONE',  ( 1.000000000000000000, 0.0000000000000000000, -1.445602896647339903E-16 ) ) ;
#1284 = STYLED_ITEM ( 'NONE', ( #1845 ), #1774 ) ;
#1285 = CARTESIAN_POINT ( 'NONE',  ( 0.08858267716535432601, 0.1181102362204724532, -0.08858267716535432601 ) ) ;
#1286 = DIRECTION ( 'NONE',  ( -1.000000000000000000, -4.063888932435259910E-16, 0.0000000000000000000 ) ) ;
#1287 = ORIENTED_EDGE ( 'NONE', *, *, #1234, .F. ) ;
#1288 = DIRECTION ( 'NONE',  ( 1.000000000000000000, 1.478036555683235174E-47, 6.022684552957449548E-32 ) ) ;
#1289 = DIRECTION ( 'NONE',  ( 1.000000000000000000, 0.0000000000000000000, 0.0000000000000000000 ) ) ;
#1290 = FACE_OUTER_BOUND ( 'NONE', #3966, .T. ) ;
#1291 = VERTEX_POINT ( 'NONE', #3741 ) ;
#1292 = VERTEX_POINT ( 'NONE', #2837 ) ;
#1293 = EDGE_CURVE ( 'NONE', #2292, #2454, #177, .T. ) ;
#1294 = LINE ( 'NONE', #2968, #2505 ) ;
#1295 = DIRECTION ( 'NONE',  ( 0.0000000000000000000, -1.000000000000000000, 0.0000000000000000000 ) ) ;
#1296 = DIRECTION ( 'NONE',  ( 0.0000000000000000000, 0.0000000000000000000, -1.000000000000000000 ) ) ;
#1297 = DIRECTION ( 'NONE',  ( 0.0000000000000000000, 0.0000000000000000000, -1.000000000000000000 ) ) ;
#1298 = EDGE_CURVE ( 'NONE', #3128, #1031, #4184, .T. ) ;
#1299 = ORIENTED_EDGE ( 'NONE', *, *, #730, .F. ) ;
#1300 = DIRECTION ( 'NONE',  ( 0.0000000000000000000, 1.000000000000000000, 0.0000000000000000000 ) ) ;
#1301 = EDGE_CURVE ( 'NONE', #436, #2111, #2976, .T. ) ;
#1302 = ORIENTED_EDGE ( 'NONE', *, *, #334, .T. ) ;
#1303 = DIRECTION ( 'NONE',  ( 0.0000000000000000000, -1.000000000000000000, 0.0000000000000000000 ) ) ;
#1304 = ORIENTED_EDGE ( 'NONE', *, *, #64, .F. ) ;
#1305 = CYLINDRICAL_SURFACE ( 'NONE', #3705, 0.02362204724409448092 ) ;
#1306 = PLANE ( 'NONE',  #1804 ) ;
#1307 = PLANE ( 'NONE',  #3410 ) ;
#1308 = ORIENTED_EDGE ( 'NONE', *, *, #4241, .T. ) ;
#1309 = CARTESIAN_POINT ( 'NONE',  ( -0.1181102362204724532, 0.03543307086614173179, -0.1023622047244094474 ) ) ;
#1310 = DIRECTION ( 'NONE',  ( 0.0000000000000000000, 0.0000000000000000000, -1.000000000000000000 ) ) ;
#1311 = FACE_OUTER_BOUND ( 'NONE', #1884, .T. ) ;
#1312 = CARTESIAN_POINT ( 'NONE',  ( 0.1122047244094488277, 0.1299212598425196763, -0.1122047244094488277 ) ) ;
#1313 = DIRECTION ( 'NONE',  ( 0.0000000000000000000, -1.000000000000000000, 0.0000000000000000000 ) ) ;
#1314 = ORIENTED_EDGE ( 'NONE', *, *, #839, .T. ) ;
#1315 = CARTESIAN_POINT ( 'NONE',  ( 0.1122047244094488277, 0.1299212598425196763, 0.1122047244094488277 ) ) ;
#1316 = CIRCLE ( 'NONE', #3744, 0.007874015748031499423 ) ;
#1317 = ADVANCED_FACE ( 'NONE', ( #514 ), #3481, .T. ) ;
#1318 = EDGE_CURVE ( 'NONE', #4158, #3576, #473, .T. ) ;
#1319 = VECTOR ( 'NONE', #2677, 39.37007874015748143 ) ;
#1320 = VERTEX_POINT ( 'NONE', #1783 ) ;
#1321 = LINE ( 'NONE', #295, #1456 ) ;
#1322 = EDGE_CURVE ( 'NONE', #216, #2458, #1822, .T. ) ;
#1323 = ADVANCED_FACE ( 'NONE', ( #2189 ), #823, .T. ) ;
#1324 = VECTOR ( 'NONE', #1806, 39.37007874015748854 ) ;
#1325 = AXIS2_PLACEMENT_3D ( 'NONE', #1654, #2615, #1588 ) ;
#1326 = ORIENTED_EDGE ( 'NONE', *, *, #1458, .T. ) ;
#1327 = EDGE_CURVE ( 'NONE', #1331, #980, #3888, .T. ) ;
#1328 = DIRECTION ( 'NONE',  ( -4.063888932435259910E-16, -1.000000000000000000, 0.0000000000000000000 ) ) ;
#1329 = VECTOR ( 'NONE', #1006, 39.37007874015748143 ) ;
#1330 = CARTESIAN_POINT ( 'NONE',  ( -0.1181102362204724532, 0.03543307086614173179, 0.1023622047244094474 ) ) ;
#1331 = VERTEX_POINT ( 'NONE', #1144 ) ;
#1332 = CARTESIAN_POINT ( 'NONE',  ( 0.1181102362204724532, 0.02755905511811023584, 0.07480314960629921850 ) ) ;
#1333 = DIRECTION ( 'NONE',  ( -1.000000000000000000, -4.063888932435259910E-16, 0.0000000000000000000 ) ) ;
#1334 = LINE ( 'NONE', #990, #3288 ) ;
#1335 = DIRECTION ( 'NONE',  ( 0.0000000000000000000, -1.000000000000000000, 0.0000000000000000000 ) ) ;
#1336 = CIRCLE ( 'NONE', #1619, 0.005905511811023620231 ) ;
#1337 = CARTESIAN_POINT ( 'NONE',  ( -0.1318897637795275746, -0.1224523058384645591, 0.07480314960629921850 ) ) ;
#1338 = ORIENTED_EDGE ( 'NONE', *, *, #2187, .F. ) ;
#1339 = CARTESIAN_POINT ( 'NONE',  ( 0.1318897637795275746, -0.09578120915254409451, -0.1023622047244094474 ) ) ;
#1340 = LINE ( 'NONE', #4309, #3259 ) ;
#1341 = VECTOR ( 'NONE', #2815, 39.37007874015748854 ) ;
#1342 = AXIS2_PLACEMENT_3D ( 'NONE', #2620, #3954, #3628 ) ;
#1343 = ORIENTED_EDGE ( 'NONE', *, *, #3475, .T. ) ;
#1344 = DIRECTION ( 'NONE',  ( 0.0000000000000000000, 1.000000000000000000, 0.0000000000000000000 ) ) ;
#1345 = ADVANCED_FACE ( 'NONE', ( #3526 ), #2459, .T. ) ;
#1346 = CARTESIAN_POINT ( 'NONE',  ( -0.1555118110236219930, -0.06889763779527559306, 0.1023622047244094474 ) ) ;
#1347 = CIRCLE ( 'NONE', #767, 0.02362204724409448092 ) ;
#1348 = ORIENTED_EDGE ( 'NONE', *, *, #2447, .F. ) ;
#1349 = VERTEX_POINT ( 'NONE', #1862 ) ;
#1350 = LINE ( 'NONE', #1, #2102 ) ;
#1351 = DIRECTION ( 'NONE',  ( 0.0000000000000000000, -1.000000000000000000, 0.0000000000000000000 ) ) ;
#1352 = VECTOR ( 'NONE', #99, 39.37007874015748143 ) ;
#1353 = EDGE_CURVE ( 'NONE', #445, #3193, #1476, .T. ) ;
#1354 = ORIENTED_EDGE ( 'NONE', *, *, #684, .T. ) ;
#1355 = CARTESIAN_POINT ( 'NONE',  ( 0.0000000000000000000, 0.0000000000000000000, 0.04921259842519685318 ) ) ;
#1356 = CARTESIAN_POINT ( 'NONE',  ( 0.1181102362204724532, 0.0000000000000000000, -0.1181102362204724532 ) ) ;
#1357 = DIRECTION ( 'NONE',  ( 0.0000000000000000000, -1.000000000000000000, 0.0000000000000000000 ) ) ;
#1358 = EDGE_CURVE ( 'NONE', #2921, #3192, #2781, .T. ) ;
#1359 = LINE ( 'NONE', #654, #3072 ) ;
#1360 = ORIENTED_EDGE ( 'NONE', *, *, #383, .F. ) ;
#1361 = DIRECTION ( 'NONE',  ( 0.0000000000000000000, 0.0000000000000000000, 1.000000000000000000 ) ) ;
#1362 = DIRECTION ( 'NONE',  ( 0.0000000000000000000, -1.000000000000000000, 0.0000000000000000000 ) ) ;
#1363 = ORIENTED_EDGE ( 'NONE', *, *, #2632, .F. ) ;
#1364 = CARTESIAN_POINT ( 'NONE',  ( -0.1318897637795275746, -0.1143824042423135789, -0.07014398974742774850 ) ) ;
#1365 = DIRECTION ( 'NONE',  ( 0.0000000000000000000, 0.0000000000000000000, 1.000000000000000000 ) ) ;
#1366 = VERTEX_POINT ( 'NONE', #2865 ) ;
#1367 = VERTEX_POINT ( 'NONE', #446 ) ;
#1368 = DIRECTION ( 'NONE',  ( 0.0000000000000000000, 0.0000000000000000000, -1.000000000000000000 ) ) ;
#1369 = ADVANCED_FACE ( 'NONE', ( #494 ), #3147, .T. ) ;
#1370 = EDGE_CURVE ( 'NONE', #1570, #70, #2106, .T. ) ;
#1371 = CARTESIAN_POINT ( 'NONE',  ( -0.1532055652061933004, -0.07446540772587834089, -0.1023622047244094474 ) ) ;
#1372 = SHAPE_DEFINITION_REPRESENTATION ( #2696, #1774 ) ;
#1373 = ORIENTED_EDGE ( 'NONE', *, *, #2346, .T. ) ;
#1374 = EDGE_LOOP ( 'NONE', ( #164, #146, #3638, #1239, #3278, #3525 ) ) ;
#1375 = LINE ( 'NONE', #3707, #454 ) ;
#1376 = EDGE_CURVE ( 'NONE', #2716, #4158, #4142, .T. ) ;
#1377 = LINE ( 'NONE', #2720, #484 ) ;
#1378 = DIRECTION ( 'NONE',  ( 0.0000000000000000000, -1.000000000000000000, 0.0000000000000000000 ) ) ;
#1379 = DIRECTION ( 'NONE',  ( 0.0000000000000000000, -1.000000000000000000, 0.0000000000000000000 ) ) ;
#1380 = EDGE_LOOP ( 'NONE', ( #3054, #3348, #2008, #3769 ) ) ;
#1381 = LINE ( 'NONE', #2002, #1026 ) ;
#1382 = DIRECTION ( 'NONE',  ( 0.7071067811865470176, 0.7071067811865480168, 0.0000000000000000000 ) ) ;
#1383 = SURFACE_STYLE_FILL_AREA ( #3131 ) ;
#1384 = CARTESIAN_POINT ( 'NONE',  ( 0.1122047244094488277, 0.1299212598425196763, -0.1181102362204724532 ) ) ;
#1385 = ORIENTED_EDGE ( 'NONE', *, *, #4126, .T. ) ;
#1386 = CARTESIAN_POINT ( 'NONE',  ( -0.1318897637795275746, -0.1224523058384645591, -0.07480314960629921850 ) ) ;
#1387 = COLOUR_RGB ( '',0.8313725490196077761, 0.8392156862745098200, 0.8313725490196077761 ) ;
#1388 = LINE ( 'NONE', #1346, #1682 ) ;
#1389 = EDGE_LOOP ( 'NONE', ( #923, #2328, #1677, #2334 ) ) ;
#1390 = ORIENTED_EDGE ( 'NONE', *, *, #1789, .F. ) ;
#1391 = AXIS2_PLACEMENT_3D ( 'NONE', #3437, #757, #430 ) ;
#1392 = DIRECTION ( 'NONE',  ( 0.0000000000000000000, 0.0000000000000000000, -1.000000000000000000 ) ) ;
#1393 = CLOSED_SHELL ( 'NONE', ( #3074, #396, #3256, #4118, #1078, #258, #2547, #3686, #932, #3994, #3230, #1953, #1856, #3144, #2799, #91, #3725, #3370, #1317, #2033 ) ) ;
#1394 = VERTEX_POINT ( 'NONE', #1163 ) ;
#1395 = EDGE_LOOP ( 'NONE', ( #2194, #1569, #1338, #2952 ) ) ;
#1396 = EDGE_CURVE ( 'NONE', #4012, #2024, #3800, .T. ) ;
#1397 = VECTOR ( 'NONE', #229, 39.37007874015748143 ) ;
#1398 =( NAMED_UNIT ( * ) PLANE_ANGLE_UNIT ( ) SI_UNIT ( $, .RADIAN. ) );
#1399 = CARTESIAN_POINT ( 'NONE',  ( -0.1240157480314960647, 0.02755905511811023584, -0.1023622047244094474 ) ) ;
#1400 = DIRECTION ( 'NONE',  ( 0.0000000000000000000, -1.000000000000000000, 0.0000000000000000000 ) ) ;
#1401 = CARTESIAN_POINT ( 'NONE',  ( -0.1318897637795275746, 0.02755905511811023584, -0.07480314960629921850 ) ) ;
#1402 = SURFACE_STYLE_USAGE ( .BOTH. , #2067 ) ;
#1403 = VECTOR ( 'NONE', #4252, 39.37007874015748143 ) ;
#1404 = FACE_OUTER_BOUND ( 'NONE', #2502, .T. ) ;
#1405 = EDGE_CURVE ( 'NONE', #1607, #1971, #3823, .T. ) ;
#1406 = ORIENTED_EDGE ( 'NONE', *, *, #14, .F. ) ;
#1407 = VECTOR ( 'NONE', #790, 39.37007874015748143 ) ;
#1408 = AXIS2_PLACEMENT_3D ( 'NONE', #1932, #3002, #1909 ) ;
#1409 = CARTESIAN_POINT ( 'NONE',  ( 0.08858267716535432601, 0.1377952755905511861, -0.1122047244094488139 ) ) ;
#1410 = EDGE_CURVE ( 'NONE', #3014, #2068, #2436, .T. ) ;
#1411 = EDGE_LOOP ( 'NONE', ( #3537, #3572 ) ) ;
#1412 = CARTESIAN_POINT ( 'NONE',  ( -0.1318897637795275746, -0.09578120915254409451, 0.1023622047244094474 ) ) ;
#1413 = CIRCLE ( 'NONE', #2389, 0.02362204724409448092 ) ;
#1414 = ORIENTED_EDGE ( 'NONE', *, *, #3539, .T. ) ;
#1415 = ORIENTED_EDGE ( 'NONE', *, *, #2029, .T. ) ;
#1416 = DIRECTION ( 'NONE',  ( 0.7071067811865479058, -0.7071067811865469066, 0.0000000000000000000 ) ) ;
#1417 = VECTOR ( 'NONE', #3787, 39.37007874015748143 ) ;
#1418 = CARTESIAN_POINT ( 'NONE',  ( -0.1263219938489248129, -0.09021343922194134668, -0.07480314960629921850 ) ) ;
#1419 = DIRECTION ( 'NONE',  ( 0.0000000000000000000, -1.000000000000000000, 0.0000000000000000000 ) ) ;
#1420 = DIRECTION ( 'NONE',  ( 1.000000000000000000, 0.0000000000000000000, 0.0000000000000000000 ) ) ;
#1421 = ORIENTED_EDGE ( 'NONE', *, *, #3852, .F. ) ;
#1422 = DIRECTION ( 'NONE',  ( 0.0000000000000000000, 1.000000000000000000, 0.0000000000000000000 ) ) ;
#1423 = FACE_OUTER_BOUND ( 'NONE', #37, .T. ) ;
#1424 = DIRECTION ( 'NONE',  ( 0.0000000000000000000, -1.000000000000000000, 0.0000000000000000000 ) ) ;
#1425 = ADVANCED_FACE ( 'NONE', ( #3551 ), #1306, .F. ) ;
#1426 = DIRECTION ( 'NONE',  ( 0.0000000000000000000, 0.0000000000000000000, 1.000000000000000000 ) ) ;
#1427 = ORIENTED_EDGE ( 'NONE', *, *, #1405, .F. ) ;
#1428 = DIRECTION ( 'NONE',  ( 0.0000000000000000000, 0.0000000000000000000, 1.000000000000000000 ) ) ;
#1429 = CARTESIAN_POINT ( 'NONE',  ( 0.1181102362204724532, 0.02755905511811023584, 0.07480314960629921850 ) ) ;
#1430 = LINE ( 'NONE', #1448, #1877 ) ;
#1431 = LINE ( 'NONE', #18, #3772 ) ;
#1432 = ORIENTED_EDGE ( 'NONE', *, *, #794, .F. ) ;
#1433 = DIRECTION ( 'NONE',  ( -4.273955692857149504E-18, -0.9993908270190957621, -0.03489949670250103164 ) ) ;
#1434 = CARTESIAN_POINT ( 'NONE',  ( -0.08858267716535432601, 0.1299212598425196763, -0.1122047244094488139 ) ) ;
#1435 = ORIENTED_EDGE ( 'NONE', *, *, #497, .F. ) ;
#1436 = ORIENTED_EDGE ( 'NONE', *, *, #2516, .F. ) ;
#1437 = DIRECTION ( 'NONE',  ( 0.0000000000000000000, 1.000000000000000000, 0.0000000000000000000 ) ) ;
#1438 = FACE_OUTER_BOUND ( 'NONE', #4247, .T. ) ;
#1439 = SURFACE_STYLE_USAGE ( .BOTH. , #421 ) ;
#1440 = CARTESIAN_POINT ( 'NONE',  ( 0.1476377952755905387, -0.06889763779527559306, 0.1023622047244094474 ) ) ;
#1441 = DIRECTION ( 'NONE',  ( 0.0000000000000000000, 0.0000000000000000000, 1.000000000000000000 ) ) ;
#1442 = EDGE_LOOP ( 'NONE', ( #2958, #3653, #3208, #535 ) ) ;
#1443 = LENGTH_MEASURE_WITH_UNIT ( LENGTH_MEASURE( 0.02539999999999999897 ), #1792 );
#1444 = EDGE_CURVE ( 'NONE', #2689, #2184, #1889, .T. ) ;
#1445 = EDGE_CURVE ( 'NONE', #3299, #1238, #4298, .T. ) ;
#1446 = DIRECTION ( 'NONE',  ( 0.0000000000000000000, 1.000000000000000000, 0.0000000000000000000 ) ) ;
#1447 = EDGE_CURVE ( 'NONE', #2553, #629, #959, .T. ) ;
#1448 = CARTESIAN_POINT ( 'NONE',  ( 0.1318897637795275746, -0.09578120915254409451, 0.1023622047244094474 ) ) ;
#1449 = CARTESIAN_POINT ( 'NONE',  ( 0.1263219938489248129, -0.04758183636860983945, -0.07480314960629921850 ) ) ;
#1450 = EDGE_CURVE ( 'NONE', #2370, #2836, #4324, .T. ) ;
#1451 = AXIS2_PLACEMENT_3D ( 'NONE', #3671, #42, #418 ) ;
#1452 = ORIENTED_EDGE ( 'NONE', *, *, #2699, .T. ) ;
#1453 = CARTESIAN_POINT ( 'NONE',  ( -0.1318897637795275746, 0.02755905511811023584, 0.07480314960629921850 ) ) ;
#1454 = CARTESIAN_POINT ( 'NONE',  ( -0.08858267716535432601, 0.1377952755905511861, -0.1122047244094488139 ) ) ;
#1455 = AXIS2_PLACEMENT_3D ( 'NONE', #618, #1920, #1964 ) ;
#1456 = VECTOR ( 'NONE', #2644, 39.37007874015748143 ) ;
#1457 = DIRECTION ( 'NONE',  ( 0.0000000000000000000, -1.000000000000000000, 0.0000000000000000000 ) ) ;
#1458 = EDGE_CURVE ( 'NONE', #329, #2610, #2779, .T. ) ;
#1459 = EDGE_LOOP ( 'NONE', ( #664, #1810, #3822, #2882 ) ) ;
#1460 = ORIENTED_EDGE ( 'NONE', *, *, #1931, .F. ) ;
#1461 = TOROIDAL_SURFACE ( 'NONE', #2077, 0.04763532873913756127, 0.003937007874015747977 ) ;
#1462 = LINE ( 'NONE', #2788, #3268 ) ;
#1463 = DIRECTION ( 'NONE',  ( 1.000000000000000000, 0.0000000000000000000, 0.0000000000000000000 ) ) ;
#1464 = CARTESIAN_POINT ( 'NONE',  ( -0.1240157480314960647, -0.1377952755905511861, 0.1023622047244094474 ) ) ;
#1465 = ORIENTED_EDGE ( 'NONE', *, *, #1123, .T. ) ;
#1466 = CARTESIAN_POINT ( 'NONE',  ( -0.1181102362204724532, 0.02755905511811023584, 0.07480314960629921850 ) ) ;
#1467 = VECTOR ( 'NONE', #1899, 39.37007874015748854 ) ;
#1468 = DIRECTION ( 'NONE',  ( 0.0000000000000000000, 1.000000000000000000, 0.0000000000000000000 ) ) ;
#1469 = VECTOR ( 'NONE', #12, 39.37007874015748143 ) ;
#1470 = EDGE_CURVE ( 'NONE', #1268, #2689, #211, .T. ) ;
#1471 = DIRECTION ( 'NONE',  ( 1.000000000000000000, 0.0000000000000000000, 0.0000000000000000000 ) ) ;
#1472 = AXIS2_PLACEMENT_3D ( 'NONE', #281, #630, #3303 ) ;
#1473 = ADVANCED_FACE ( 'NONE', ( #3924 ), #2569, .T. ) ;
#1474 = AXIS2_PLACEMENT_3D ( 'NONE', #504, #4170, #3224 ) ;
#1475 = VERTEX_POINT ( 'NONE', #234 ) ;
#1476 = LINE ( 'NONE', #1453, #2145 ) ;
#1477 = DIRECTION ( 'NONE',  ( 0.0000000000000000000, 0.0000000000000000000, -1.000000000000000000 ) ) ;
#1478 = VECTOR ( 'NONE', #2342, 39.37007874015748143 ) ;
#1479 = DIRECTION ( 'NONE',  ( -1.000000000000000000, 0.0000000000000000000, 0.0000000000000000000 ) ) ;
#1480 = ORIENTED_EDGE ( 'NONE', *, *, #3314, .F. ) ;
#1481 = ORIENTED_EDGE ( 'NONE', *, *, #4285, .F. ) ;
#1482 = VECTOR ( 'NONE', #4044, 39.37007874015748143 ) ;
#1483 = LINE ( 'NONE', #852, #3617 ) ;
#1484 = LINE ( 'NONE', #191, #694 ) ;
#1485 = CARTESIAN_POINT ( 'NONE',  ( 0.1555118110236220208, -0.06889763779527559306, 0.07480314960629921850 ) ) ;
#1486 = CARTESIAN_POINT ( 'NONE',  ( -0.08858267716535432601, 0.1181102362204724532, 0.08858267716535432601 ) ) ;
#1487 = ORIENTED_EDGE ( 'NONE', *, *, #2190, .F. ) ;
#1488 = CARTESIAN_POINT ( 'NONE',  ( 0.1240157480314960647, 0.03543307086614173179, -0.1023622047244094474 ) ) ;
#1489 = CARTESIAN_POINT ( 'NONE',  ( -0.1240157480314960647, -0.09578120915254409451, 0.1023622047244094474 ) ) ;
#1490 = ORIENTED_EDGE ( 'NONE', *, *, #461, .F. ) ;
#1491 = LINE ( 'NONE', #1121, #1341 ) ;
#1492 = ORIENTED_EDGE ( 'NONE', *, *, #1005, .F. ) ;
#1493 = DIRECTION ( 'NONE',  ( 0.0000000000000000000, 1.000000000000000000, 0.0000000000000000000 ) ) ;
#1494 = EDGE_CURVE ( 'NONE', #88, #1649, #1914, .T. ) ;
#1495 = PRESENTATION_STYLE_ASSIGNMENT (( #2532 ) ) ;
#1496 = ADVANCED_FACE ( 'NONE', ( #3285 ), #3260, .T. ) ;
#1497 = CARTESIAN_POINT ( 'NONE',  ( 0.1240157480314960647, -0.1377952755905511861, -0.08366141732283464971 ) ) ;
#1498 = DIRECTION ( 'NONE',  ( 0.0000000000000000000, -1.000000000000000000, 0.0000000000000000000 ) ) ;
#1499 = CARTESIAN_POINT ( 'NONE',  ( 0.0000000000000000000, 0.6261216515618209799, 0.0000000000000000000 ) ) ;
#1500 = ORIENTED_EDGE ( 'NONE', *, *, #1983, .F. ) ;
#1501 = ORIENTED_EDGE ( 'NONE', *, *, #2410, .F. ) ;
#1502 = ORIENTED_EDGE ( 'NONE', *, *, #2118, .T. ) ;
#1503 = EDGE_CURVE ( 'NONE', #1736, #3355, #588, .T. ) ;
#1504 = CARTESIAN_POINT ( 'NONE',  ( -0.1122047244094488277, 0.1299212598425196763, -0.1181102362204724532 ) ) ;
#1505 = DIRECTION ( 'NONE',  ( -1.000000000000000000, 0.0000000000000000000, 0.0000000000000000000 ) ) ;
#1506 = CARTESIAN_POINT ( 'NONE',  ( -0.1532055652061933004, -0.07446540772587834089, 0.07480314960629921850 ) ) ;
#1507 = LINE ( 'NONE', #2872, #269 ) ;
#1508 = CARTESIAN_POINT ( 'NONE',  ( -0.08858267716535432601, 0.1377952755905511861, 0.06496062992125983815 ) ) ;
#1509 = ORIENTED_EDGE ( 'NONE', *, *, #383, .T. ) ;
#1510 = FACE_OUTER_BOUND ( 'NONE', #3290, .T. ) ;
#1511 = DIRECTION ( 'NONE',  ( 0.0000000000000000000, 1.000000000000000000, 0.0000000000000000000 ) ) ;
#1512 = LINE ( 'NONE', #1838, #1669 ) ;
#1513 = DIRECTION ( 'NONE',  ( 0.0000000000000000000, -1.000000000000000000, 0.0000000000000000000 ) ) ;
#1514 = ORIENTED_EDGE ( 'NONE', *, *, #416, .F. ) ;
#1515 = DIRECTION ( 'NONE',  ( 1.000000000000000000, 0.0000000000000000000, 0.0000000000000000000 ) ) ;
#1516 = CARTESIAN_POINT ( 'NONE',  ( -0.1240157480314960647, -0.1377952755905511861, 0.09350393700787401619 ) ) ;
#1517 = CARTESIAN_POINT ( 'NONE',  ( 0.1318897637795275746, -0.09578120915254409451, 0.1023622047244094474 ) ) ;
#1518 = DIRECTION ( 'NONE',  ( 0.0000000000000000000, 0.0000000000000000000, 1.000000000000000000 ) ) ;
#1519 = VECTOR ( 'NONE', #388, 39.37007874015748854 ) ;
#1520 = ORIENTED_EDGE ( 'NONE', *, *, #1954, .F. ) ;
#1521 = ORIENTED_EDGE ( 'NONE', *, *, #1770, .F. ) ;
#1522 = ADVANCED_FACE ( 'NONE', ( #4257 ), #1957, .T. ) ;
#1523 = ORIENTED_EDGE ( 'NONE', *, *, #3605, .F. ) ;
#1524 = FACE_OUTER_BOUND ( 'NONE', #1076, .T. ) ;
#1525 = AXIS2_PLACEMENT_3D ( 'NONE', #3999, #2636, #3974 ) ;
#1526 = LINE ( 'NONE', #2180, #2166 ) ;
#1527 = DIRECTION ( 'NONE',  ( 0.0000000000000000000, 0.0000000000000000000, -1.000000000000000000 ) ) ;
#1528 = DIRECTION ( 'NONE',  ( -1.000000000000000000, 0.0000000000000000000, 0.0000000000000000000 ) ) ;
#1529 = FACE_OUTER_BOUND ( 'NONE', #2317, .T. ) ;
#1530 = VECTOR ( 'NONE', #2479, 39.37007874015748143 ) ;
#1531 = ORIENTED_EDGE ( 'NONE', *, *, #3174, .T. ) ;
#1532 = DIRECTION ( 'NONE',  ( 0.0000000000000000000, 0.0000000000000000000, 1.000000000000000000 ) ) ;
#1533 = ORIENTED_EDGE ( 'NONE', *, *, #27, .T. ) ;
#1534 = AXIS2_PLACEMENT_3D ( 'NONE', #318, #1676, #2991 ) ;
#1535 = ORIENTED_EDGE ( 'NONE', *, *, #1376, .F. ) ;
#1536 = AXIS2_PLACEMENT_3D ( 'NONE', #2350, #1297, #1335 ) ;
#1537 = VERTEX_POINT ( 'NONE', #1634 ) ;
#1538 = DIRECTION ( 'NONE',  ( 0.7071067811865479058, -0.7071067811865469066, 0.0000000000000000000 ) ) ;
#1539 = ADVANCED_FACE ( 'NONE', ( #2283 ), #299, .F. ) ;
#1540 = VECTOR ( 'NONE', #2272, 39.37007874015748143 ) ;
#1541 = EDGE_LOOP ( 'NONE', ( #3512, #3231, #3307, #933 ) ) ;
#1542 = AXIS2_PLACEMENT_3D ( 'NONE', #1051, #3025, #1668 ) ;
#1543 = CARTESIAN_POINT ( 'NONE',  ( 0.1476377952755905387, -0.06889763779527559306, -0.07480314960629921850 ) ) ;
#1544 = CARTESIAN_POINT ( 'NONE',  ( 0.1532055652061933004, -0.07446540772587834089, -0.07480314960629921850 ) ) ;
#1545 = VERTEX_POINT ( 'NONE', #1937 ) ;
#1546 = ORIENTED_EDGE ( 'NONE', *, *, #3120, .F. ) ;
#1547 = ORIENTED_EDGE ( 'NONE', *, *, #2978, .T. ) ;
#1548 = VECTOR ( 'NONE', #84, 39.37007874015748143 ) ;
#1549 = CARTESIAN_POINT ( 'NONE',  ( 0.1263219938489248129, -0.04758183636860983945, -0.07480314960629921850 ) ) ;
#1550 = DIRECTION ( 'NONE',  ( -2.454115839351809943E-16, -1.000000000000000000, 0.0000000000000000000 ) ) ;
#1551 = EDGE_CURVE ( 'NONE', #2266, #1607, #2883, .T. ) ;
#1552 = CARTESIAN_POINT ( 'NONE',  ( 0.08858267716535432601, 0.1496062992125984370, -0.1122047244094488139 ) ) ;
#1553 = DIRECTION ( 'NONE',  ( -0.7071067811865469066, 0.7071067811865479058, 0.0000000000000000000 ) ) ;
#1554 = AXIS2_PLACEMENT_3D ( 'NONE', #1146, #797, #3484 ) ;
#1555 = ORIENTED_EDGE ( 'NONE', *, *, #3287, .T. ) ;
#1556 = CARTESIAN_POINT ( 'NONE',  ( -0.1318897637795275746, -0.04201406643800709162, 0.1023622047244094474 ) ) ;
#1557 = ORIENTED_EDGE ( 'NONE', *, *, #2159, .F. ) ;
#1558 = ADVANCED_FACE ( 'NONE', ( #3891 ), #1461, .T. ) ;
#1559 = ORIENTED_EDGE ( 'NONE', *, *, #3892, .T. ) ;
#1560 = ORIENTED_EDGE ( 'NONE', *, *, #2187, .T. ) ;
#1561 = EDGE_CURVE ( 'NONE', #4082, #1225, #2980, .T. ) ;
#1562 = LINE ( 'NONE', #1584, #3821 ) ;
#1563 = CARTESIAN_POINT ( 'NONE',  ( 0.1122047244094488277, 0.1377952755905511861, -0.1181102362204724532 ) ) ;
#1564 = VERTEX_POINT ( 'NONE', #2988 ) ;
#1565 = DIRECTION ( 'NONE',  ( 0.0000000000000000000, -1.000000000000000000, 0.0000000000000000000 ) ) ;
#1566 = DIRECTION ( 'NONE',  ( -0.0000000000000000000, 1.000000000000000000, 0.0000000000000000000 ) ) ;
#1567 = LINE ( 'NONE', #499, #3052 ) ;
#1568 = LENGTH_MEASURE_WITH_UNIT ( LENGTH_MEASURE( 0.02539999999999999897 ), #2241 );
#1569 = ORIENTED_EDGE ( 'NONE', *, *, #3852, .T. ) ;
#1570 = VERTEX_POINT ( 'NONE', #711 ) ;
#1571 = CARTESIAN_POINT ( 'NONE',  ( -0.1318897637795275746, 0.02755905511811023584, 0.1023622047244094474 ) ) ;
#1572 = LINE ( 'NONE', #3243, #3187 ) ;
#1573 = LINE ( 'NONE', #3490, #3137 ) ;
#1574 = DIRECTION ( 'NONE',  ( 4.063888932435259910E-16, -1.000000000000000000, 0.0000000000000000000 ) ) ;
#1575 = PLANE ( 'NONE',  #4189 ) ;
#1576 = EDGE_LOOP ( 'NONE', ( #2894, #2690, #521, #120, #1629, #3670 ) ) ;
#1577 = CARTESIAN_POINT ( 'NONE',  ( -0.1263219938489248129, -0.09021343922194134668, 0.1023622047244094474 ) ) ;
#1578 = SURFACE_STYLE_USAGE ( .BOTH. , #3610 ) ;
#1579 = ORIENTED_EDGE ( 'NONE', *, *, #4166, .F. ) ;
#1580 = VERTEX_POINT ( 'NONE', #2651 ) ;
#1581 = EDGE_CURVE ( 'NONE', #3850, #1726, #2324, .T. ) ;
#1582 = VERTEX_POINT ( 'NONE', #3737 ) ;
#1583 = EDGE_CURVE ( 'NONE', #2992, #3193, #1989, .T. ) ;
#1584 = CARTESIAN_POINT ( 'NONE',  ( -0.1555118110236220763, -0.1377952755905511861, -0.09350393700787401619 ) ) ;
#1585 = DIRECTION ( 'NONE',  ( 0.0000000000000000000, -1.000000000000000000, 0.0000000000000000000 ) ) ;
#1586 = EDGE_LOOP ( 'NONE', ( #2234, #1743, #534, #3980 ) ) ;
#1587 = PLANE ( 'NONE',  #3422 ) ;
#1588 = DIRECTION ( 'NONE',  ( 0.0000000000000000000, 0.0000000000000000000, -1.000000000000000000 ) ) ;
#1589 = CARTESIAN_POINT ( 'NONE',  ( 0.0000000000000000000, 0.1299212598425196763, 0.0000000000000000000 ) ) ;
#1590 = CARTESIAN_POINT ( 'NONE',  ( -0.1122047244094488277, 0.1299212598425196763, 0.1122047244094488277 ) ) ;
#1591 = ADVANCED_FACE ( 'NONE', ( #17 ), #380, .T. ) ;
#1592 = ORIENTED_EDGE ( 'NONE', *, *, #3763, .T. ) ;
#1593 = ORIENTED_EDGE ( 'NONE', *, *, #1581, .F. ) ;
#1594 = CARTESIAN_POINT ( 'NONE',  ( -0.1318897637795275746, -0.1224523058384645591, -0.1023622047244094474 ) ) ;
#1595 = DIRECTION ( 'NONE',  ( 0.0000000000000000000, -1.000000000000000000, 0.0000000000000000000 ) ) ;
#1596 = DIRECTION ( 'NONE',  ( 1.000000000000000000, 0.0000000000000000000, 0.0000000000000000000 ) ) ;
#1597 = PRESENTATION_LAYER_ASSIGNMENT (  '', '', ( #2140 ) ) ;
#1598 = CYLINDRICAL_SURFACE ( 'NONE', #542, 0.02362204724409448092 ) ;
#1599 = EDGE_CURVE ( 'NONE', #874, #931, #2341, .T. ) ;
#1600 = ORIENTED_EDGE ( 'NONE', *, *, #613, .T. ) ;
#1601 = CARTESIAN_POINT ( 'NONE',  ( -0.1240157480314960647, -0.09578120915254409451, -0.1023622047244094474 ) ) ;
#1602 = AXIS2_PLACEMENT_3D ( 'NONE', #1601, #2918, #1247 ) ;
#1603 = ORIENTED_EDGE ( 'NONE', *, *, #226, .F. ) ;
#1604 = EDGE_CURVE ( 'NONE', #4148, #2509, #1698, .T. ) ;
#1605 = AXIS2_PLACEMENT_3D ( 'NONE', #2354, #2401, #3689 ) ;
#1606 = DIRECTION ( 'NONE',  ( 0.0000000000000000000, 0.0000000000000000000, -1.000000000000000000 ) ) ;
#1607 = VERTEX_POINT ( 'NONE', #1027 ) ;
#1608 = CARTESIAN_POINT ( 'NONE',  ( 0.1181102362204724532, 0.03543307086614173179, 0.1023622047244094474 ) ) ;
#1609 = VECTOR ( 'NONE', #182, 39.37007874015748143 ) ;
#1610 = CARTESIAN_POINT ( 'NONE',  ( 0.1476377952755905387, -0.06889763779527559306, 0.07480314960629921850 ) ) ;
#1611 = EDGE_CURVE ( 'NONE', #4175, #722, #792, .T. ) ;
#1612 = AXIS2_PLACEMENT_3D ( 'NONE', #2348, #2374, #3378 ) ;
#1613 = ORIENTED_EDGE ( 'NONE', *, *, #2347, .F. ) ;
#1614 = CARTESIAN_POINT ( 'NONE',  ( 0.08858267716535432601, 0.1496062992125984370, 0.08858267716535432601 ) ) ;
#1615 = CARTESIAN_POINT ( 'NONE',  ( -0.1555118110236220763, 0.003937007874015747977, 0.04921259842519685318 ) ) ;
#1616 = CIRCLE ( 'NONE', #4332, 0.007874015748031499423 ) ;
#1617 = FACE_BOUND ( 'NONE', #1411, .T. ) ;
#1618 = EDGE_CURVE ( 'NONE', #2183, #1320, #2916, .T. ) ;
#1619 = AXIS2_PLACEMENT_3D ( 'NONE', #880, #2851, #3565 ) ;
#1620 = ORIENTED_EDGE ( 'NONE', *, *, #2029, .F. ) ;
#1621 = DIRECTION ( 'NONE',  ( 0.0000000000000000000, 1.000000000000000000, 0.0000000000000000000 ) ) ;
#1622 = CARTESIAN_POINT ( 'NONE',  ( 0.1318897637795275746, 0.02755905511811023584, -0.07480314960629921850 ) ) ;
#1623 = EDGE_CURVE ( 'NONE', #2400, #1759, #2151, .T. ) ;
#1624 = FACE_OUTER_BOUND ( 'NONE', #3468, .T. ) ;
#1625 = VECTOR ( 'NONE', #1956, 39.37007874015748143 ) ;
#1626 = VERTEX_POINT ( 'NONE', #4120 ) ;
#1627 = PLANE ( 'NONE',  #1730 ) ;
#1628 = AXIS2_PLACEMENT_3D ( 'NONE', #45, #784, #2729 ) ;
#1629 = ORIENTED_EDGE ( 'NONE', *, *, #3090, .T. ) ;
#1630 = VECTOR ( 'NONE', #160, 39.37007874015748143 ) ;
#1631 = CARTESIAN_POINT ( 'NONE',  ( -0.08858267716535432601, 0.1496062992125984370, -0.06496062992125983815 ) ) ;
#1632 = EDGE_LOOP ( 'NONE', ( #2974, #973, #292, #1803 ) ) ;
#1633 = CARTESIAN_POINT ( 'NONE',  ( 0.1318897637795275746, -0.09578120915254409451, -0.1023622047244094474 ) ) ;
#1634 = CARTESIAN_POINT ( 'NONE',  ( -0.1318897637795275746, -0.09578120915254409451, 0.1023622047244094474 ) ) ;
#1635 = PLANE ( 'NONE',  #328 ) ;
#1636 = EDGE_LOOP ( 'NONE', ( #3853, #2411, #802, #2112, #1521, #3079 ) ) ;
#1637 = VERTEX_POINT ( 'NONE', #2138 ) ;
#1638 = EDGE_CURVE ( 'NONE', #2176, #3549, #1512, .T. ) ;
#1639 = DIRECTION ( 'NONE',  ( 1.445602896647339903E-16, 0.0000000000000000000, 1.000000000000000000 ) ) ;
#1640 = FACE_OUTER_BOUND ( 'NONE', #2339, .T. ) ;
#1641 = PLANE ( 'NONE',  #4185 ) ;
#1642 = DIRECTION ( 'NONE',  ( -1.000000000000000000, 0.0000000000000000000, 0.0000000000000000000 ) ) ;
#1643 = CARTESIAN_POINT ( 'NONE',  ( 0.1122047244094488277, 0.1299212598425196763, 0.1181102362204724532 ) ) ;
#1644 = ADVANCED_FACE ( 'NONE', ( #841 ), #3477, .F. ) ;
#1645 = ORIENTED_EDGE ( 'NONE', *, *, #3637, .T. ) ;
#1646 = EDGE_CURVE ( 'NONE', #7, #3675, #1430, .T. ) ;
#1647 = DIRECTION ( 'NONE',  ( 0.0000000000000000000, 0.0000000000000000000, -1.000000000000000000 ) ) ;
#1648 = EDGE_CURVE ( 'NONE', #4209, #614, #3629, .T. ) ;
#1649 = VERTEX_POINT ( 'NONE', #3780 ) ;
#1650 = CARTESIAN_POINT ( 'NONE',  ( 0.1181102362204724532, 0.03543307086614173179, -0.07480314960629921850 ) ) ;
#1651 = ORIENTED_EDGE ( 'NONE', *, *, #663, .T. ) ;
#1652 = ORIENTED_EDGE ( 'NONE', *, *, #3868, .F. ) ;
#1653 = PLANE ( 'NONE',  #1272 ) ;
#1654 = CARTESIAN_POINT ( 'NONE',  ( -0.1181102362204724532, 0.02755905511811023584, -0.1023622047244094474 ) ) ;
#1655 = CARTESIAN_POINT ( 'NONE',  ( 0.1240157480314960647, -0.1377952755905511861, 0.1023622047244094474 ) ) ;
#1656 = VERTEX_POINT ( 'NONE', #2119 ) ;
#1657 = DIRECTION ( 'NONE',  ( 0.0000000000000000000, 0.0000000000000000000, 1.000000000000000000 ) ) ;
#1658 = DIRECTION ( 'NONE',  ( -1.000000000000000000, 0.0000000000000000000, 0.0000000000000000000 ) ) ;
#1659 = CARTESIAN_POINT ( 'NONE',  ( 0.1122047244094488277, 0.1299212598425196763, -0.1181102362204724532 ) ) ;
#1660 = EDGE_CURVE ( 'NONE', #2934, #3865, #3001, .T. ) ;
#1661 = VERTEX_POINT ( 'NONE', #658 ) ;
#1662 = DIRECTION ( 'NONE',  ( -1.000000000000000000, 0.0000000000000000000, 2.168404344971010347E-16 ) ) ;
#1663 = AXIS2_PLACEMENT_3D ( 'NONE', #4055, #69, #3095 ) ;
#1664 = CIRCLE ( 'NONE', #734, 0.06889763779527559306 ) ;
#1665 = ORIENTED_EDGE ( 'NONE', *, *, #2484, .T. ) ;
#1666 = LINE ( 'NONE', #3593, #44 ) ;
#1667 = MECHANICAL_DESIGN_GEOMETRIC_PRESENTATION_REPRESENTATION (  '', ( #953 ), #3116 ) ;
#1668 = DIRECTION ( 'NONE',  ( 1.000000000000000000, 0.0000000000000000000, 0.0000000000000000000 ) ) ;
#1669 = VECTOR ( 'NONE', #3098, 39.37007874015748143 ) ;
#1670 = VERTEX_POINT ( 'NONE', #681 ) ;
#1671 = VERTEX_POINT ( 'NONE', #4206 ) ;
#1672 = EDGE_CURVE ( 'NONE', #3818, #2746, #2012, .T. ) ;
#1673 = CARTESIAN_POINT ( 'NONE',  ( -0.1318897637795275746, -0.04201406643800709162, 0.1023622047244094474 ) ) ;
#1674 = CARTESIAN_POINT ( 'NONE',  ( 0.1240157480314960647, 0.02755905511811023584, 0.1023622047244094474 ) ) ;
#1675 = AXIS2_PLACEMENT_3D ( 'NONE', #161, #2481, #1147 ) ;
#1676 = DIRECTION ( 'NONE',  ( 1.000000000000000000, 1.478036555683235174E-47, 6.022684552957449548E-32 ) ) ;
#1677 = ORIENTED_EDGE ( 'NONE', *, *, #196, .T. ) ;
#1678 = EDGE_LOOP ( 'NONE', ( #2281, #1906, #2167, #2763, #3803, #75, #223, #4270, #3911, #3844, #3782, #3864, #1343, #827, #377, #3701, #2195 ) ) ;
#1679 = VECTOR ( 'NONE', #720, 39.37007874015748143 ) ;
#1680 = DIRECTION ( 'NONE',  ( 0.0000000000000000000, 0.0000000000000000000, -1.000000000000000000 ) ) ;
#1681 = CARTESIAN_POINT ( 'NONE',  ( -0.1476377952755905387, -0.06889763779527559306, 0.1023622047244094474 ) ) ;
#1682 = VECTOR ( 'NONE', #2338, 39.37007874015748143 ) ;
#1683 = CARTESIAN_POINT ( 'NONE',  ( 0.1318897637795275746, -0.1143824042423135789, -0.07014398974742774850 ) ) ;
#1684 = DIRECTION ( 'NONE',  ( 1.000000000000000000, 0.0000000000000000000, 0.0000000000000000000 ) ) ;
#1685 = CARTESIAN_POINT ( 'NONE',  ( -0.1318897637795275746, -0.09578120915254409451, 0.1023622047244094474 ) ) ;
#1686 = SURFACE_STYLE_FILL_AREA ( #2356 ) ;
#1687 = COLOUR_RGB ( '',0.8313725490196077761, 0.8392156862745098200, 0.8313725490196077761 ) ;
#1688 = ORIENTED_EDGE ( 'NONE', *, *, #4306, .F. ) ;
#1689 = LINE ( 'NONE', #4274, #670 ) ;
#1690 = EDGE_CURVE ( 'NONE', #1537, #2285, #3209, .T. ) ;
#1691 = EDGE_CURVE ( 'NONE', #1126, #647, #1562, .T. ) ;
#1692 = AXIS2_PLACEMENT_3D ( 'NONE', #2743, #3709, #3017 ) ;
#1693 = FACE_BOUND ( 'NONE', #3134, .T. ) ;
#1694 = ADVANCED_FACE ( 'NONE', ( #1227 ), #865, .T. ) ;
#1695 = AXIS2_PLACEMENT_3D ( 'NONE', #1148, #2173, #1826 ) ;
#1696 = VERTEX_POINT ( 'NONE', #1256 ) ;
#1697 = ORIENTED_EDGE ( 'NONE', *, *, #158, .F. ) ;
#1698 = LINE ( 'NONE', #3012, #742 ) ;
#1699 = DIRECTION ( 'NONE',  ( 1.000000000000000000, 0.0000000000000000000, 0.0000000000000000000 ) ) ;
#1700 = LINE ( 'NONE', #3926, #2083 ) ;
#1701 = ORIENTED_EDGE ( 'NONE', *, *, #2544, .T. ) ;
#1702 = LINE ( 'NONE', #2416, #2907 ) ;
#1703 = CARTESIAN_POINT ( 'NONE',  ( -0.1318897637795275746, 0.02755905511811023584, -0.1023622047244094474 ) ) ;
#1704 = DIRECTION ( 'NONE',  ( 0.0000000000000000000, 1.000000000000000000, 0.0000000000000000000 ) ) ;
#1705 = ORIENTED_EDGE ( 'NONE', *, *, #583, .F. ) ;
#1706 = LINE ( 'NONE', #4071, #804 ) ;
#1707 = SPHERICAL_SURFACE ( 'NONE', #3992, 0.03937007874015747977 ) ;
#1708 = VERTEX_POINT ( 'NONE', #3866 ) ;
#1709 = LINE ( 'NONE', #3404, #4180 ) ;
#1710 = DIRECTION ( 'NONE',  ( 0.0000000000000000000, -1.000000000000000000, 0.0000000000000000000 ) ) ;
#1711 = EDGE_CURVE ( 'NONE', #4329, #2256, #3918, .T. ) ;
#1712 = ORIENTED_EDGE ( 'NONE', *, *, #3688, .T. ) ;
#1713 = VERTEX_POINT ( 'NONE', #3254 ) ;
#1714 = DIRECTION ( 'NONE',  ( 1.000000000000000000, 0.0000000000000000000, 0.0000000000000000000 ) ) ;
#1715 = EDGE_LOOP ( 'NONE', ( #1917, #1652, #302, #3166 ) ) ;
#1716 = CARTESIAN_POINT ( 'NONE',  ( -0.1240157480314960647, 0.02755905511811023584, 0.1023622047244094474 ) ) ;
#1717 = DIRECTION ( 'NONE',  ( 0.0000000000000000000, 1.000000000000000000, 0.0000000000000000000 ) ) ;
#1718 = DIRECTION ( 'NONE',  ( 0.0000000000000000000, 1.000000000000000000, 0.0000000000000000000 ) ) ;
#1719 = EDGE_CURVE ( 'NONE', #1564, #3062, #250, .T. ) ;
#1720 = DIRECTION ( 'NONE',  ( 0.0000000000000000000, 1.000000000000000000, -2.454115839351809943E-16 ) ) ;
#1721 = ORIENTED_EDGE ( 'NONE', *, *, #3599, .F. ) ;
#1722 = FACE_OUTER_BOUND ( 'NONE', #1155, .T. ) ;
#1723 = FACE_OUTER_BOUND ( 'NONE', #3462, .T. ) ;
#1724 = PRODUCT_RELATED_PRODUCT_CATEGORY ( 'part', '', ( #1933 ) ) ;
#1725 = LINE ( 'NONE', #2472, #4271 ) ;
#1726 = VERTEX_POINT ( 'NONE', #1087 ) ;
#1727 = FACE_OUTER_BOUND ( 'NONE', #4183, .T. ) ;
#1728 = VECTOR ( 'NONE', #2942, 39.37007874015748143 ) ;
#1729 = CARTESIAN_POINT ( 'NONE',  ( 0.08858267716535432601, 0.1496062992125984370, -0.08858267716535432601 ) ) ;
#1730 = AXIS2_PLACEMENT_3D ( 'NONE', #3909, #2608, #1647 ) ;
#1731 = PLANE ( 'NONE',  #3293 ) ;
#1732 = EDGE_CURVE ( 'NONE', #3543, #2266, #1747, .T. ) ;
#1733 = VECTOR ( 'NONE', #994, 39.37007874015748143 ) ;
#1734 = AXIS2_PLACEMENT_3D ( 'NONE', #934, #974, #1951 ) ;
#1735 = ORIENTED_EDGE ( 'NONE', *, *, #885, .F. ) ;
#1736 = VERTEX_POINT ( 'NONE', #3066 ) ;
#1737 = AXIS2_PLACEMENT_3D ( 'NONE', #4049, #1382, #3714 ) ;
#1738 = ADVANCED_FACE ( 'NONE', ( #2091 ), #4108, .T. ) ;
#1739 = DIRECTION ( 'NONE',  ( 4.063888932435259910E-16, -1.000000000000000000, 0.0000000000000000000 ) ) ;
#1740 = DIRECTION ( 'NONE',  ( 0.0000000000000000000, 0.0000000000000000000, -1.000000000000000000 ) ) ;
#1741 = LINE ( 'NONE', #3669, #3649 ) ;
#1742 = AXIS2_PLACEMENT_3D ( 'NONE', #3826, #846, #3554 ) ;
#1743 = ORIENTED_EDGE ( 'NONE', *, *, #4227, .T. ) ;
#1744 = LINE ( 'NONE', #3087, #2771 ) ;
#1745 = EDGE_CURVE ( 'NONE', #4278, #1202, #3448, .T. ) ;
#1746 = ADVANCED_FACE ( 'NONE', ( #1438 ), #3791, .T. ) ;
#1747 = LINE ( 'NONE', #4073, #812 ) ;
#1748 = AXIS2_PLACEMENT_3D ( 'NONE', #4089, #2425, #2094 ) ;
#1749 = DIRECTION ( 'NONE',  ( 0.0000000000000000000, -1.000000000000000000, 0.0000000000000000000 ) ) ;
#1750 = EDGE_LOOP ( 'NONE', ( #3608, #4013, #4191, #2587 ) ) ;
#1751 = AXIS2_PLACEMENT_3D ( 'NONE', #50, #1365, #4080 ) ;
#1752 = CARTESIAN_POINT ( 'NONE',  ( -0.1318897637795275746, -0.04201406643800709162, -0.1023622047244094474 ) ) ;
#1753 = ORIENTED_EDGE ( 'NONE', *, *, #633, .T. ) ;
#1754 = AXIS2_PLACEMENT_3D ( 'NONE', #4052, #1261, #918 ) ;
#1755 = CYLINDRICAL_SURFACE ( 'NONE', #472, 0.02362204724409448092 ) ;
#1756 = VECTOR ( 'NONE', #2578, 39.37007874015748854 ) ;
#1757 = CARTESIAN_POINT ( 'NONE',  ( 0.0000000000000000000, 0.6259842519685040463, 0.0000000000000000000 ) ) ;
#1758 = DIRECTION ( 'NONE',  ( 0.0000000000000000000, 0.0000000000000000000, -1.000000000000000000 ) ) ;
#1759 = VERTEX_POINT ( 'NONE', #2052 ) ;
#1760 = EDGE_LOOP ( 'NONE', ( #4058, #197, #203, #3226 ) ) ;
#1761 = VECTOR ( 'NONE', #590, 39.37007874015748143 ) ;
#1762 = DIRECTION ( 'NONE',  ( 0.0000000000000000000, 1.000000000000000000, 0.0000000000000000000 ) ) ;
#1763 = CARTESIAN_POINT ( 'NONE',  ( -0.1181102362204724532, 0.02755905511811023584, -0.07480314960629921850 ) ) ;
#1764 = ADVANCED_FACE ( 'NONE', ( #1723 ), #854, .T. ) ;
#1765 = EDGE_LOOP ( 'NONE', ( #3257, #981, #452, #1867 ) ) ;
#1766 = EDGE_CURVE ( 'NONE', #1475, #270, #1197, .T. ) ;
#1767 = CARTESIAN_POINT ( 'NONE',  ( -0.08858267716535432601, 0.1299212598425196763, -0.1122047244094488139 ) ) ;
#1768 = CARTESIAN_POINT ( 'NONE',  ( -0.1181102362204724532, 0.0000000000000000000, 0.04921259842519685318 ) ) ;
#1769 =( NAMED_UNIT ( * ) PLANE_ANGLE_UNIT ( ) SI_UNIT ( $, .RADIAN. ) );
#1770 = EDGE_CURVE ( 'NONE', #3420, #4087, #1242, .T. ) ;
#1771 = DIRECTION ( 'NONE',  ( 0.0000000000000000000, 0.0000000000000000000, 1.000000000000000000 ) ) ;
#1772 = PLANE ( 'NONE',  #408 ) ;
#1773 = ADVANCED_FACE ( 'NONE', ( #3489 ), #4193, .T. ) ;
#1774 = ADVANCED_BREP_SHAPE_REPRESENTATION ( 'CUI_DEVICES_TS02-66-160-BK-160-LCR-D', ( #3414, #1915, #417, #3366, #3438, #1876, #3075 ), #4 ) ;
#1775 = VERTEX_POINT ( 'NONE', #877 ) ;
#1776 = SURFACE_STYLE_FILL_AREA ( #1116 ) ;
#1777 = ORIENTED_EDGE ( 'NONE', *, *, #4339, .T. ) ;
#1778 = DIRECTION ( 'NONE',  ( 0.0000000000000000000, 0.0000000000000000000, 1.000000000000000000 ) ) ;
#1779 = CARTESIAN_POINT ( 'NONE',  ( 0.1181102362204724532, 0.1377952755905511861, 0.1181102362204724532 ) ) ;
#1780 = ADVANCED_FACE ( 'NONE', ( #3223 ), #4169, .T. ) ;
#1781 = VERTEX_POINT ( 'NONE', #1549 ) ;
#1782 = CARTESIAN_POINT ( 'NONE',  ( 0.1181102362204724532, 0.1299212598425196763, -0.1181102362204724532 ) ) ;
#1783 = CARTESIAN_POINT ( 'NONE',  ( 0.08858267716535432601, 0.1496062992125984370, 0.1122047244094488139 ) ) ;
#1784 = CARTESIAN_POINT ( 'NONE',  ( 0.1181102362204724532, 0.02755905511811023584, -0.1023622047244094474 ) ) ;
#1785 = CARTESIAN_POINT ( 'NONE',  ( 0.1476377952755905387, -0.06889763779527559306, -0.1023622047244094474 ) ) ;
#1786 = ORIENTED_EDGE ( 'NONE', *, *, #1981, .T. ) ;
#1787 = EDGE_LOOP ( 'NONE', ( #4341, #4030, #2526, #2660 ) ) ;
#1788 = CARTESIAN_POINT ( 'NONE',  ( 0.08858267716535432601, 0.1496062992125984370, -0.06496062992125983815 ) ) ;
#1789 = EDGE_CURVE ( 'NONE', #287, #3865, #3834, .T. ) ;
#1790 = CARTESIAN_POINT ( 'NONE',  ( 0.1240157480314960647, -0.1224523058384645591, -0.07480314960629921850 ) ) ;
#1791 = ORIENTED_EDGE ( 'NONE', *, *, #3937, .T. ) ;
#1792 =( LENGTH_UNIT ( ) NAMED_UNIT ( * ) SI_UNIT ( $, .METRE. ) );
#1793 = CARTESIAN_POINT ( 'NONE',  ( 0.08858267716535432601, 0.1377952755905511861, -0.08858267716535432601 ) ) ;
#1794 = CARTESIAN_POINT ( 'NONE',  ( 0.0000000000000000000, 0.1377952755905511861, 0.0000000000000000000 ) ) ;
#1795 = CIRCLE ( 'NONE', #4246, 0.02362204724409448092 ) ;
#1796 = AXIS2_PLACEMENT_3D ( 'NONE', #576, #2049, #1361 ) ;
#1797 = ORIENTED_EDGE ( 'NONE', *, *, #4225, .F. ) ;
#1798 = CARTESIAN_POINT ( 'NONE',  ( -0.1263219938489248129, -0.04758183636860983945, -0.1023622047244094474 ) ) ;
#1799 = DIRECTION ( 'NONE',  ( 0.0000000000000000000, 0.0000000000000000000, 1.000000000000000000 ) ) ;
#1800 = AXIS2_PLACEMENT_3D ( 'NONE', #876, #853, #4213 ) ;
#1801 = DIRECTION ( 'NONE',  ( 0.0000000000000000000, 0.0000000000000000000, 1.000000000000000000 ) ) ;
#1802 = VERTEX_POINT ( 'NONE', #2128 ) ;
#1803 = ORIENTED_EDGE ( 'NONE', *, *, #2983, .F. ) ;
#1804 = AXIS2_PLACEMENT_3D ( 'NONE', #1615, #2950, #1974 ) ;
#1805 = DIRECTION ( 'NONE',  ( 0.0000000000000000000, -1.000000000000000000, 0.0000000000000000000 ) ) ;
#1806 = DIRECTION ( 'NONE',  ( -0.7071067811865479058, -0.7071067811865469066, 0.0000000000000000000 ) ) ;
#1807 = CARTESIAN_POINT ( 'NONE',  ( -0.1318897637795275746, -0.09578120915254409451, -0.1023622047244094474 ) ) ;
#1808 = CIRCLE ( 'NONE', #4262, 0.005905511811023620231 ) ;
#1809 = DIRECTION ( 'NONE',  ( 0.0000000000000000000, 0.0000000000000000000, -1.000000000000000000 ) ) ;
#1810 = ORIENTED_EDGE ( 'NONE', *, *, #3720, .F. ) ;
#1811 = DIRECTION ( 'NONE',  ( 0.0000000000000000000, 0.0000000000000000000, 1.000000000000000000 ) ) ;
#1812 = AXIS2_PLACEMENT_3D ( 'NONE', #1852, #2848, #1199 ) ;
#1813 = CARTESIAN_POINT ( 'NONE',  ( 0.1181102362204724532, 0.02755905511811023584, -0.07480314960629921850 ) ) ;
#1814 = EDGE_CURVE ( 'NONE', #2823, #7, #3130, .T. ) ;
#1815 = DIRECTION ( 'NONE',  ( 0.0000000000000000000, 0.0000000000000000000, 1.000000000000000000 ) ) ;
#1816 = ADVANCED_FACE ( 'NONE', ( #1311 ), #1641, .T. ) ;
#1817 = CARTESIAN_POINT ( 'NONE',  ( -0.1318897637795275746, -0.09578120915254409451, 0.1023622047244094474 ) ) ;
#1818 = VECTOR ( 'NONE', #3118, 39.37007874015748143 ) ;
#1819 = EDGE_CURVE ( 'NONE', #874, #3929, #2299, .T. ) ;
#1820 = MECHANICAL_DESIGN_GEOMETRIC_PRESENTATION_REPRESENTATION (  '', ( #277 ), #3213 ) ;
#1821 = ORIENTED_EDGE ( 'NONE', *, *, #2357, .T. ) ;
#1822 = LINE ( 'NONE', #845, #319 ) ;
#1823 = CARTESIAN_POINT ( 'NONE',  ( 0.1181102362204724532, 0.03543307086614173179, -0.07480314960629921850 ) ) ;
#1824 = CIRCLE ( 'NONE', #912, 0.007874015748031499423 ) ;
#1825 = DIRECTION ( 'NONE',  ( -3.519431053647356462E-16, -0.8660254037844389297, 0.4999999999999994449 ) ) ;
#1826 = DIRECTION ( 'NONE',  ( 1.000000000000000000, 0.0000000000000000000, 0.0000000000000000000 ) ) ;
#1827 = VERTEX_POINT ( 'NONE', #925 ) ;
#1828 = ORIENTED_EDGE ( 'NONE', *, *, #139, .F. ) ;
#1829 = ORIENTED_EDGE ( 'NONE', *, *, #579, .F. ) ;
#1830 = CARTESIAN_POINT ( 'NONE',  ( 0.1240157480314960647, -0.1224523058384645591, 0.07480314960629921850 ) ) ;
#1831 = DIRECTION ( 'NONE',  ( 0.0000000000000000000, 0.0000000000000000000, -1.000000000000000000 ) ) ;
#1832 = CARTESIAN_POINT ( 'NONE',  ( -0.08858267716535432601, 0.1377952755905511861, 0.08858267716535432601 ) ) ;
#1833 = DIRECTION ( 'NONE',  ( -0.7071067811865469066, -0.7071067811865479058, 0.0000000000000000000 ) ) ;
#1834 = ORIENTED_EDGE ( 'NONE', *, *, #3941, .T. ) ;
#1835 = CARTESIAN_POINT ( 'NONE',  ( 0.1318897637795275746, 0.02755905511811023584, -0.1023622047244094474 ) ) ;
#1836 = DIRECTION ( 'NONE',  ( -1.000000000000000000, 0.0000000000000000000, 0.0000000000000000000 ) ) ;
#1837 = ORIENTED_EDGE ( 'NONE', *, *, #839, .F. ) ;
#1838 = CARTESIAN_POINT ( 'NONE',  ( 0.08858267716535432601, 0.1496062992125984370, -0.1122047244094488139 ) ) ;
#1839 = CARTESIAN_POINT ( 'NONE',  ( -0.08858267716535432601, 0.1377952755905511861, 0.08858267716535432601 ) ) ;
#1840 = EDGE_CURVE ( 'NONE', #2635, #3828, #4325, .T. ) ;
#1841 = ORIENTED_EDGE ( 'NONE', *, *, #4241, .F. ) ;
#1842 = DIRECTION ( 'NONE',  ( -1.000000000000000000, 0.0000000000000000000, 0.0000000000000000000 ) ) ;
#1843 = DIRECTION ( 'NONE',  ( 0.0000000000000000000, -1.000000000000000000, 0.0000000000000000000 ) ) ;
#1844 = CARTESIAN_POINT ( 'NONE',  ( -0.1240157480314960647, 0.03543307086614173179, -0.1023622047244094474 ) ) ;
#1845 = PRESENTATION_STYLE_ASSIGNMENT (( #3622 ) ) ;
#1846 = ORIENTED_EDGE ( 'NONE', *, *, #2056, .T. ) ;
#1847 = ORIENTED_EDGE ( 'NONE', *, *, #4225, .T. ) ;
#1848 = ORIENTED_EDGE ( 'NONE', *, *, #3612, .T. ) ;
#1849 = CARTESIAN_POINT ( 'NONE',  ( 0.1240157480314960647, -0.09578120915254409451, -0.1023622047244094474 ) ) ;
#1850 = DIRECTION ( 'NONE',  ( 0.0000000000000000000, 0.0000000000000000000, 1.000000000000000000 ) ) ;
#1851 = LINE ( 'NONE', #3176, #683 ) ;
#1852 = CARTESIAN_POINT ( 'NONE',  ( 0.0000000000000000000, 0.6299212598425196763, 0.0000000000000000000 ) ) ;
#1853 = DIRECTION ( 'NONE',  ( 0.0000000000000000000, 0.0000000000000000000, -1.000000000000000000 ) ) ;
#1854 = ORIENTED_EDGE ( 'NONE', *, *, #4140, .T. ) ;
#1855 = CARTESIAN_POINT ( 'NONE',  ( -0.1555118110236220763, -0.1377952755905511861, 0.08366141732283464971 ) ) ;
#1856 = ADVANCED_FACE ( 'NONE', ( #3903 ), #3976, .F. ) ;
#1857 = ORIENTED_EDGE ( 'NONE', *, *, #3008, .T. ) ;
#1858 = VERTEX_POINT ( 'NONE', #966 ) ;
#1859 = FACE_OUTER_BOUND ( 'NONE', #3276, .T. ) ;
#1860 = VERTEX_POINT ( 'NONE', #989 ) ;
#1861 = AXIS2_PLACEMENT_3D ( 'NONE', #1855, #2134, #3813 ) ;
#1862 = CARTESIAN_POINT ( 'NONE',  ( -0.1181102362204724532, 0.03543307086614173179, 0.1023622047244094474 ) ) ;
#1863 = DIRECTION ( 'NONE',  ( -1.000000000000000000, 2.454115839351809943E-16, 0.0000000000000000000 ) ) ;
#1864 = CYLINDRICAL_SURFACE ( 'NONE', #2439, 0.005905511811023620231 ) ;
#1865 = DIRECTION ( 'NONE',  ( 1.000000000000000000, -0.0000000000000000000, 1.224646799147353207E-16 ) ) ;
#1866 = AXIS2_PLACEMENT_3D ( 'NONE', #3275, #2583, #1968 ) ;
#1867 = ORIENTED_EDGE ( 'NONE', *, *, #115, .T. ) ;
#1868 = ORIENTED_EDGE ( 'NONE', *, *, #2861, .F. ) ;
#1869 = EDGE_LOOP ( 'NONE', ( #1929, #296, #917, #1077 ) ) ;
#1870 = EDGE_CURVE ( 'NONE', #1367, #4164, #2715, .T. ) ;
#1871 = DIRECTION ( 'NONE',  ( 0.0000000000000000000, 0.0000000000000000000, 1.000000000000000000 ) ) ;
#1872 = VECTOR ( 'NONE', #3584, 39.37007874015748854 ) ;
#1873 = CARTESIAN_POINT ( 'NONE',  ( 0.0000000000000000000, 0.1299212598425196763, 0.07283464566929134798 ) ) ;
#1874 = DIRECTION ( 'NONE',  ( 0.0000000000000000000, 0.0000000000000000000, -1.000000000000000000 ) ) ;
#1875 = LINE ( 'NONE', #4174, #2307 ) ;
#1876 = MANIFOLD_SOLID_BREP ( 'Imported6', #2913 ) ;
#1877 = VECTOR ( 'NONE', #2755, 39.37007874015748143 ) ;
#1878 = ORIENTED_EDGE ( 'NONE', *, *, #2646, .T. ) ;
#1879 = DIRECTION ( 'NONE',  ( -1.000000000000000000, 0.0000000000000000000, 0.0000000000000000000 ) ) ;
#1880 = ORIENTED_EDGE ( 'NONE', *, *, #3688, .F. ) ;
#1881 = AXIS2_PLACEMENT_3D ( 'NONE', #1590, #1498, #2506 ) ;
#1882 = ORIENTED_EDGE ( 'NONE', *, *, #2884, .F. ) ;
#1883 = VECTOR ( 'NONE', #2419, 39.37007874015748143 ) ;
#1884 = EDGE_LOOP ( 'NONE', ( #4021, #3700, #1427, #1183 ) ) ;
#1885 = LINE ( 'NONE', #1257, #905 ) ;
#1886 = CIRCLE ( 'NONE', #1188, 0.02362204724409448092 ) ;
#1887 = VERTEX_POINT ( 'NONE', #3606 ) ;
#1888 = AXIS2_PLACEMENT_3D ( 'NONE', #2895, #1018, #3594 ) ;
#1889 = LINE ( 'NONE', #610, #4051 ) ;
#1890 = STYLED_ITEM ( 'NONE', ( #3383 ), #3438 ) ;
#1891 = CARTESIAN_POINT ( 'NONE',  ( 5.833645286671673834E-18, 0.6259842519685040463, -0.04763532873913756127 ) ) ;
#1892 = ORIENTED_EDGE ( 'NONE', *, *, #3030, .F. ) ;
#1893 = EDGE_LOOP ( 'NONE', ( #3152, #2321 ) ) ;
#1894 = ORIENTED_EDGE ( 'NONE', *, *, #2861, .T. ) ;
#1895 = DIRECTION ( 'NONE',  ( 1.000000000000000000, 0.0000000000000000000, 0.0000000000000000000 ) ) ;
#1896 = PLANE ( 'NONE',  #606 ) ;
#1897 = VECTOR ( 'NONE', #1379, 39.37007874015748143 ) ;
#1898 = CARTESIAN_POINT ( 'NONE',  ( -0.1476377952755905387, -0.06889763779527559306, -0.1023622047244094474 ) ) ;
#1899 = DIRECTION ( 'NONE',  ( 0.7071067811865479058, -0.7071067811865469066, 0.0000000000000000000 ) ) ;
#1900 = CARTESIAN_POINT ( 'NONE',  ( 0.1318897637795275746, -0.04201406643800709162, -0.07480314960629921850 ) ) ;
#1901 = EDGE_CURVE ( 'NONE', #25, #3183, #3081, .T. ) ;
#1902 = EDGE_CURVE ( 'NONE', #4315, #1222, #892, .T. ) ;
#1903 = AXIS2_PLACEMENT_3D ( 'NONE', #1013, #3591, #3728 ) ;
#1904 = ORIENTED_EDGE ( 'NONE', *, *, #714, .F. ) ;
#1905 = DIRECTION ( 'NONE',  ( 1.000000000000000000, 0.0000000000000000000, 0.0000000000000000000 ) ) ;
#1906 = ORIENTED_EDGE ( 'NONE', *, *, #4079, .T. ) ;
#1907 = ORIENTED_EDGE ( 'NONE', *, *, #389, .F. ) ;
#1908 = ORIENTED_EDGE ( 'NONE', *, *, #2229, .F. ) ;
#1909 = DIRECTION ( 'NONE',  ( 0.0000000000000000000, 0.0000000000000000000, 1.000000000000000000 ) ) ;
#1910 = EDGE_CURVE ( 'NONE', #4310, #4278, #815, .T. ) ;
#1911 = ORIENTED_EDGE ( 'NONE', *, *, #3779, .F. ) ;
#1912 = LINE ( 'NONE', #3781, #4272 ) ;
#1913 = EDGE_CURVE ( 'NONE', #7, #3660, #3682, .T. ) ;
#1914 = LINE ( 'NONE', #566, #673 ) ;
#1915 = MANIFOLD_SOLID_BREP ( 'NONE', #810 ) ;
#1916 = FILL_AREA_STYLE ('',( #2570 ) ) ;
#1917 = ORIENTED_EDGE ( 'NONE', *, *, #364, .F. ) ;
#1918 = ORIENTED_EDGE ( 'NONE', *, *, #364, .T. ) ;
#1919 = DIRECTION ( 'NONE',  ( 1.445602896647339903E-16, 0.0000000000000000000, 1.000000000000000000 ) ) ;
#1920 = DIRECTION ( 'NONE',  ( 0.0000000000000000000, 1.000000000000000000, 0.0000000000000000000 ) ) ;
#1921 = CARTESIAN_POINT ( 'NONE',  ( 0.1240157480314960647, -0.1377952755905511861, 0.1023622047244094474 ) ) ;
#1922 = DIRECTION ( 'NONE',  ( 0.0000000000000000000, 1.000000000000000000, 0.0000000000000000000 ) ) ;
#1923 = EDGE_LOOP ( 'NONE', ( #2096, #578 ) ) ;
#1924 = DIRECTION ( 'NONE',  ( 0.0000000000000000000, 0.0000000000000000000, 1.000000000000000000 ) ) ;
#1925 = DIMENSIONAL_EXPONENTS ( 1.000000000000000000, 0.0000000000000000000, 0.0000000000000000000, 0.0000000000000000000, 0.0000000000000000000, 0.0000000000000000000, 0.0000000000000000000 ) ;
#1926 = ORIENTED_EDGE ( 'NONE', *, *, #1599, .T. ) ;
#1927 = ADVANCED_FACE ( 'NONE', ( #920 ), #3506, .T. ) ;
#1928 = LINE ( 'NONE', #3250, #285 ) ;
#1929 = ORIENTED_EDGE ( 'NONE', *, *, #2325, .F. ) ;
#1930 = CARTESIAN_POINT ( 'NONE',  ( -0.1263219938489248129, -0.04758183636860983945, -0.07480314960629921850 ) ) ;
#1931 = EDGE_CURVE ( 'NONE', #2183, #1713, #3305, .T. ) ;
#1932 = CARTESIAN_POINT ( 'NONE',  ( 0.1181102362204724532, 0.03543307086614173179, 0.1023622047244094474 ) ) ;
#1933 = PRODUCT ( 'CUI_DEVICES_TS02-66-160-BK-160-LCR-D', 'CUI_DEVICES_TS02-66-160-BK-160-LCR-D', '', ( #4232 ) ) ;
#1934 = EDGE_CURVE ( 'NONE', #3128, #1971, #3642, .T. ) ;
#1935 = EDGE_LOOP ( 'NONE', ( #1593, #4301, #3521, #3446, #2278, #47 ) ) ;
#1936 = FACE_OUTER_BOUND ( 'NONE', #4340, .T. ) ;
#1937 = CARTESIAN_POINT ( 'NONE',  ( -0.1181102362204724532, 0.1377952755905511861, -0.1122047244094488277 ) ) ;
#1938 = ORIENTED_EDGE ( 'NONE', *, *, #3842, .T. ) ;
#1939 = DIRECTION ( 'NONE',  ( 0.0000000000000000000, 0.0000000000000000000, 1.000000000000000000 ) ) ;
#1940 = LINE ( 'NONE', #3604, #3402 ) ;
#1941 = SURFACE_STYLE_FILL_AREA ( #4304 ) ;
#1942 = DIRECTION ( 'NONE',  ( -3.519431053647356462E-16, 0.8660254037844389297, -0.4999999999999994449 ) ) ;
#1943 = MECHANICAL_DESIGN_GEOMETRIC_PRESENTATION_REPRESENTATION (  '', ( #4313 ), #2498 ) ;
#1944 = ORIENTED_EDGE ( 'NONE', *, *, #2244, .F. ) ;
#1945 = CYLINDRICAL_SURFACE ( 'NONE', #529, 0.005905511811023620231 ) ;
#1946 = PRESENTATION_STYLE_ASSIGNMENT (( #1578 ) ) ;
#1947 = VERTEX_POINT ( 'NONE', #3601 ) ;
#1948 = TOROIDAL_SURFACE ( 'NONE', #2217, 0.04763532873913756127, 0.003937007874015747977 ) ;
#1949 = VECTOR ( 'NONE', #2296, 39.37007874015748143 ) ;
#1950 = ORIENTED_EDGE ( 'NONE', *, *, #977, .T. ) ;
#1951 = DIRECTION ( 'NONE',  ( 1.000000000000000000, 0.0000000000000000000, 0.0000000000000000000 ) ) ;
#1952 = LINE ( 'NONE', #891, #2158 ) ;
#1953 = ADVANCED_FACE ( 'NONE', ( #212, #283, #3662, #1617, #2616, #2265 ), #1635, .F. ) ;
#1954 = EDGE_CURVE ( 'NONE', #660, #1887, #1264, .T. ) ;
#1955 = ORIENTED_EDGE ( 'NONE', *, *, #3587, .T. ) ;
#1956 = DIRECTION ( 'NONE',  ( 4.063888932435259910E-16, -1.000000000000000000, 0.0000000000000000000 ) ) ;
#1957 = CYLINDRICAL_SURFACE ( 'NONE', #2581, 0.007874015748031466463 ) ;
#1958 = VECTOR ( 'NONE', #3878, 39.37007874015748143 ) ;
#1959 = EDGE_CURVE ( 'NONE', #2483, #1222, #2931, .T. ) ;
#1960 = ORIENTED_EDGE ( 'NONE', *, *, #1298, .F. ) ;
#1961 = AXIS2_PLACEMENT_3D ( 'NONE', #3059, #1419, #1082 ) ;
#1962 = ORIENTED_EDGE ( 'NONE', *, *, #1604, .T. ) ;
#1963 = LINE ( 'NONE', #2574, #605 ) ;
#1964 = DIRECTION ( 'NONE',  ( 0.0000000000000000000, 0.0000000000000000000, 1.000000000000000000 ) ) ;
#1965 = CARTESIAN_POINT ( 'NONE',  ( 0.1181102362204724532, 0.1377952755905511861, -0.1181102362204724532 ) ) ;
#1966 = CARTESIAN_POINT ( 'NONE',  ( -0.08858267716535432601, 0.1496062992125984370, -0.08858267716535432601 ) ) ;
#1967 = ORIENTED_EDGE ( 'NONE', *, *, #3783, .T. ) ;
#1968 = DIRECTION ( 'NONE',  ( 0.0000000000000000000, 0.0000000000000000000, -1.000000000000000000 ) ) ;
#1969 = ORIENTED_EDGE ( 'NONE', *, *, #2930, .F. ) ;
#1970 = LINE ( 'NONE', #2629, #3890 ) ;
#1971 = VERTEX_POINT ( 'NONE', #3677 ) ;
#1972 = ORIENTED_EDGE ( 'NONE', *, *, #2730, .F. ) ;
#1973 = PLANE ( 'NONE',  #1472 ) ;
#1974 = DIRECTION ( 'NONE',  ( 1.000000000000000000, 0.0000000000000000000, 0.0000000000000000000 ) ) ;
#1975 = EDGE_CURVE ( 'NONE', #4310, #1858, #2343, .T. ) ;
#1976 = ORIENTED_EDGE ( 'NONE', *, *, #2852, .F. ) ;
#1977 = CARTESIAN_POINT ( 'NONE',  ( 0.1555118110236220763, -0.1377952755905511861, -0.09350393700787401619 ) ) ;
#1978 = DIRECTION ( 'NONE',  ( 0.0000000000000000000, 0.0000000000000000000, 1.000000000000000000 ) ) ;
#1979 = ORIENTED_EDGE ( 'NONE', *, *, #498, .F. ) ;
#1980 = LINE ( 'NONE', #244, #1728 ) ;
#1981 = EDGE_CURVE ( 'NONE', #3480, #1564, #1808, .T. ) ;
#1982 = ORIENTED_EDGE ( 'NONE', *, *, #1445, .T. ) ;
#1983 = EDGE_CURVE ( 'NONE', #4012, #1225, #1567, .T. ) ;
#1984 = CARTESIAN_POINT ( 'NONE',  ( 0.08858267716535432601, 0.1496062992125984370, -0.08858267716535432601 ) ) ;
#1985 = DIRECTION ( 'NONE',  ( 0.0000000000000000000, 0.0000000000000000000, -1.000000000000000000 ) ) ;
#1986 = ORIENTED_EDGE ( 'NONE', *, *, #252, .T. ) ;
#1987 = VERTEX_POINT ( 'NONE', #1544 ) ;
#1988 = DIRECTION ( 'NONE',  ( 0.0000000000000000000, 1.000000000000000000, 0.0000000000000000000 ) ) ;
#1989 = LINE ( 'NONE', #1673, #463 ) ;
#1990 = FACE_OUTER_BOUND ( 'NONE', #1678, .T. ) ;
#1991 = CARTESIAN_POINT ( 'NONE',  ( 0.08858267716535432601, 0.1496062992125984370, 0.06496062992125983815 ) ) ;
#1992 = FACE_OUTER_BOUND ( 'NONE', #561, .T. ) ;
#1993 = ORIENTED_EDGE ( 'NONE', *, *, #86, .F. ) ;
#1994 = DIRECTION ( 'NONE',  ( 0.0000000000000000000, 0.0000000000000000000, -1.000000000000000000 ) ) ;
#1995 = CARTESIAN_POINT ( 'NONE',  ( -0.1181102362204724532, 0.1377952755905511861, 0.1181102362204724532 ) ) ;
#1996 = FACE_OUTER_BOUND ( 'NONE', #1167, .T. ) ;
#1997 = FACE_OUTER_BOUND ( 'NONE', #1135, .T. ) ;
#1998 = FACE_OUTER_BOUND ( 'NONE', #1073, .T. ) ;
#1999 = CARTESIAN_POINT ( 'NONE',  ( -0.1181102362204724532, 0.02755905511811023584, 0.07480314960629921850 ) ) ;
#2000 = EDGE_CURVE ( 'NONE', #2885, #2584, #871, .T. ) ;
#2001 = EDGE_CURVE ( 'NONE', #1582, #3014, #3150, .T. ) ;
#2002 = CARTESIAN_POINT ( 'NONE',  ( -0.1122047244094488277, 0.1299212598425196763, -0.1181102362204724532 ) ) ;
#2003 = SURFACE_STYLE_FILL_AREA ( #2274 ) ;
#2004 = DIMENSIONAL_EXPONENTS ( 1.000000000000000000, 0.0000000000000000000, 0.0000000000000000000, 0.0000000000000000000, 0.0000000000000000000, 0.0000000000000000000, 0.0000000000000000000 ) ;
#2005 = AXIS2_PLACEMENT_3D ( 'NONE', #995, #1437, #420 ) ;
#2006 = EDGE_CURVE ( 'NONE', #1708, #2454, #4230, .T. ) ;
#2007 = VECTOR ( 'NONE', #4322, 39.37007874015748143 ) ;
#2008 = ORIENTED_EDGE ( 'NONE', *, *, #1814, .T. ) ;
#2009 = DIRECTION ( 'NONE',  ( 1.000000000000000000, 0.0000000000000000000, 0.0000000000000000000 ) ) ;
#2010 = AXIS2_PLACEMENT_3D ( 'NONE', #2801, #2818, #1211 ) ;
#2011 = CARTESIAN_POINT ( 'NONE',  ( -0.1240157480314960647, 0.02755905511811023584, 0.07480314960629921850 ) ) ;
#2012 = CIRCLE ( 'NONE', #3479, 0.02362204724409448092 ) ;
#2013 = EDGE_LOOP ( 'NONE', ( #2822, #2223, #1993, #4242, #1735, #173, #2162, #3154, #2806, #1705, #2121, #1385, #1195, #1559, #272, #3173, #4211 ) ) ;
#2014 = CARTESIAN_POINT ( 'NONE',  ( 0.1318897637795275746, -0.04201406643800709162, -0.1023622047244094474 ) ) ;
#2015 = CARTESIAN_POINT ( 'NONE',  ( 0.1240157480314960647, -0.04201406643800709162, 0.1023622047244094474 ) ) ;
#2016 = EDGE_LOOP ( 'NONE', ( #2853, #2829, #2695, #1460 ) ) ;
#2017 = VECTOR ( 'NONE', #1574, 39.37007874015748143 ) ;
#2018 = FACE_OUTER_BOUND ( 'NONE', #1869, .T. ) ;
#2019 = CARTESIAN_POINT ( 'NONE',  ( 0.1318897637795275746, -0.09578120915254409451, 0.1023622047244094474 ) ) ;
#2020 = DIRECTION ( 'NONE',  ( 0.0000000000000000000, -1.000000000000000000, 0.0000000000000000000 ) ) ;
#2021 = FACE_OUTER_BOUND ( 'NONE', #204, .T. ) ;
#2022 = VECTOR ( 'NONE', #1833, 39.37007874015748854 ) ;
#2023 = DIRECTION ( 'NONE',  ( 1.000000000000000000, 1.478036555683235174E-47, 6.022684552957449548E-32 ) ) ;
#2024 = VERTEX_POINT ( 'NONE', #144 ) ;
#2025 = LINE ( 'NONE', #3729, #1733 ) ;
#2026 = DIRECTION ( 'NONE',  ( -0.0000000000000000000, 1.000000000000000000, 0.0000000000000000000 ) ) ;
#2027 = VECTOR ( 'NONE', #3255, 39.37007874015748143 ) ;
#2028 = DIRECTION ( 'NONE',  ( -1.000000000000000000, 0.0000000000000000000, 0.0000000000000000000 ) ) ;
#2029 = EDGE_CURVE ( 'NONE', #3183, #225, #2172, .T. ) ;
#2030 = VECTOR ( 'NONE', #855, 39.37007874015748143 ) ;
#2031 = ORIENTED_EDGE ( 'NONE', *, *, #1870, .F. ) ;
#2032 = PLANE ( 'NONE',  #3406 ) ;
#2033 = ADVANCED_FACE ( 'NONE', ( #2905 ), #1864, .T. ) ;
#2034 = AXIS2_PLACEMENT_3D ( 'NONE', #2014, #3013, #392 ) ;
#2035 = CARTESIAN_POINT ( 'NONE',  ( -0.1318897637795275746, 0.02755905511811023584, -0.1023622047244094474 ) ) ;
#2036 = AXIS2_PLACEMENT_3D ( 'NONE', #763, #3125, #57 ) ;
#2037 = VERTEX_POINT ( 'NONE', #1214 ) ;
#2038 = VERTEX_POINT ( 'NONE', #2550 ) ;
#2039 = EDGE_CURVE ( 'NONE', #1947, #2890, #3482, .T. ) ;
#2040 = CARTESIAN_POINT ( 'NONE',  ( -0.1318897637795275746, 0.02755905511811023584, 0.1023622047244094474 ) ) ;
#2041 = DIRECTION ( 'NONE',  ( 0.7071067811865470176, 0.7071067811865480168, 0.0000000000000000000 ) ) ;
#2042 = ORIENTED_EDGE ( 'NONE', *, *, #789, .F. ) ;
#2043 = EDGE_CURVE ( 'NONE', #2458, #3023, #4056, .T. ) ;
#2044 = CARTESIAN_POINT ( 'NONE',  ( -0.1532055652061933004, -0.06332986786467284523, -0.1023622047244094474 ) ) ;
#2045 = LINE ( 'NONE', #3392, #4254 ) ;
#2046 = CARTESIAN_POINT ( 'NONE',  ( 0.1555118110236220208, -0.06889763779527559306, -0.1023622047244094474 ) ) ;
#2047 = PLANE ( 'NONE',  #2866 ) ;
#2048 = VERTEX_POINT ( 'NONE', #1844 ) ;
#2049 = DIRECTION ( 'NONE',  ( 0.0000000000000000000, 1.000000000000000000, 0.0000000000000000000 ) ) ;
#2050 = EDGE_CURVE ( 'NONE', #1226, #3885, #1182, .T. ) ;
#2051 = DIRECTION ( 'NONE',  ( 0.0000000000000000000, 0.0000000000000000000, 1.000000000000000000 ) ) ;
#2052 = CARTESIAN_POINT ( 'NONE',  ( 0.1122047244094488277, 0.1377952755905511861, -0.1181102362204724532 ) ) ;
#2053 = CARTESIAN_POINT ( 'NONE',  ( 0.0000000000000000000, 0.6299212598425196763, 0.04763532873913756127 ) ) ;
#2054 = CARTESIAN_POINT ( 'NONE',  ( -0.1532055652061933004, -0.06332986786467284523, -0.1023622047244094474 ) ) ;
#2055 = ORIENTED_EDGE ( 'NONE', *, *, #3457, .F. ) ;
#2056 = EDGE_CURVE ( 'NONE', #1031, #3675, #895, .T. ) ;
#2057 = FACE_OUTER_BOUND ( 'NONE', #1374, .T. ) ;
#2058 = ADVANCED_FACE ( 'NONE', ( #2840 ), #2209, .F. ) ;
#2059 = CARTESIAN_POINT ( 'NONE',  ( -0.1240157480314960647, -0.1024489833240242176, 0.1139111283628084642 ) ) ;
#2060 = CARTESIAN_POINT ( 'NONE',  ( 0.1318897637795275746, -0.09578120915254409451, 0.1023622047244094474 ) ) ;
#2061 = EDGE_CURVE ( 'NONE', #2552, #1656, #263, .T. ) ;
#2062 = ORIENTED_EDGE ( 'NONE', *, *, #983, .F. ) ;
#2063 = LINE ( 'NONE', #3393, #3364 ) ;
#2064 = CARTESIAN_POINT ( 'NONE',  ( -0.1122047244094488277, 0.1299212598425196763, 0.1122047244094488277 ) ) ;
#2065 = ORIENTED_EDGE ( 'NONE', *, *, #3868, .T. ) ;
#2066 = CARTESIAN_POINT ( 'NONE',  ( 0.1240157480314960647, -0.1224523058384645591, 0.1023622047244094474 ) ) ;
#2067 = SURFACE_SIDE_STYLE ('',( #1383 ) ) ;
#2068 = VERTEX_POINT ( 'NONE', #300 ) ;
#2069 = VECTOR ( 'NONE', #577, 39.37007874015748143 ) ;
#2070 = CYLINDRICAL_SURFACE ( 'NONE', #181, 0.007874015748031499423 ) ;
#2071 = CIRCLE ( 'NONE', #2571, 0.007874015748031499423 ) ;
#2072 = CARTESIAN_POINT ( 'NONE',  ( -0.1181102362204724532, 0.02755905511811023584, -0.1023622047244094474 ) ) ;
#2073 = VECTOR ( 'NONE', #2397, 39.37007874015748143 ) ;
#2074 = CARTESIAN_POINT ( 'NONE',  ( 0.1476377952755905387, -0.06889763779527559306, 0.1023622047244094474 ) ) ;
#2075 = ADVANCED_FACE ( 'NONE', ( #1992 ), #1307, .T. ) ;
#2076 = EDGE_CURVE ( 'NONE', #869, #459, #3353, .T. ) ;
#2077 = AXIS2_PLACEMENT_3D ( 'NONE', #1757, #3028, #1074 ) ;
#2078 = VECTOR ( 'NONE', #4031, 39.37007874015748143 ) ;
#2079 = EDGE_LOOP ( 'NONE', ( #747, #4212, #423, #727 ) ) ;
#2080 = ORIENTED_EDGE ( 'NONE', *, *, #936, .T. ) ;
#2081 = DIRECTION ( 'NONE',  ( 0.7071067811865469066, -0.7071067811865479058, 0.0000000000000000000 ) ) ;
#2082 = ADVANCED_FACE ( 'NONE', ( #2326 ), #3324, .T. ) ;
#2083 = VECTOR ( 'NONE', #368, 39.37007874015748143 ) ;
#2084 = CARTESIAN_POINT ( 'NONE',  ( -0.1318897637795275746, -0.04201406643800709162, -0.1023622047244094474 ) ) ;
#2085 = CARTESIAN_POINT ( 'NONE',  ( -0.1181102362204724532, 0.03543307086614173179, -0.1023622047244094474 ) ) ;
#2086 = CARTESIAN_POINT ( 'NONE',  ( 0.1181102362204724532, 0.1377952755905511861, 0.1122047244094488277 ) ) ;
#2087 = CIRCLE ( 'NONE', #2097, 0.007874015748031499423 ) ;
#2088 = ORIENTED_EDGE ( 'NONE', *, *, #2930, .T. ) ;
#2089 = CARTESIAN_POINT ( 'NONE',  ( -0.1555118110236220763, -0.1377952755905511861, 0.08366141732283464971 ) ) ;
#2090 = EDGE_CURVE ( 'NONE', #1475, #1268, #4019, .T. ) ;
#2091 = FACE_OUTER_BOUND ( 'NONE', #2640, .T. ) ;
#2092 = FILL_AREA_STYLE_COLOUR ( '', #1687 ) ;
#2093 = CIRCLE ( 'NONE', #1751, 0.007874015748031499423 ) ;
#2094 = DIRECTION ( 'NONE',  ( -1.000000000000000000, 0.0000000000000000000, 0.0000000000000000000 ) ) ;
#2095 = DIRECTION ( 'NONE',  ( 1.000000000000000000, 0.0000000000000000000, 0.0000000000000000000 ) ) ;
#2096 = ORIENTED_EDGE ( 'NONE', *, *, #522, .F. ) ;
#2097 = AXIS2_PLACEMENT_3D ( 'NONE', #2622, #354, #2291 ) ;
#2098 = AXIS2_PLACEMENT_3D ( 'NONE', #3991, #2900, #982 ) ;
#2099 = CARTESIAN_POINT ( 'NONE',  ( 0.08858267716535432601, 0.1299212598425196763, 0.08858267716535432601 ) ) ;
#2100 = VECTOR ( 'NONE', #1550, 39.37007874015748143 ) ;
#2101 = FACE_BOUND ( 'NONE', #1923, .T. ) ;
#2102 = VECTOR ( 'NONE', #2673, 39.37007874015748143 ) ;
#2103 = ORIENTED_EDGE ( 'NONE', *, *, #1814, .F. ) ;
#2104 = FACE_OUTER_BOUND ( 'NONE', #3004, .T. ) ;
#2105 = EDGE_CURVE ( 'NONE', #4054, #1092, #1700, .T. ) ;
#2106 = LINE ( 'NONE', #1798, #1255 ) ;
#2107 = AXIS2_PLACEMENT_3D ( 'NONE', #1499, #1107, #778 ) ;
#2108 = FACE_OUTER_BOUND ( 'NONE', #560, .T. ) ;
#2109 = CARTESIAN_POINT ( 'NONE',  ( 0.0000000000000000000, 0.1299212598425196763, 0.0000000000000000000 ) ) ;
#2110 = CARTESIAN_POINT ( 'NONE',  ( 0.1318897637795275746, -0.1377952755905511861, -0.08366141732283464971 ) ) ;
#2111 = VERTEX_POINT ( 'NONE', #696 ) ;
#2112 = ORIENTED_EDGE ( 'NONE', *, *, #2207, .F. ) ;
#2113 = SURFACE_STYLE_FILL_AREA ( #2765 ) ;
#2114 = LINE ( 'NONE', #2426, #2858 ) ;
#2115 = ADVANCED_FACE ( 'NONE', ( #2694 ), #20, .F. ) ;
#2116 = ORIENTED_EDGE ( 'NONE', *, *, #547, .F. ) ;
#2117 = DIRECTION ( 'NONE',  ( 0.0000000000000000000, 0.0000000000000000000, 1.000000000000000000 ) ) ;
#2118 = EDGE_CURVE ( 'NONE', #4054, #1292, #1029, .T. ) ;
#2119 = CARTESIAN_POINT ( 'NONE',  ( 0.1240157480314960647, -0.09578120915254409451, 0.1023622047244094474 ) ) ;
#2120 = DIRECTION ( 'NONE',  ( -1.000000000000000000, 0.0000000000000000000, 0.0000000000000000000 ) ) ;
#2121 = ORIENTED_EDGE ( 'NONE', *, *, #948, .T. ) ;
#2122 = DIRECTION ( 'NONE',  ( 1.000000000000000000, 0.0000000000000000000, 0.0000000000000000000 ) ) ;
#2123 = DIRECTION ( 'NONE',  ( 0.0000000000000000000, 1.000000000000000000, 0.0000000000000000000 ) ) ;
#2124 = DIRECTION ( 'NONE',  ( 0.0000000000000000000, 1.000000000000000000, 0.0000000000000000000 ) ) ;
#2125 = ORIENTED_EDGE ( 'NONE', *, *, #2001, .T. ) ;
#2126 = ORIENTED_EDGE ( 'NONE', *, *, #1745, .T. ) ;
#2127 =( NAMED_UNIT ( * ) SI_UNIT ( $, .STERADIAN. ) SOLID_ANGLE_UNIT ( ) );
#2128 = CARTESIAN_POINT ( 'NONE',  ( -0.1532055652061933004, -0.06332986786467284523, 0.1023622047244094474 ) ) ;
#2129 = DIRECTION ( 'NONE',  ( 0.0000000000000000000, -1.000000000000000000, 0.0000000000000000000 ) ) ;
#2130 = EDGE_CURVE ( 'NONE', #1320, #2183, #4267, .T. ) ;
#2131 = CARTESIAN_POINT ( 'NONE',  ( -0.08858267716535432601, 0.1299212598425196763, 0.08858267716535432601 ) ) ;
#2132 = EDGE_CURVE ( 'NONE', #2193, #3675, #193, .T. ) ;
#2133 = ORIENTED_EDGE ( 'NONE', *, *, #35, .T. ) ;
#2134 = DIRECTION ( 'NONE',  ( -0.0000000000000000000, 0.4999999999999995004, 0.8660254037844390407 ) ) ;
#2135 = EDGE_CURVE ( 'NONE', #980, #133, #3225, .T. ) ;
#2136 = FACE_OUTER_BOUND ( 'NONE', #1935, .T. ) ;
#2137 = LINE ( 'NONE', #3474, #2218 ) ;
#2138 = CARTESIAN_POINT ( 'NONE',  ( -0.1532055652061933004, -0.07446540772587834089, 0.1023622047244094474 ) ) ;
#2139 = CARTESIAN_POINT ( 'NONE',  ( -0.1532055652061933004, -0.07446540772587834089, 0.1023622047244094474 ) ) ;
#2140 = STYLED_ITEM ( 'NONE', ( #424 ), #258 ) ;
#2141 = AXIS2_PLACEMENT_3D ( 'NONE', #4045, #4028, #1041 ) ;
#2142 = VERTEX_POINT ( 'NONE', #525 ) ;
#2143 = DIRECTION ( 'NONE',  ( -2.454115839351809943E-16, -1.000000000000000000, 0.0000000000000000000 ) ) ;
#2144 = CARTESIAN_POINT ( 'NONE',  ( 0.1240157480314960647, -0.09578120915254409451, 0.1023622047244094474 ) ) ;
#2145 = VECTOR ( 'NONE', #185, 39.37007874015748143 ) ;
#2146 = AXIS2_PLACEMENT_3D ( 'NONE', #3614, #582, #999 ) ;
#2147 = CARTESIAN_POINT ( 'NONE',  ( 0.1240157480314960647, 0.02755905511811023584, -0.1023622047244094474 ) ) ;
#2148 = FACE_OUTER_BOUND ( 'NONE', #1266, .T. ) ;
#2149 = EDGE_LOOP ( 'NONE', ( #1837, #3659, #3582, #1100 ) ) ;
#2150 = EDGE_LOOP ( 'NONE', ( #2344, #4034, #1187, #1555 ) ) ;
#2151 = CIRCLE ( 'NONE', #259, 0.005905511811023620231 ) ;
#2152 = CARTESIAN_POINT ( 'NONE',  ( -0.1181102362204724532, 0.1377952755905511861, 0.1181102362204724532 ) ) ;
#2153 = CARTESIAN_POINT ( 'NONE',  ( -0.1263219938489248129, -0.04758183636860983945, 0.07480314960629921850 ) ) ;
#2154 = DIRECTION ( 'NONE',  ( 3.519431053647356462E-16, 0.8660254037844389297, -0.4999999999999994449 ) ) ;
#2155 = AXIS2_PLACEMENT_3D ( 'NONE', #3508, #3528, #3579 ) ;
#2156 = EDGE_LOOP ( 'NONE', ( #2597, #914 ) ) ;
#2157 = DIRECTION ( 'NONE',  ( -2.454115839351809943E-16, -1.000000000000000000, 0.0000000000000000000 ) ) ;
#2158 = VECTOR ( 'NONE', #3635, 39.37007874015748143 ) ;
#2159 = EDGE_CURVE ( 'NONE', #2551, #1708, #1616, .T. ) ;
#2160 = DIRECTION ( 'NONE',  ( 0.0000000000000000000, 0.0000000000000000000, 1.000000000000000000 ) ) ;
#2161 = ORIENTED_EDGE ( 'NONE', *, *, #710, .T. ) ;
#2162 = ORIENTED_EDGE ( 'NONE', *, *, #3962, .F. ) ;
#2163 = CARTESIAN_POINT ( 'NONE',  ( 0.1240157480314960647, 0.02755905511811023584, -0.07480314960629921850 ) ) ;
#2164 = AXIS2_PLACEMENT_3D ( 'NONE', #644, #1988, #2235 ) ;
#2165 = EDGE_CURVE ( 'NONE', #1582, #3163, #3515, .T. ) ;
#2166 = VECTOR ( 'NONE', #168, 39.37007874015748143 ) ;
#2167 = ORIENTED_EDGE ( 'NONE', *, *, #3986, .F. ) ;
#2168 = CARTESIAN_POINT ( 'NONE',  ( 0.1240157480314960647, -0.1024489833240242176, 0.1139111283628084642 ) ) ;
#2169 = CARTESIAN_POINT ( 'NONE',  ( 8.919671568592926781E-18, 0.1299212598425196763, -0.07283464566929134798 ) ) ;
#2170 = VECTOR ( 'NONE', #701, 39.37007874015748143 ) ;
#2171 = FACE_OUTER_BOUND ( 'NONE', #2855, .T. ) ;
#2172 = LINE ( 'NONE', #3170, #3558 ) ;
#2173 = DIRECTION ( 'NONE',  ( 0.0000000000000000000, 0.0000000000000000000, 1.000000000000000000 ) ) ;
#2174 = EDGE_CURVE ( 'NONE', #1126, #1193, #1507, .T. ) ;
#2175 = ORIENTED_EDGE ( 'NONE', *, *, #158, .T. ) ;
#2176 = VERTEX_POINT ( 'NONE', #1552 ) ;
#2177 = VERTEX_POINT ( 'NONE', #856 ) ;
#2178 = DIRECTION ( 'NONE',  ( 0.0000000000000000000, 1.000000000000000000, 0.0000000000000000000 ) ) ;
#2179 = SURFACE_SIDE_STYLE ('',( #1170 ) ) ;
#2180 = CARTESIAN_POINT ( 'NONE',  ( 0.1122047244094488277, 0.1377952755905511861, 0.1181102362204724532 ) ) ;
#2181 = VERTEX_POINT ( 'NONE', #2579 ) ;
#2182 = FACE_OUTER_BOUND ( 'NONE', #531, .T. ) ;
#2183 = VERTEX_POINT ( 'NONE', #4216 ) ;
#2184 = VERTEX_POINT ( 'NONE', #2889 ) ;
#2185 = DIRECTION ( 'NONE',  ( 0.0000000000000000000, 0.0000000000000000000, -1.000000000000000000 ) ) ;
#2186 = PLANE ( 'NONE',  #624 ) ;
#2187 = EDGE_CURVE ( 'NONE', #3557, #2400, #574, .T. ) ;
#2188 = ORIENTED_EDGE ( 'NONE', *, *, #730, .T. ) ;
#2189 = FACE_OUTER_BOUND ( 'NONE', #366, .T. ) ;
#2190 = EDGE_CURVE ( 'NONE', #3960, #1713, #2647, .T. ) ;
#2191 = CARTESIAN_POINT ( 'NONE',  ( -0.1122047244094488277, 0.1377952755905511861, 0.1122047244094488277 ) ) ;
#2192 = CARTESIAN_POINT ( 'NONE',  ( -8.437527159479795937E-18, 0.1299212598425196763, -0.06889763779527559306 ) ) ;
#2193 = VERTEX_POINT ( 'NONE', #3858 ) ;
#2194 = ORIENTED_EDGE ( 'NONE', *, *, #2229, .T. ) ;
#2195 = ORIENTED_EDGE ( 'NONE', *, *, #2724, .T. ) ;
#2196 = FACE_OUTER_BOUND ( 'NONE', #1158, .T. ) ;
#2197 = DIRECTION ( 'NONE',  ( 0.0000000000000000000, 0.0000000000000000000, 1.000000000000000000 ) ) ;
#2198 = LINE ( 'NONE', #506, #3055 ) ;
#2199 = ORIENTED_EDGE ( 'NONE', *, *, #2408, .T. ) ;
#2200 = PLANE ( 'NONE',  #1861 ) ;
#2201 = ORIENTED_EDGE ( 'NONE', *, *, #2674, .T. ) ;
#2202 = ORIENTED_EDGE ( 'NONE', *, *, #4075, .F. ) ;
#2203 = EDGE_LOOP ( 'NONE', ( #2649, #2966, #4204, #1907, #4090, #22, #693, #245, #415, #1821, #838, #2161, #4260, #137, #3745, #3171, #254 ) ) ;
#2204 = ORIENTED_EDGE ( 'NONE', *, *, #1910, .T. ) ;
#2205 = DIRECTION ( 'NONE',  ( 0.0000000000000000000, 0.0000000000000000000, -1.000000000000000000 ) ) ;
#2206 = EDGE_CURVE ( 'NONE', #3773, #2314, #4057, .T. ) ;
#2207 = EDGE_CURVE ( 'NONE', #4087, #2934, #3586, .T. ) ;
#2208 = FACE_OUTER_BOUND ( 'NONE', #2150, .T. ) ;
#2209 = PLANE ( 'NONE',  #1742 ) ;
#2210 = APPLICATION_PROTOCOL_DEFINITION ( 'draft international standard', 'automotive_design', 1998, #2500 ) ;
#2211 = AXIS2_PLACEMENT_3D ( 'NONE', #1782, #1662, #1300 ) ;
#2212 = ORIENTED_EDGE ( 'NONE', *, *, #547, .T. ) ;
#2213 = ORIENTED_EDGE ( 'NONE', *, *, #2441, .T. ) ;
#2214 = ORIENTED_EDGE ( 'NONE', *, *, #3179, .T. ) ;
#2215 = EDGE_CURVE ( 'NONE', #3355, #3749, #4240, .T. ) ;
#2216 = CARTESIAN_POINT ( 'NONE',  ( -0.1240157480314960647, -0.1377952755905511861, -0.09350393700787401619 ) ) ;
#2217 = AXIS2_PLACEMENT_3D ( 'NONE', #1270, #2329, #4237 ) ;
#2218 = VECTOR ( 'NONE', #1815, 39.37007874015748143 ) ;
#2219 = CYLINDRICAL_SURFACE ( 'NONE', #4131, 0.005905511811023620231 ) ;
#2220 = CARTESIAN_POINT ( 'NONE',  ( 0.08858267716535432601, 0.1299212598425196763, 0.08858267716535432601 ) ) ;
#2221 = CARTESIAN_POINT ( 'NONE',  ( -0.1318897637795275746, -0.04201406643800709162, -0.07480314960629921850 ) ) ;
#2222 = AXIS2_PLACEMENT_3D ( 'NONE', #2237, #541, #3970 ) ;
#2223 = ORIENTED_EDGE ( 'NONE', *, *, #4149, .T. ) ;
#2224 = CARTESIAN_POINT ( 'NONE',  ( 0.1181102362204724532, 0.03543307086614173179, 0.1023622047244094474 ) ) ;
#2225 = CARTESIAN_POINT ( 'NONE',  ( 8.919671568592926781E-18, 0.1299212598425196763, -0.07283464566929134798 ) ) ;
#2226 = ORIENTED_EDGE ( 'NONE', *, *, #900, .T. ) ;
#2227 = COLOUR_RGB ( '',0.8313725490196077761, 0.8392156862745098200, 0.8313725490196077761 ) ;
#2228 = EDGE_LOOP ( 'NONE', ( #622, #3839, #1841, #751 ) ) ;
#2229 = EDGE_CURVE ( 'NONE', #329, #4198, #1245, .T. ) ;
#2230 = VECTOR ( 'NONE', #2881, 39.37007874015748143 ) ;
#2231 = ORIENTED_EDGE ( 'NONE', *, *, #2388, .T. ) ;
#2232 =( CONVERSION_BASED_UNIT ( 'INCH', #682 ) LENGTH_UNIT ( ) NAMED_UNIT ( #599 ) );
#2233 = AXIS2_PLACEMENT_3D ( 'NONE', #112, #2160, #487 ) ;
#2234 = ORIENTED_EDGE ( 'NONE', *, *, #4096, .F. ) ;
#2235 = DIRECTION ( 'NONE',  ( 0.0000000000000000000, 0.0000000000000000000, 1.000000000000000000 ) ) ;
#2236 = AXIS2_PLACEMENT_3D ( 'NONE', #1807, #3715, #3424 ) ;
#2237 = CARTESIAN_POINT ( 'NONE',  ( 0.08858267716535432601, 0.1299212598425196763, -0.08858267716535432601 ) ) ;
#2238 =( NAMED_UNIT ( * ) PLANE_ANGLE_UNIT ( ) SI_UNIT ( $, .RADIAN. ) );
#2239 = DIRECTION ( 'NONE',  ( 0.0000000000000000000, 0.0000000000000000000, -1.000000000000000000 ) ) ;
#2240 = CIRCLE ( 'NONE', #975, 0.003937007874015749712 ) ;
#2241 =( LENGTH_UNIT ( ) NAMED_UNIT ( * ) SI_UNIT ( $, .METRE. ) );
#2242 = ORIENTED_EDGE ( 'NONE', *, *, #3287, .F. ) ;
#2243 = EDGE_LOOP ( 'NONE', ( #3687, #3385, #911, #1982 ) ) ;
#2244 = EDGE_CURVE ( 'NONE', #3929, #2992, #2515, .T. ) ;
#2245 = CARTESIAN_POINT ( 'NONE',  ( 0.1318897637795275746, -0.04201406643800709162, -0.07480314960629921850 ) ) ;
#2246 = CIRCLE ( 'NONE', #3141, 0.04763532873913756127 ) ;
#2247 = CARTESIAN_POINT ( 'NONE',  ( 6.074570636554776852E-18, 0.6299212598425196763, -0.04763532873913756127 ) ) ;
#2248 = CARTESIAN_POINT ( 'NONE',  ( 0.1318897637795275746, -0.1024489833240242176, 0.1139111283628084642 ) ) ;
#2249 = CARTESIAN_POINT ( 'NONE',  ( 0.0000000000000000000, 0.1299212598425196763, 0.07283464566929134798 ) ) ;
#2250 = AXIS2_PLACEMENT_3D ( 'NONE', #2064, #1704, #580 ) ;
#2251 = EDGE_CURVE ( 'NONE', #2823, #3588, #1851, .T. ) ;
#2252 = ORIENTED_EDGE ( 'NONE', *, *, #1819, .F. ) ;
#2253 = CARTESIAN_POINT ( 'NONE',  ( -0.1476377952755905387, -0.06889763779527559306, 0.07480314960629921850 ) ) ;
#2254 = ORIENTED_EDGE ( 'NONE', *, *, #1301, .F. ) ;
#2255 = CARTESIAN_POINT ( 'NONE',  ( 0.1181102362204724532, 0.1299212598425196763, 0.1122047244094488277 ) ) ;
#2256 = VERTEX_POINT ( 'NONE', #3978 ) ;
#2257 = FACE_OUTER_BOUND ( 'NONE', #147, .T. ) ;
#2258 = CARTESIAN_POINT ( 'NONE',  ( -0.1181102362204724532, 0.0000000000000000000, -0.1181102362204724532 ) ) ;
#2259 = CARTESIAN_POINT ( 'NONE',  ( -0.1181102362204724532, 0.1299212598425196763, -0.1122047244094488277 ) ) ;
#2260 = DIMENSIONAL_EXPONENTS ( 1.000000000000000000, 0.0000000000000000000, 0.0000000000000000000, 0.0000000000000000000, 0.0000000000000000000, 0.0000000000000000000, 0.0000000000000000000 ) ;
#2261 = LINE ( 'NONE', #3596, #3486 ) ;
#2262 = ORIENTED_EDGE ( 'NONE', *, *, #2061, .F. ) ;
#2263 = DIRECTION ( 'NONE',  ( 0.0000000000000000000, 1.000000000000000000, -2.454115839351809943E-16 ) ) ;
#2264 = CARTESIAN_POINT ( 'NONE',  ( -0.1555118110236220763, -0.003937007874015747977, -0.04921259842519685318 ) ) ;
#2265 = FACE_BOUND ( 'NONE', #68, .T. ) ;
#2266 = VERTEX_POINT ( 'NONE', #326 ) ;
#2267 = EDGE_LOOP ( 'NONE', ( #2254, #1253 ) ) ;
#2268 = LINE ( 'NONE', #2600, #386 ) ;
#2269 = DIRECTION ( 'NONE',  ( -4.063888932435259910E-16, 1.000000000000000000, 0.0000000000000000000 ) ) ;
#2270 = CARTESIAN_POINT ( 'NONE',  ( -0.08858267716535432601, 0.1299212598425196763, 0.08858267716535432601 ) ) ;
#2271 = LINE ( 'NONE', #3977, #3496 ) ;
#2272 = DIRECTION ( 'NONE',  ( 0.0000000000000000000, 1.000000000000000000, 0.0000000000000000000 ) ) ;
#2273 = DIRECTION ( 'NONE',  ( 0.0000000000000000000, 0.0000000000000000000, -1.000000000000000000 ) ) ;
#2274 = FILL_AREA_STYLE ('',( #1278 ) ) ;
#2275 = ORIENTED_EDGE ( 'NONE', *, *, #1638, .F. ) ;
#2276 = ADVANCED_FACE ( 'NONE', ( #1997 ), #3651, .T. ) ;
#2277 = ADVANCED_FACE ( 'NONE', ( #3331 ), #268, .T. ) ;
#2278 = ORIENTED_EDGE ( 'NONE', *, *, #4144, .F. ) ;
#2279 = DIRECTION ( 'NONE',  ( 0.0000000000000000000, 0.0000000000000000000, 1.000000000000000000 ) ) ;
#2280 = ADVANCED_FACE ( 'NONE', ( #2021 ), #3935, .F. ) ;
#2281 = ORIENTED_EDGE ( 'NONE', *, *, #2207, .T. ) ;
#2282 = FACE_OUTER_BOUND ( 'NONE', #1750, .T. ) ;
#2283 = FACE_OUTER_BOUND ( 'NONE', #3487, .T. ) ;
#2284 = CARTESIAN_POINT ( 'NONE',  ( -0.1476377952755905387, -0.06889763779527559306, -0.07480314960629921850 ) ) ;
#2285 = VERTEX_POINT ( 'NONE', #3668 ) ;
#2286 = VECTOR ( 'NONE', #2157, 39.37007874015748143 ) ;
#2287 = ORIENTED_EDGE ( 'NONE', *, *, #900, .F. ) ;
#2288 = FACE_OUTER_BOUND ( 'NONE', #3711, .T. ) ;
#2289 = CARTESIAN_POINT ( 'NONE',  ( 0.08858267716535432601, 0.1377952755905511861, 0.08858267716535432601 ) ) ;
#2290 = CIRCLE ( 'NONE', #2141, 0.02362204724409448092 ) ;
#2291 = DIRECTION ( 'NONE',  ( 1.000000000000000000, 0.0000000000000000000, 0.0000000000000000000 ) ) ;
#2292 = VERTEX_POINT ( 'NONE', #653 ) ;
#2293 = FACE_OUTER_BOUND ( 'NONE', #1541, .T. ) ;
#2294 = AXIS2_PLACEMENT_3D ( 'NONE', #2575, #3311, #572 ) ;
#2295 = ORIENTED_EDGE ( 'NONE', *, *, #3445, .F. ) ;
#2296 = DIRECTION ( 'NONE',  ( 2.454115839351809943E-16, -1.000000000000000000, 0.0000000000000000000 ) ) ;
#2297 = ADVANCED_FACE ( 'NONE', ( #4026 ), #1598, .T. ) ;
#2298 = AXIS2_PLACEMENT_3D ( 'NONE', #2366, #33, #2672 ) ;
#2299 = CIRCLE ( 'NONE', #113, 0.007874015748031499423 ) ;
#2300 = ORIENTED_EDGE ( 'NONE', *, *, #4143, .F. ) ;
#2301 = ORIENTED_EDGE ( 'NONE', *, *, #4339, .F. ) ;
#2302 = CARTESIAN_POINT ( 'NONE',  ( -0.1181102362204724532, 0.03543307086614173179, -0.1023622047244094474 ) ) ;
#2303 = CARTESIAN_POINT ( 'NONE',  ( -0.1240157480314960647, 0.02755905511811023584, 0.1023622047244094474 ) ) ;
#2304 = AXIS2_PLACEMENT_3D ( 'NONE', #2744, #4067, #1740 ) ;
#2305 = CARTESIAN_POINT ( 'NONE',  ( 0.1240157480314960647, -0.09578120915254409451, 0.1023622047244094474 ) ) ;
#2306 = ORIENTED_EDGE ( 'NONE', *, *, #4096, .T. ) ;
#2307 = VECTOR ( 'NONE', #2490, 39.37007874015748143 ) ;
#2308 = ORIENTED_EDGE ( 'NONE', *, *, #3146, .T. ) ;
#2309 = LINE ( 'NONE', #3647, #2007 ) ;
#2310 = DIRECTION ( 'NONE',  ( 0.0000000000000000000, 0.0000000000000000000, -1.000000000000000000 ) ) ;
#2311 = LINE ( 'NONE', #2603, #3920 ) ;
#2312 = VECTOR ( 'NONE', #138, 39.37007874015748143 ) ;
#2313 = EDGE_CURVE ( 'NONE', #2450, #1159, #3756, .T. ) ;
#2314 = VERTEX_POINT ( 'NONE', #945 ) ;
#2315 = CARTESIAN_POINT ( 'NONE',  ( 0.1240157480314960647, -0.04201406643800709162, 0.1023622047244094474 ) ) ;
#2316 = AXIS2_PLACEMENT_3D ( 'NONE', #1412, #3676, #1699 ) ;
#2317 = EDGE_LOOP ( 'NONE', ( #2625, #2306 ) ) ;
#2318 = DIRECTION ( 'NONE',  ( 0.0000000000000000000, 0.0000000000000000000, -1.000000000000000000 ) ) ;
#2319 = LINE ( 'NONE', #278, #2230 ) ;
#2320 = CARTESIAN_POINT ( 'NONE',  ( -0.1240157480314960647, -0.04201406643800709162, -0.1023622047244094474 ) ) ;
#2321 = ORIENTED_EDGE ( 'NONE', *, *, #1902, .F. ) ;
#2322 = ORIENTED_EDGE ( 'NONE', *, *, #515, .F. ) ;
#2323 = LINE ( 'NONE', #1633, #1625 ) ;
#2324 = LINE ( 'NONE', #2059, #2642 ) ;
#2325 = EDGE_CURVE ( 'NONE', #3915, #2741, #3296, .T. ) ;
#2326 = FACE_OUTER_BOUND ( 'NONE', #3045, .T. ) ;
#2327 = ORIENTED_EDGE ( 'NONE', *, *, #3006, .T. ) ;
#2328 = ORIENTED_EDGE ( 'NONE', *, *, #3149, .F. ) ;
#2329 = DIRECTION ( 'NONE',  ( 0.0000000000000000000, 1.000000000000000000, 0.0000000000000000000 ) ) ;
#2330 = ADVANCED_FACE ( 'NONE', ( #2721 ), #1035, .T. ) ;
#2331 = SURFACE_STYLE_USAGE ( .BOTH. , #3269 ) ;
#2332 = DIRECTION ( 'NONE',  ( 0.0000000000000000000, 0.0000000000000000000, -1.000000000000000000 ) ) ;
#2333 = CARTESIAN_POINT ( 'NONE',  ( -0.08858267716535432601, 0.1299212598425196763, 0.1122047244094488139 ) ) ;
#2334 = ORIENTED_EDGE ( 'NONE', *, *, #2352, .T. ) ;
#2335 = FACE_OUTER_BOUND ( 'NONE', #360, .T. ) ;
#2336 = EDGE_LOOP ( 'NONE', ( #280, #2473, #4255, #4141 ) ) ;
#2337 = LINE ( 'NONE', #3673, #1252 ) ;
#2338 = DIRECTION ( 'NONE',  ( 0.0000000000000000000, 0.0000000000000000000, -1.000000000000000000 ) ) ;
#2339 = EDGE_LOOP ( 'NONE', ( #387, #581, #187, #4219 ) ) ;
#2340 = ORIENTED_EDGE ( 'NONE', *, *, #3758, .F. ) ;
#2341 = LINE ( 'NONE', #667, #1110 ) ;
#2342 = DIRECTION ( 'NONE',  ( 0.0000000000000000000, 0.0000000000000000000, 1.000000000000000000 ) ) ;
#2343 = LINE ( 'NONE', #2, #3123 ) ;
#2344 = ORIENTED_EDGE ( 'NONE', *, *, #3892, .F. ) ;
#2345 = ORIENTED_EDGE ( 'NONE', *, *, #1322, .F. ) ;
#2346 = EDGE_CURVE ( 'NONE', #429, #511, #1105, .T. ) ;
#2347 = EDGE_CURVE ( 'NONE', #1661, #922, #353, .T. ) ;
#2348 = CARTESIAN_POINT ( 'NONE',  ( 0.0000000000000000000, 0.1299212598425196763, 0.0000000000000000000 ) ) ;
#2349 = LINE ( 'NONE', #2678, #3069 ) ;
#2350 = CARTESIAN_POINT ( 'NONE',  ( -0.1318897637795275746, -0.09578120915254409451, -0.1023622047244094474 ) ) ;
#2351 = PLANE ( 'NONE',  #1903 ) ;
#2352 = EDGE_CURVE ( 'NONE', #2702, #2921, #2464, .T. ) ;
#2353 = ORIENTED_EDGE ( 'NONE', *, *, #4202, .F. ) ;
#2354 = CARTESIAN_POINT ( 'NONE',  ( 0.1240157480314960647, 0.02755905511811023584, 0.07480314960629921850 ) ) ;
#2355 = VECTOR ( 'NONE', #4150, 39.37007874015748143 ) ;
#2356 = FILL_AREA_STYLE ('',( #28 ) ) ;
#2357 = EDGE_CURVE ( 'NONE', #3299, #2634, #1132, .T. ) ;
#2358 = VECTOR ( 'NONE', #1416, 39.37007874015748854 ) ;
#2359 = VERTEX_POINT ( 'NONE', #4104 ) ;
#2360 = CARTESIAN_POINT ( 'NONE',  ( 0.0000000000000000000, 0.1299212598425196763, 0.0000000000000000000 ) ) ;
#2361 = LINE ( 'NONE', #2035, #898 ) ;
#2362 = ADVANCED_FACE ( 'NONE', ( #762 ), #2717, .T. ) ;
#2363 = VECTOR ( 'NONE', #3600, 39.37007874015748143 ) ;
#2364 = VERTEX_POINT ( 'NONE', #98 ) ;
#2365 = ORIENTED_EDGE ( 'NONE', *, *, #1551, .F. ) ;
#2366 = CARTESIAN_POINT ( 'NONE',  ( 0.1240157480314960647, 0.02755905511811023584, -0.07480314960629921850 ) ) ;
#2367 = CARTESIAN_POINT ( 'NONE',  ( 0.1181102362204724532, 0.02755905511811023584, -0.07480314960629921850 ) ) ;
#2368 = VECTOR ( 'NONE', #3244, 39.37007874015748143 ) ;
#2369 = CARTESIAN_POINT ( 'NONE',  ( 0.1263219938489248129, -0.04758183636860983945, 0.1023622047244094474 ) ) ;
#2370 = VERTEX_POINT ( 'NONE', #3786 ) ;
#2371 = VECTOR ( 'NONE', #3492, 39.37007874015748143 ) ;
#2372 = CARTESIAN_POINT ( 'NONE',  ( -0.1532055652061933004, -0.07446540772587834089, -0.1023622047244094474 ) ) ;
#2373 = DIRECTION ( 'NONE',  ( 1.000000000000000000, 0.0000000000000000000, 0.0000000000000000000 ) ) ;
#2374 = DIRECTION ( 'NONE',  ( 0.0000000000000000000, 1.000000000000000000, 0.0000000000000000000 ) ) ;
#2375 = FACE_OUTER_BOUND ( 'NONE', #1632, .T. ) ;
#2376 = VECTOR ( 'NONE', #379, 39.37007874015748143 ) ;
#2377 = ADVANCED_FACE ( 'NONE', ( #2208 ), #449, .T. ) ;
#2378 = CARTESIAN_POINT ( 'NONE',  ( -0.1240157480314960647, -0.1377952755905511861, 0.08366141732283464971 ) ) ;
#2379 = ADVANCED_FACE ( 'NONE', ( #2171 ), #2839, .T. ) ;
#2380 = ORIENTED_EDGE ( 'NONE', *, *, #1901, .T. ) ;
#2381 = DIRECTION ( 'NONE',  ( 0.0000000000000000000, -1.000000000000000000, 0.0000000000000000000 ) ) ;
#2382 = AXIS2_PLACEMENT_3D ( 'NONE', #1779, #819, #3099 ) ;
#2383 = FACE_OUTER_BOUND ( 'NONE', #451, .T. ) ;
#2384 = ADVANCED_FACE ( 'NONE', ( #3553 ), #612, .T. ) ;
#2385 = MECHANICAL_DESIGN_GEOMETRIC_PRESENTATION_REPRESENTATION (  '', ( #1890 ), #2452 ) ;
#2386 = ORIENTED_EDGE ( 'NONE', *, *, #1458, .F. ) ;
#2387 = SURFACE_SIDE_STYLE ('',( #1776 ) ) ;
#2388 = EDGE_CURVE ( 'NONE', #1696, #3183, #1952, .T. ) ;
#2389 = AXIS2_PLACEMENT_3D ( 'NONE', #4085, #2418, #3764 ) ;
#2390 = FACE_OUTER_BOUND ( 'NONE', #2805, .T. ) ;
#2391 = CIRCLE ( 'NONE', #2107, 0.05156993829433086790 ) ;
#2392 = ORIENTED_EDGE ( 'NONE', *, *, #2408, .F. ) ;
#2393 = EDGE_LOOP ( 'NONE', ( #209, #471, #301, #157, #513, #260 ) ) ;
#2394 = DIRECTION ( 'NONE',  ( -0.7071067811865470176, 0.7071067811865480168, 0.0000000000000000000 ) ) ;
#2395 = ORIENTED_EDGE ( 'NONE', *, *, #3261, .T. ) ;
#2396 = ORIENTED_EDGE ( 'NONE', *, *, #1470, .T. ) ;
#2397 = DIRECTION ( 'NONE',  ( -1.000000000000000000, 0.0000000000000000000, 0.0000000000000000000 ) ) ;
#2398 = DIRECTION ( 'NONE',  ( -0.0000000000000000000, 0.4999999999999995004, 0.8660254037844390407 ) ) ;
#2399 = LINE ( 'NONE', #1337, #2940 ) ;
#2400 = VERTEX_POINT ( 'NONE', #3301 ) ;
#2401 = DIRECTION ( 'NONE',  ( 0.0000000000000000000, 0.0000000000000000000, -1.000000000000000000 ) ) ;
#2402 = LENGTH_MEASURE_WITH_UNIT ( LENGTH_MEASURE( 0.02539999999999999897 ), #2683 );
#2403 = DIRECTION ( 'NONE',  ( 1.000000000000000000, 0.0000000000000000000, 0.0000000000000000000 ) ) ;
#2404 = DIRECTION ( 'NONE',  ( 0.0000000000000000000, 0.0000000000000000000, -1.000000000000000000 ) ) ;
#2405 = ORIENTED_EDGE ( 'NONE', *, *, #1450, .F. ) ;
#2406 =( CONVERSION_BASED_UNIT ( 'INCH', #1443 ) LENGTH_UNIT ( ) NAMED_UNIT ( #261 ) );
#2407 = EDGE_CURVE ( 'NONE', #1225, #3732, #2261, .T. ) ;
#2408 = EDGE_CURVE ( 'NONE', #1661, #2908, #2319, .T. ) ;
#2409 = DIRECTION ( 'NONE',  ( -0.0000000000000000000, 1.000000000000000000, 0.0000000000000000000 ) ) ;
#2410 = EDGE_CURVE ( 'NONE', #3248, #2285, #2896, .T. ) ;
#2411 = ORIENTED_EDGE ( 'NONE', *, *, #1789, .T. ) ;
#2412 = LINE ( 'NONE', #3029, #4072 ) ;
#2413 = ORIENTED_EDGE ( 'NONE', *, *, #1494, .F. ) ;
#2414 = EDGE_CURVE ( 'NONE', #2314, #998, #2947, .T. ) ;
#2415 = ORIENTED_EDGE ( 'NONE', *, *, #2244, .T. ) ;
#2416 = CARTESIAN_POINT ( 'NONE',  ( -0.1240157480314960647, 0.02755905511811023584, -0.1023622047244094474 ) ) ;
#2417 = DIRECTION ( 'NONE',  ( 0.7071067811865479058, -0.7071067811865469066, 0.0000000000000000000 ) ) ;
#2418 = DIRECTION ( 'NONE',  ( 0.0000000000000000000, 1.000000000000000000, 0.0000000000000000000 ) ) ;
#2419 = DIRECTION ( 'NONE',  ( 0.0000000000000000000, 0.0000000000000000000, -1.000000000000000000 ) ) ;
#2420 = FACE_OUTER_BOUND ( 'NONE', #1194, .T. ) ;
#2421 = EDGE_LOOP ( 'NONE', ( #735, #1786, #1603, #1645, #1908, #1326, #2322, #401 ) ) ;
#2422 = DIRECTION ( 'NONE',  ( 0.0000000000000000000, 0.0000000000000000000, -1.000000000000000000 ) ) ;
#2423 =( NAMED_UNIT ( * ) SI_UNIT ( $, .STERADIAN. ) SOLID_ANGLE_UNIT ( ) );
#2424 = CARTESIAN_POINT ( 'NONE',  ( -0.1532055652061933004, -0.07446540772587834089, 0.1023622047244094474 ) ) ;
#2425 = DIRECTION ( 'NONE',  ( 0.0000000000000000000, 0.0000000000000000000, 1.000000000000000000 ) ) ;
#2426 = CARTESIAN_POINT ( 'NONE',  ( -0.1181102362204724532, 0.1377952755905511861, -0.1122047244094488277 ) ) ;
#2427 = ORIENTED_EDGE ( 'NONE', *, *, #1770, .T. ) ;
#2428 = CONICAL_SURFACE ( 'NONE', #1098, 0.06889763779527559306, 0.03490658503988665340 ) ;
#2429 = FACE_OUTER_BOUND ( 'NONE', #1715, .T. ) ;
#2430 = DIRECTION ( 'NONE',  ( 1.000000000000000000, 0.0000000000000000000, 0.0000000000000000000 ) ) ;
#2431 = EDGE_CURVE ( 'NONE', #3014, #176, #2489, .T. ) ;
#2432 = ORIENTED_EDGE ( 'NONE', *, *, #3471, .F. ) ;
#2433 = AXIS2_PLACEMENT_3D ( 'NONE', #2698, #4064, #1032 ) ;
#2434 = CIRCLE ( 'NONE', #3550, 0.02362204724409448092 ) ;
#2435 = CARTESIAN_POINT ( 'NONE',  ( -0.08858267716535432601, 0.1377952755905511861, -0.08858267716535432601 ) ) ;
#2436 = CIRCLE ( 'NONE', #3119, 0.007874015748031499423 ) ;
#2437 = ORIENTED_EDGE ( 'NONE', *, *, #522, .T. ) ;
#2438 = DIRECTION ( 'NONE',  ( -1.000000000000000000, 0.0000000000000000000, 0.0000000000000000000 ) ) ;
#2439 = AXIS2_PLACEMENT_3D ( 'NONE', #2191, #475, #567 ) ;
#2440 = LINE ( 'NONE', #97, #206 ) ;
#2441 = EDGE_CURVE ( 'NONE', #2509, #821, #725, .T. ) ;
#2442 = DIRECTION ( 'NONE',  ( 0.0000000000000000000, -1.000000000000000000, 0.0000000000000000000 ) ) ;
#2443 = VECTOR ( 'NONE', #1173, 39.37007874015748143 ) ;
#2444 = ORIENTED_EDGE ( 'NONE', *, *, #3387, .T. ) ;
#2445 = ORIENTED_EDGE ( 'NONE', *, *, #766, .T. ) ;
#2446 = DIRECTION ( 'NONE',  ( 0.0000000000000000000, -1.000000000000000000, 0.0000000000000000000 ) ) ;
#2447 = EDGE_CURVE ( 'NONE', #1802, #2842, #3829, .T. ) ;
#2448 = CIRCLE ( 'NONE', #3280, 0.02362204724409448092 ) ;
#2449 = CARTESIAN_POINT ( 'NONE',  ( 0.1240157480314960647, -0.04201406643800709162, -0.1023622047244094474 ) ) ;
#2450 = VERTEX_POINT ( 'NONE', #457 ) ;
#2451 = CIRCLE ( 'NONE', #2098, 0.02362204724409448092 ) ;
#2452 =( GEOMETRIC_REPRESENTATION_CONTEXT ( 3 ) GLOBAL_UNCERTAINTY_ASSIGNED_CONTEXT ( ( #116 ) ) GLOBAL_UNIT_ASSIGNED_CONTEXT ( ( #3449, #3904, #3175 ) ) REPRESENTATION_CONTEXT ( 'NONE', 'WORKASPACE' ) );
#2453 = PLANE ( 'NONE',  #3703 ) ;
#2454 = VERTEX_POINT ( 'NONE', #1485 ) ;
#2455 = PRODUCT_DEFINITION_CONTEXT ( 'detailed design', #3018, 'design' ) ;
#2456 = VECTOR ( 'NONE', #4327, 39.37007874015748143 ) ;
#2457 = FACE_BOUND ( 'NONE', #2156, .T. ) ;
#2458 = VERTEX_POINT ( 'NONE', #398 ) ;
#2459 = CYLINDRICAL_SURFACE ( 'NONE', #253, 0.02362204724409448092 ) ;
#2460 = AXIS2_PLACEMENT_3D ( 'NONE', #4128, #2124, #1801 ) ;
#2461 = ADVANCED_FACE ( 'NONE', ( #2808 ), #65, .F. ) ;
#2462 = EDGE_CURVE ( 'NONE', #4167, #3420, #2523, .T. ) ;
#2463 = DIRECTION ( 'NONE',  ( 0.0000000000000000000, 1.000000000000000000, 0.0000000000000000000 ) ) ;
#2464 = LINE ( 'NONE', #738, #51 ) ;
#2465 = LINE ( 'NONE', #3419, #3925 ) ;
#2466 = ORIENTED_EDGE ( 'NONE', *, *, #2825, .T. ) ;
#2467 = EDGE_LOOP ( 'NONE', ( #1797, #3799, #2491, #4101, #2530, #3750 ) ) ;
#2468 = ADVANCED_FACE ( 'NONE', ( #3425 ), #3091, .T. ) ;
#2469 = DIRECTION ( 'NONE',  ( 1.000000000000000000, 0.0000000000000000000, 0.0000000000000000000 ) ) ;
#2470 = PRESENTATION_STYLE_ASSIGNMENT (( #453 ) ) ;
#2471 = DIRECTION ( 'NONE',  ( -1.000000000000000000, 0.0000000000000000000, 0.0000000000000000000 ) ) ;
#2472 = CARTESIAN_POINT ( 'NONE',  ( 0.1532055652061933004, -0.06332986786467284523, 0.1023622047244094474 ) ) ;
#2473 = ORIENTED_EDGE ( 'NONE', *, *, #2006, .T. ) ;
#2474 = DIRECTION ( 'NONE',  ( 0.0000000000000000000, 0.0000000000000000000, 1.000000000000000000 ) ) ;
#2475 = DIRECTION ( 'NONE',  ( 0.0000000000000000000, 0.0000000000000000000, 1.000000000000000000 ) ) ;
#2476 = CARTESIAN_POINT ( 'NONE',  ( 0.08858267716535432601, 0.1496062992125984370, 0.08858267716535432601 ) ) ;
#2477 = FACE_BOUND ( 'NONE', #21, .T. ) ;
#2478 = ORIENTED_EDGE ( 'NONE', *, *, #1128, .T. ) ;
#2479 = DIRECTION ( 'NONE',  ( 1.445602896647339903E-16, 0.0000000000000000000, 1.000000000000000000 ) ) ;
#2480 = CARTESIAN_POINT ( 'NONE',  ( -0.1318897637795275746, -0.04201406643800709162, 0.07480314960629921850 ) ) ;
#2481 = DIRECTION ( 'NONE',  ( 0.0000000000000000000, 1.000000000000000000, 0.0000000000000000000 ) ) ;
#2482 = CARTESIAN_POINT ( 'NONE',  ( 0.1181102362204724532, 0.1299212598425196763, -0.1122047244094488277 ) ) ;
#2483 = VERTEX_POINT ( 'NONE', #2827 ) ;
#2484 = EDGE_CURVE ( 'NONE', #3696, #2948, #2198, .T. ) ;
#2485 = EDGE_LOOP ( 'NONE', ( #3863, #2734, #1688, #1414 ) ) ;
#2486 = LINE ( 'NONE', #1152, #3679 ) ;
#2487 = CARTESIAN_POINT ( 'NONE',  ( 0.1318897637795275746, -0.09578120915254409451, -0.1023622047244094474 ) ) ;
#2488 = CARTESIAN_POINT ( 'NONE',  ( -0.1181102362204724532, 0.02755905511811023584, 0.1023622047244094474 ) ) ;
#2489 = LINE ( 'NONE', #2449, #621 ) ;
#2490 = DIRECTION ( 'NONE',  ( 0.0000000000000000000, -1.000000000000000000, 0.0000000000000000000 ) ) ;
#2491 = ORIENTED_EDGE ( 'NONE', *, *, #3057, .F. ) ;
#2492 = CARTESIAN_POINT ( 'NONE',  ( -0.1532055652061933004, -0.06332986786467284523, 0.1023622047244094474 ) ) ;
#2493 = CARTESIAN_POINT ( 'NONE',  ( -0.1318897637795275746, -0.09578120915254409451, -0.1023622047244094474 ) ) ;
#2494 = CLOSED_SHELL ( 'NONE', ( #2468, #1522, #4004, #1816, #2384, #384, #3967, #4100, #978, #3096, #3644, #3272, #1151, #3694, #361, #2857, #3077, #1473, #2932, #3910, #3168 ) ) ;
#2495 = EDGE_LOOP ( 'NONE', ( #4235, #55, #862, #393, #356, #4292, #2353, #1304, #4155, #3886, #2536, #1894, #1777, #1712, #2380, #1415, #1481 ) ) ;
#2496 = CARTESIAN_POINT ( 'NONE',  ( -0.1555118110236220763, -0.1377952755905511861, -0.08366141732283464971 ) ) ;
#2497 = FACE_OUTER_BOUND ( 'NONE', #782, .T. ) ;
#2498 =( GEOMETRIC_REPRESENTATION_CONTEXT ( 3 ) GLOBAL_UNCERTAINTY_ASSIGNED_CONTEXT ( ( #467 ) ) GLOBAL_UNIT_ASSIGNED_CONTEXT ( ( #3064, #1086, #2423 ) ) REPRESENTATION_CONTEXT ( 'NONE', 'WORKASPACE' ) );
#2499 = EDGE_CURVE ( 'NONE', #3451, #436, #3535, .T. ) ;
#2500 = APPLICATION_CONTEXT ( 'automotive_design' ) ;
#2501 = AXIS2_PLACEMENT_3D ( 'NONE', #1571, #3931, #3626 ) ;
#2502 = EDGE_LOOP ( 'NONE', ( #308, #3129, #2478, #81, #756, #2960, #1373, #2589 ) ) ;
#2503 = CARTESIAN_POINT ( 'NONE',  ( 0.1318897637795275746, 0.02755905511811023584, -0.1023622047244094474 ) ) ;
#2504 = CARTESIAN_POINT ( 'NONE',  ( 0.0000000000000000000, 0.1299212598425196763, 0.0000000000000000000 ) ) ;
#2505 = VECTOR ( 'NONE', #4323, 39.37007874015748143 ) ;
#2506 = DIRECTION ( 'NONE',  ( 0.0000000000000000000, 0.0000000000000000000, 1.000000000000000000 ) ) ;
#2507 = CARTESIAN_POINT ( 'NONE',  ( 0.1318897637795275746, -0.1377952755905511861, -0.1023622047244094474 ) ) ;
#2508 = ORIENTED_EDGE ( 'NONE', *, *, #3643, .F. ) ;
#2509 = VERTEX_POINT ( 'NONE', #3198 ) ;
#2510 = ORIENTED_EDGE ( 'NONE', *, *, #27, .F. ) ;
#2511 = AXIS2_PLACEMENT_3D ( 'NONE', #3423, #3088, #2471 ) ;
#2512 = CARTESIAN_POINT ( 'NONE',  ( 0.1122047244094488277, 0.0000000000000000000, -0.1122047244094488277 ) ) ;
#2513 = DIRECTION ( 'NONE',  ( 0.0000000000000000000, -1.000000000000000000, 0.0000000000000000000 ) ) ;
#2514 = CARTESIAN_POINT ( 'NONE',  ( -0.1181102362204724532, 0.1299212598425196763, -0.04921259842519685318 ) ) ;
#2515 = LINE ( 'NONE', #3837, #3564 ) ;
#2516 = EDGE_CURVE ( 'NONE', #176, #1781, #1186, .T. ) ;
#2517 = FACE_OUTER_BOUND ( 'NONE', #1246, .T. ) ;
#2518 = VECTOR ( 'NONE', #4299, 39.37007874015748143 ) ;
#2519 = DIRECTION ( 'NONE',  ( 1.000000000000000000, 0.0000000000000000000, 0.0000000000000000000 ) ) ;
#2520 = ORIENTED_EDGE ( 'NONE', *, *, #363, .T. ) ;
#2521 = DIRECTION ( 'NONE',  ( -4.063888932435259910E-16, -1.000000000000000000, 0.0000000000000000000 ) ) ;
#2522 = VERTEX_POINT ( 'NONE', #222 ) ;
#2523 = CIRCLE ( 'NONE', #1748, 0.007874015748031499423 ) ;
#2524 = ADVANCED_FACE ( 'NONE', ( #2580 ), #1575, .F. ) ;
#2525 = CIRCLE ( 'NONE', #188, 0.04763532873913756127 ) ;
#2526 = ORIENTED_EDGE ( 'NONE', *, *, #1611, .T. ) ;
#2527 = CARTESIAN_POINT ( 'NONE',  ( 0.1476377952755905387, -0.06889763779527559306, -0.1023622047244094474 ) ) ;
#2528 = AXIS2_PLACEMENT_3D ( 'NONE', #3258, #255, #3598 ) ;
#2529 = VECTOR ( 'NONE', #2537, 39.37007874015748143 ) ;
#2530 = ORIENTED_EDGE ( 'NONE', *, *, #3986, .T. ) ;
#2531 = DIRECTION ( 'NONE',  ( 0.0000000000000000000, 0.0000000000000000000, -1.000000000000000000 ) ) ;
#2532 = SURFACE_STYLE_USAGE ( .BOTH. , #495 ) ;
#2533 = AXIS2_PLACEMENT_3D ( 'NONE', #2060, #345, #3389 ) ;
#2534 = ORIENTED_EDGE ( 'NONE', *, *, #1954, .T. ) ;
#2535 = ORIENTED_EDGE ( 'NONE', *, *, #3779, .T. ) ;
#2536 = ORIENTED_EDGE ( 'NONE', *, *, #2135, .T. ) ;
#2537 = DIRECTION ( 'NONE',  ( 1.000000000000000000, 0.0000000000000000000, 0.0000000000000000000 ) ) ;
#2538 = LINE ( 'NONE', #4218, #4061 ) ;
#2539 = EDGE_LOOP ( 'NONE', ( #2080, #1287, #2981, #1237 ) ) ;
#2540 = CARTESIAN_POINT ( 'NONE',  ( 0.1318897637795275746, 0.02755905511811023584, 0.1023622047244094474 ) ) ;
#2541 = ORIENTED_EDGE ( 'NONE', *, *, #2884, .T. ) ;
#2542 = EDGE_CURVE ( 'NONE', #647, #1291, #3936, .T. ) ;
#2543 = ORIENTED_EDGE ( 'NONE', *, *, #3453, .F. ) ;
#2544 = EDGE_CURVE ( 'NONE', #3625, #443, #3906, .T. ) ;
#2545 = DIRECTION ( 'NONE',  ( 1.000000000000000000, 0.0000000000000000000, 0.0000000000000000000 ) ) ;
#2546 =( LENGTH_UNIT ( ) NAMED_UNIT ( * ) SI_UNIT ( $, .METRE. ) );
#2547 = ADVANCED_FACE ( 'NONE', ( #482 ), #3859, .F. ) ;
#2548 = VERTEX_POINT ( 'NONE', #3516 ) ;
#2549 = CARTESIAN_POINT ( 'NONE',  ( -0.1181102362204724532, 0.03543307086614173179, -0.1023622047244094474 ) ) ;
#2550 = CARTESIAN_POINT ( 'NONE',  ( -0.1240157480314960647, -0.09578120915254409451, 0.07480314960629921850 ) ) ;
#2551 = VERTEX_POINT ( 'NONE', #4197 ) ;
#2552 = VERTEX_POINT ( 'NONE', #4173 ) ;
#2553 = VERTEX_POINT ( 'NONE', #1174 ) ;
#2554 = DIRECTION ( 'NONE',  ( 0.0000000000000000000, 0.0000000000000000000, 1.000000000000000000 ) ) ;
#2555 = CARTESIAN_POINT ( 'NONE',  ( 0.1240157480314960647, -0.1377952755905511861, -0.1023622047244094474 ) ) ;
#2556 = FACE_OUTER_BOUND ( 'NONE', #1787, .T. ) ;
#2557 = CARTESIAN_POINT ( 'NONE',  ( 0.1476377952755905387, -0.06889763779527559306, 0.1023622047244094474 ) ) ;
#2558 = CARTESIAN_POINT ( 'NONE',  ( -0.1240157480314960647, 0.02755905511811023584, 0.1023622047244094474 ) ) ;
#2559 = EDGE_LOOP ( 'NONE', ( #1436, #602, #3201, #1001 ) ) ;
#2560 = DIRECTION ( 'NONE',  ( 0.0000000000000000000, 0.0000000000000000000, 1.000000000000000000 ) ) ;
#2561 = LINE ( 'NONE', #2811, #601 ) ;
#2562 = ORIENTED_EDGE ( 'NONE', *, *, #906, .F. ) ;
#2563 = ORIENTED_EDGE ( 'NONE', *, *, #604, .T. ) ;
#2564 = ORIENTED_EDGE ( 'NONE', *, *, #2758, .F. ) ;
#2565 = ADVANCED_FACE ( 'NONE', ( #2517 ), #833, .T. ) ;
#2566 = DIRECTION ( 'NONE',  ( -4.063888932435259910E-16, 1.000000000000000000, 0.0000000000000000000 ) ) ;
#2567 = ORIENTED_EDGE ( 'NONE', *, *, #867, .T. ) ;
#2568 = VECTOR ( 'NONE', #3856, 39.37007874015748143 ) ;
#2569 = PLANE ( 'NONE',  #3975 ) ;
#2570 = FILL_AREA_STYLE_COLOUR ( '', #3848 ) ;
#2571 = AXIS2_PLACEMENT_3D ( 'NONE', #1101, #95, #2438 ) ;
#2572 = ORIENTED_EDGE ( 'NONE', *, *, #1370, .F. ) ;
#2573 = ORIENTED_EDGE ( 'NONE', *, *, #1263, .T. ) ;
#2574 = CARTESIAN_POINT ( 'NONE',  ( -0.1181102362204724532, 0.0000000000000000000, 0.1181102362204724532 ) ) ;
#2575 = CARTESIAN_POINT ( 'NONE',  ( -0.1181102362204724532, 0.03543307086614173179, 0.1023622047244094474 ) ) ;
#2576 = DIRECTION ( 'NONE',  ( 0.0000000000000000000, 0.0000000000000000000, 1.000000000000000000 ) ) ;
#2577 = CIRCLE ( 'NONE', #2146, 0.007874015748031499423 ) ;
#2578 = DIRECTION ( 'NONE',  ( -0.7071067811865479058, -0.7071067811865469066, 0.0000000000000000000 ) ) ;
#2579 = CARTESIAN_POINT ( 'NONE',  ( -0.1181102362204724532, 0.1299212598425196763, 0.1122047244094488277 ) ) ;
#2580 = FACE_OUTER_BOUND ( 'NONE', #3664, .T. ) ;
#2581 = AXIS2_PLACEMENT_3D ( 'NONE', #3304, #919, #870 ) ;
#2582 = EDGE_LOOP ( 'NONE', ( #3581, #1492, #3811, #775 ) ) ;
#2583 = DIRECTION ( 'NONE',  ( 0.0000000000000000000, -1.000000000000000000, 0.0000000000000000000 ) ) ;
#2584 = VERTEX_POINT ( 'NONE', #1036 ) ;
#2585 = VECTOR ( 'NONE', #3286, 39.37007874015748143 ) ;
#2586 = LINE ( 'NONE', #2659, #3921 ) ;
#2587 = ORIENTED_EDGE ( 'NONE', *, *, #4062, .T. ) ;
#2588 = AXIS2_PLACEMENT_3D ( 'NONE', #170, #1831, #3562 ) ;
#2589 = ORIENTED_EDGE ( 'NONE', *, *, #1181, .T. ) ;
#2590 = CARTESIAN_POINT ( 'NONE',  ( -0.1240157480314960647, -0.1143824042423135789, 0.07014398974742774850 ) ) ;
#2591 = VECTOR ( 'NONE', #526, 39.37007874015748143 ) ;
#2592 = ORIENTED_EDGE ( 'NONE', *, *, #2752, .T. ) ;
#2593 = AXIS2_PLACEMENT_3D ( 'NONE', #3042, #1043, #106 ) ;
#2594 = CARTESIAN_POINT ( 'NONE',  ( 0.1318897637795275746, -0.04201406643800709162, -0.1023622047244094474 ) ) ;
#2595 = CARTESIAN_POINT ( 'NONE',  ( -0.1555118110236219930, -0.06889763779527559306, -0.1023622047244094474 ) ) ;
#2596 = CIRCLE ( 'NONE', #3996, 0.05156993829433086790 ) ;
#2597 = ORIENTED_EDGE ( 'NONE', *, *, #3179, .F. ) ;
#2598 = ORIENTED_EDGE ( 'NONE', *, *, #3387, .F. ) ;
#2599 = ADVANCED_FACE ( 'NONE', ( #3360 ), #2997, .T. ) ;
#2600 = CARTESIAN_POINT ( 'NONE',  ( -0.1181102362204724532, 0.03543307086614173179, 0.07480314960629921850 ) ) ;
#2601 = FACE_OUTER_BOUND ( 'NONE', #1636, .T. ) ;
#2602 = AXIS2_PLACEMENT_3D ( 'NONE', #3801, #3825, #474 ) ;
#2603 = CARTESIAN_POINT ( 'NONE',  ( -0.1181102362204724532, 0.1299212598425196763, 0.1181102362204724532 ) ) ;
#2604 = DIRECTION ( 'NONE',  ( 0.0000000000000000000, -1.000000000000000000, 0.0000000000000000000 ) ) ;
#2605 = EDGE_CURVE ( 'NONE', #2048, #3855, #2087, .T. ) ;
#2606 =( GEOMETRIC_REPRESENTATION_CONTEXT ( 3 ) GLOBAL_UNCERTAINTY_ASSIGNED_CONTEXT ( ( #864 ) ) GLOBAL_UNIT_ASSIGNED_CONTEXT ( ( #3529, #3927, #518 ) ) REPRESENTATION_CONTEXT ( 'NONE', 'WORKASPACE' ) );
#2607 = EDGE_LOOP ( 'NONE', ( #3706, #3624, #217, #1547 ) ) ;
#2608 = DIRECTION ( 'NONE',  ( 0.0000000000000000000, -1.000000000000000000, 0.0000000000000000000 ) ) ;
#2609 = ORIENTED_EDGE ( 'NONE', *, *, #2693, .T. ) ;
#2610 = VERTEX_POINT ( 'NONE', #1643 ) ;
#2611 = DIRECTION ( 'NONE',  ( 0.0000000000000000000, 1.000000000000000000, 0.0000000000000000000 ) ) ;
#2612 = CARTESIAN_POINT ( 'NONE',  ( -0.08858267716535432601, 0.1299212598425196763, -0.08858267716535432601 ) ) ;
#2613 = ORIENTED_EDGE ( 'NONE', *, *, #3599, .T. ) ;
#2614 = FACE_OUTER_BOUND ( 'NONE', #2874, .T. ) ;
#2615 = DIRECTION ( 'NONE',  ( 0.0000000000000000000, -1.000000000000000000, 0.0000000000000000000 ) ) ;
#2616 = FACE_BOUND ( 'NONE', #3567, .T. ) ;
#2617 = ORIENTED_EDGE ( 'NONE', *, *, #3958, .F. ) ;
#2618 = FACE_OUTER_BOUND ( 'NONE', #2630, .T. ) ;
#2619 = DIRECTION ( 'NONE',  ( 0.0000000000000000000, -1.000000000000000000, 0.0000000000000000000 ) ) ;
#2620 = CARTESIAN_POINT ( 'NONE',  ( 0.1240157480314960647, 0.02755905511811023584, 0.1023622047244094474 ) ) ;
#2621 = CARTESIAN_POINT ( 'NONE',  ( -0.1318897637795275746, -0.09578120915254409451, -0.1023622047244094474 ) ) ;
#2622 = CARTESIAN_POINT ( 'NONE',  ( -0.1240157480314960647, 0.02755905511811023584, -0.1023622047244094474 ) ) ;
#2623 = ADVANCED_FACE ( 'NONE', ( #1998 ), #3332, .T. ) ;
#2624 = EDGE_CURVE ( 'NONE', #969, #3549, #3836, .T. ) ;
#2625 = ORIENTED_EDGE ( 'NONE', *, *, #2039, .T. ) ;
#2626 = PLANE ( 'NONE',  #1602 ) ;
#2627 = DIRECTION ( 'NONE',  ( 0.0000000000000000000, 0.0000000000000000000, -1.000000000000000000 ) ) ;
#2628 = ORIENTED_EDGE ( 'NONE', *, *, #3937, .F. ) ;
#2629 = CARTESIAN_POINT ( 'NONE',  ( -0.1318897637795275746, -0.04201406643800709162, 0.1023622047244094474 ) ) ;
#2630 = EDGE_LOOP ( 'NONE', ( #493, #2725, #2541, #3817 ) ) ;
#2631 = DIRECTION ( 'NONE',  ( 0.0000000000000000000, -1.000000000000000000, 0.0000000000000000000 ) ) ;
#2632 = EDGE_CURVE ( 'NONE', #629, #1204, #313, .T. ) ;
#2633 = CARTESIAN_POINT ( 'NONE',  ( 0.1122047244094488277, 0.1299212598425196763, 0.1122047244094488277 ) ) ;
#2634 = VERTEX_POINT ( 'NONE', #2072 ) ;
#2635 = VERTEX_POINT ( 'NONE', #3320 ) ;
#2636 = DIRECTION ( 'NONE',  ( -0.7071067811865470176, 0.7071067811865480168, 0.0000000000000000000 ) ) ;
#2637 = DIRECTION ( 'NONE',  ( 0.0000000000000000000, 0.0000000000000000000, -1.000000000000000000 ) ) ;
#2638 = CYLINDRICAL_SURFACE ( 'NONE', #627, 0.007874015748031466463 ) ;
#2639 = CIRCLE ( 'NONE', #2971, 0.02362204724409448092 ) ;
#2640 = EDGE_LOOP ( 'NONE', ( #3639, #2534, #2301, #1299 ) ) ;
#2641 = AXIS2_PLACEMENT_3D ( 'NONE', #141, #4124, #431 ) ;
#2642 = VECTOR ( 'NONE', #645, 39.37007874015748143 ) ;
#2643 = ORIENTED_EDGE ( 'NONE', *, *, #620, .T. ) ;
#2644 = DIRECTION ( 'NONE',  ( -4.063888932435259910E-16, -1.000000000000000000, 0.0000000000000000000 ) ) ;
#2645 = AXIS2_PLACEMENT_3D ( 'NONE', #1371, #2041, #4037 ) ;
#2646 = EDGE_CURVE ( 'NONE', #101, #70, #3060, .T. ) ;
#2647 = CIRCLE ( 'NONE', #1117, 0.02362204724409448092 ) ;
#2648 = ORIENTED_EDGE ( 'NONE', *, *, #902, .T. ) ;
#2649 = ORIENTED_EDGE ( 'NONE', *, *, #1095, .T. ) ;
#2650 = DIRECTION ( 'NONE',  ( 0.0000000000000000000, 1.000000000000000000, 0.0000000000000000000 ) ) ;
#2651 = CARTESIAN_POINT ( 'NONE',  ( -0.08858267716535432601, 0.1496062992125984370, -0.1122047244094488139 ) ) ;
#2652 = AXIS2_PLACEMENT_3D ( 'NONE', #2738, #4338, #641 ) ;
#2653 = DIRECTION ( 'NONE',  ( 1.000000000000000000, 0.0000000000000000000, 0.0000000000000000000 ) ) ;
#2654 = VECTOR ( 'NONE', #4139, 39.37007874015748143 ) ;
#2655 = VERTEX_POINT ( 'NONE', #31 ) ;
#2656 = CARTESIAN_POINT ( 'NONE',  ( -0.1122047244094488277, 0.1299212598425196763, 0.1181102362204724532 ) ) ;
#2657 = PLANE ( 'NONE',  #202 ) ;
#2658 = AXIS2_PLACEMENT_3D ( 'NONE', #1794, #491, #1471 ) ;
#2659 = CARTESIAN_POINT ( 'NONE',  ( -0.1240157480314960647, -0.04201406643800709162, 0.1023622047244094474 ) ) ;
#2660 = ORIENTED_EDGE ( 'NONE', *, *, #3090, .F. ) ;
#2661 = DIRECTION ( 'NONE',  ( 1.000000000000000000, 0.0000000000000000000, 0.0000000000000000000 ) ) ;
#2662 = CIRCLE ( 'NONE', #3770, 0.02362204724409448092 ) ;
#2663 = LINE ( 'NONE', #4008, #2069 ) ;
#2664 = VECTOR ( 'NONE', #1739, 39.37007874015748143 ) ;
#2665 = ORIENTED_EDGE ( 'NONE', *, *, #13, .F. ) ;
#2666 = FACE_OUTER_BOUND ( 'NONE', #1249, .T. ) ;
#2667 = CARTESIAN_POINT ( 'NONE',  ( 0.1476377952755905387, -0.06889763779527559306, -0.1023622047244094474 ) ) ;
#2668 = ADVANCED_FACE ( 'NONE', ( #2390 ), #1755, .T. ) ;
#2669 = EDGE_CURVE ( 'NONE', #2842, #1108, #1388, .T. ) ;
#2670 = VERTEX_POINT ( 'NONE', #3721 ) ;
#2671 = ORIENTED_EDGE ( 'NONE', *, *, #2679, .T. ) ;
#2672 = DIRECTION ( 'NONE',  ( -1.000000000000000000, 0.0000000000000000000, 0.0000000000000000000 ) ) ;
#2673 = DIRECTION ( 'NONE',  ( 2.454115839351809943E-16, -1.000000000000000000, 0.0000000000000000000 ) ) ;
#2674 = EDGE_CURVE ( 'NONE', #647, #722, #3699, .T. ) ;
#2675 = VERTEX_POINT ( 'NONE', #1409 ) ;
#2676 = VERTEX_POINT ( 'NONE', #3049 ) ;
#2677 = DIRECTION ( 'NONE',  ( 0.0000000000000000000, -1.000000000000000000, 0.0000000000000000000 ) ) ;
#2678 = CARTESIAN_POINT ( 'NONE',  ( -0.08858267716535432601, 0.1496062992125984370, 0.06496062992125983815 ) ) ;
#2679 = EDGE_CURVE ( 'NONE', #2024, #3732, #691, .T. ) ;
#2680 = DIRECTION ( 'NONE',  ( 0.0000000000000000000, 0.0000000000000000000, 1.000000000000000000 ) ) ;
#2681 = ORIENTED_EDGE ( 'NONE', *, *, #3736, .T. ) ;
#2682 = LINE ( 'NONE', #3337, #3547 ) ;
#2683 =( LENGTH_UNIT ( ) NAMED_UNIT ( * ) SI_UNIT ( $, .METRE. ) );
#2684 = EDGE_CURVE ( 'NONE', #2548, #1108, #2093, .T. ) ;
#2685 = LINE ( 'NONE', #2590, #2862 ) ;
#2686 = ORIENTED_EDGE ( 'NONE', *, *, #650, .F. ) ;
#2687 = FILL_AREA_STYLE_COLOUR ( '', #733 ) ;
#2688 = CARTESIAN_POINT ( 'NONE',  ( -0.1181102362204724532, 0.003937007874015747977, -0.04921259842519685318 ) ) ;
#2689 = VERTEX_POINT ( 'NONE', #2011 ) ;
#2690 = ORIENTED_EDGE ( 'NONE', *, *, #3112, .F. ) ;
#2691 = DIRECTION ( 'NONE',  ( -0.7071067811865469066, -0.7071067811865479058, 0.0000000000000000000 ) ) ;
#2692 = CARTESIAN_POINT ( 'NONE',  ( 0.1240157480314960647, -0.09578120915254409451, 0.07480314960629921850 ) ) ;
#2693 = EDGE_CURVE ( 'NONE', #3411, #101, #3407, .T. ) ;
#2694 = FACE_OUTER_BOUND ( 'NONE', #1058, .T. ) ;
#2695 = ORIENTED_EDGE ( 'NONE', *, *, #2190, .T. ) ;
#2696 = PRODUCT_DEFINITION_SHAPE ( 'NONE', 'NONE',  #1282 ) ;
#2697 = CARTESIAN_POINT ( 'NONE',  ( -0.1240157480314960647, -0.1377952755905511861, -0.08366141732283464971 ) ) ;
#2698 = CARTESIAN_POINT ( 'NONE',  ( 0.1240157480314960647, 0.02755905511811023584, -0.1023622047244094474 ) ) ;
#2699 = EDGE_CURVE ( 'NONE', #3428, #3513, #2525, .T. ) ;
#2700 = DIRECTION ( 'NONE',  ( 0.0000000000000000000, 0.0000000000000000000, 1.000000000000000000 ) ) ;
#2701 = DIRECTION ( 'NONE',  ( 0.0000000000000000000, 0.0000000000000000000, -1.000000000000000000 ) ) ;
#2702 = VERTEX_POINT ( 'NONE', #2667 ) ;
#2703 = CARTESIAN_POINT ( 'NONE',  ( -0.1240157480314960647, 0.03543307086614173179, 0.07480314960629921850 ) ) ;
#2704 = CARTESIAN_POINT ( 'NONE',  ( 0.1122047244094488277, 0.1299212598425196763, 0.1181102362204724532 ) ) ;
#2705 = VECTOR ( 'NONE', #1532, 39.37007874015748143 ) ;
#2706 = PRESENTATION_STYLE_ASSIGNMENT (( #1402 ) ) ;
#2707 = CARTESIAN_POINT ( 'NONE',  ( -0.08858267716535432601, 0.1299212598425196763, -0.06496062992125983815 ) ) ;
#2708 = VECTOR ( 'NONE', #373, 39.37007874015748854 ) ;
#2709 = ORIENTED_EDGE ( 'NONE', *, *, #2693, .F. ) ;
#2710 = LINE ( 'NONE', #4113, #2078 ) ;
#2711 = VECTOR ( 'NONE', #3459, 39.37007874015748854 ) ;
#2712 = AXIS2_PLACEMENT_3D ( 'NONE', #3545, #537, #4249 ) ;
#2713 = ORIENTED_EDGE ( 'NONE', *, *, #1618, .T. ) ;
#2714 = DIRECTION ( 'NONE',  ( 0.0000000000000000000, 0.0000000000000000000, 1.000000000000000000 ) ) ;
#2715 = CIRCLE ( 'NONE', #745, 0.02362204724409448092 ) ;
#2716 = VERTEX_POINT ( 'NONE', #2688 ) ;
#2717 = CONICAL_SURFACE ( 'NONE', #3127, 0.06889763779527559306, 0.03490658503988665340 ) ;
#2718 = CARTESIAN_POINT ( 'NONE',  ( -0.1555118110236220208, -0.06889763779527559306, -0.1023622047244094474 ) ) ;
#2719 = CARTESIAN_POINT ( 'NONE',  ( 0.1318897637795275746, -0.04201406643800709162, 0.07480314960629921850 ) ) ;
#2720 = CARTESIAN_POINT ( 'NONE',  ( -8.437527159479795937E-18, 0.1299212598425196763, -0.06889763779527559306 ) ) ;
#2721 = FACE_OUTER_BOUND ( 'NONE', #2926, .T. ) ;
#2722 = AXIS2_PLACEMENT_3D ( 'NONE', #3731, #3384, #786 ) ;
#2723 = FACE_OUTER_BOUND ( 'NONE', #3094, .T. ) ;
#2724 = EDGE_CURVE ( 'NONE', #3192, #4087, #623, .T. ) ;
#2725 = ORIENTED_EDGE ( 'NONE', *, *, #115, .F. ) ;
#2726 = ADVANCED_FACE ( 'NONE', ( #1072, #3346, #4011, #1000, #1693, #709 ), #729, .T. ) ;
#2727 = LINE ( 'NONE', #1065, #3548 ) ;
#2728 = VECTOR ( 'NONE', #1362, 39.37007874015748143 ) ;
#2729 = DIRECTION ( 'NONE',  ( 0.0000000000000000000, 0.0000000000000000000, 1.000000000000000000 ) ) ;
#2730 = EDGE_CURVE ( 'NONE', #3855, #980, #2361, .T. ) ;
#2731 = CARTESIAN_POINT ( 'NONE',  ( -0.1476377952755905387, -0.06889763779527559306, 0.1023622047244094474 ) ) ;
#2732 = PLANE ( 'NONE',  #273 ) ;
#2733 = VECTOR ( 'NONE', #904, 39.37007874015748854 ) ;
#2734 = ORIENTED_EDGE ( 'NONE', *, *, #3174, .F. ) ;
#2735 = DIRECTION ( 'NONE',  ( 0.7071067811865469066, -0.7071067811865479058, 0.0000000000000000000 ) ) ;
#2736 = AXIS2_PLACEMENT_3D ( 'NONE', #1784, #1843, #3148 ) ;
#2737 = ADVANCED_FACE ( 'NONE', ( #2057 ), #4137, .F. ) ;
#2738 = CARTESIAN_POINT ( 'NONE',  ( 0.1318897637795275746, -0.09578120915254409451, -0.07480314960629921850 ) ) ;
#2739 = VECTOR ( 'NONE', #2701, 39.37007874015748143 ) ;
#2740 = CARTESIAN_POINT ( 'NONE',  ( 0.1532055652061933004, -0.06332986786467284523, -0.1023622047244094474 ) ) ;
#2741 = VERTEX_POINT ( 'NONE', #1813 ) ;
#2742 = CARTESIAN_POINT ( 'NONE',  ( 0.1181102362204724532, 0.03543307086614173179, -0.1023622047244094474 ) ) ;
#2743 = CARTESIAN_POINT ( 'NONE',  ( -0.1122047244094488277, 0.1377952755905511861, -0.1122047244094488277 ) ) ;
#2744 = CARTESIAN_POINT ( 'NONE',  ( -0.1263219938489248129, -0.04758183636860983945, -0.1023622047244094474 ) ) ;
#2745 = DIRECTION ( 'NONE',  ( 0.0000000000000000000, 0.0000000000000000000, 1.000000000000000000 ) ) ;
#2746 = VERTEX_POINT ( 'NONE', #3431 ) ;
#2747 = CARTESIAN_POINT ( 'NONE',  ( -0.1122047244094488277, 0.1377952755905511861, 0.1181102362204724532 ) ) ;
#2748 = EDGE_CURVE ( 'NONE', #2193, #1607, #814, .T. ) ;
#2749 = FACE_OUTER_BOUND ( 'NONE', #1281, .T. ) ;
#2750 = ORIENTED_EDGE ( 'NONE', *, *, #1396, .T. ) ;
#2751 = DIRECTION ( 'NONE',  ( 0.7071067811865479058, -0.7071067811865469066, 0.0000000000000000000 ) ) ;
#2752 = EDGE_CURVE ( 'NONE', #2364, #2176, #750, .T. ) ;
#2753 = DIRECTION ( 'NONE',  ( 0.0000000000000000000, 0.0000000000000000000, 1.000000000000000000 ) ) ;
#2754 = EDGE_CURVE ( 'NONE', #1713, #3960, #2925, .T. ) ;
#2755 = DIRECTION ( 'NONE',  ( 4.063888932435259910E-16, -1.000000000000000000, 0.0000000000000000000 ) ) ;
#2756 = DIRECTION ( 'NONE',  ( -1.000000000000000000, 0.0000000000000000000, 0.0000000000000000000 ) ) ;
#2757 = ORIENTED_EDGE ( 'NONE', *, *, #2669, .T. ) ;
#2758 = EDGE_CURVE ( 'NONE', #2675, #1775, #3352, .T. ) ;
#2759 = PLANE ( 'NONE',  #2211 ) ;
#2760 = CARTESIAN_POINT ( 'NONE',  ( -0.08858267716535432601, 0.1299212598425196763, 0.06496062992125983815 ) ) ;
#2761 = DIRECTION ( 'NONE',  ( 0.0000000000000000000, -1.000000000000000000, 0.0000000000000000000 ) ) ;
#2762 = DIRECTION ( 'NONE',  ( -1.000000000000000000, 0.0000000000000000000, 0.0000000000000000000 ) ) ;
#2763 = ORIENTED_EDGE ( 'NONE', *, *, #1094, .F. ) ;
#2764 = EDGE_LOOP ( 'NONE', ( #2824, #1697, #4294, #615, #3289, #435, #1363, #3220, #1168, #3613, #2876, #3326, #4261, #4224, #1967, #2987, #3188 ) ) ;
#2765 = FILL_AREA_STYLE ('',( #2092 ) ) ;
#2766 = DIRECTION ( 'NONE',  ( 0.0000000000000000000, 0.0000000000000000000, -1.000000000000000000 ) ) ;
#2767 = CARTESIAN_POINT ( 'NONE',  ( 0.1318897637795275746, -0.09578120915254409451, 0.07480314960629921850 ) ) ;
#2768 = EDGE_LOOP ( 'NONE', ( #2031, #3611 ) ) ;
#2769 = VECTOR ( 'NONE', #3796, 39.37007874015748143 ) ;
#2770 =( NAMED_UNIT ( * ) PLANE_ANGLE_UNIT ( ) SI_UNIT ( $, .RADIAN. ) );
#2771 = VECTOR ( 'NONE', #2381, 39.37007874015748143 ) ;
#2772 = CYLINDRICAL_SURFACE ( 'NONE', #2233, 0.007874015748031499423 ) ;
#2773 = EDGE_CURVE ( 'NONE', #2634, #787, #464, .T. ) ;
#2774 = ADVANCED_FACE ( 'NONE', ( #136 ), #2772, .T. ) ;
#2775 = VECTOR ( 'NONE', #3833, 39.37007874015748143 ) ;
#2776 = DIRECTION ( 'NONE',  ( 0.0000000000000000000, 1.000000000000000000, 0.0000000000000000000 ) ) ;
#2777 = FACE_BOUND ( 'NONE', #2267, .T. ) ;
#2778 = EDGE_CURVE ( 'NONE', #3181, #25, #3097, .T. ) ;
#2779 = CIRCLE ( 'NONE', #4258, 0.005905511811023620231 ) ;
#2780 = EDGE_LOOP ( 'NONE', ( #3569, #3403, #3618, #2643, #836, #1976, #3789, #293 ) ) ;
#2781 = LINE ( 'NONE', #1543, #2711 ) ;
#2782 = VECTOR ( 'NONE', #3416, 39.37007874015748854 ) ;
#2783 = LINE ( 'NONE', #1454, #347 ) ;
#2784 = CARTESIAN_POINT ( 'NONE',  ( -0.1122047244094488277, 0.0000000000000000000, 0.1122047244094488277 ) ) ;
#2785 = AXIS2_PLACEMENT_3D ( 'NONE', #1440, #2766, #171 ) ;
#2786 = EDGE_LOOP ( 'NONE', ( #3938, #2510, #881, #2427 ) ) ;
#2787 = ORIENTED_EDGE ( 'NONE', *, *, #2165, .F. ) ;
#2788 = CARTESIAN_POINT ( 'NONE',  ( -0.1318897637795275746, -0.1224523058384645591, -0.1023622047244094474 ) ) ;
#2789 = AXIS2_PLACEMENT_3D ( 'NONE', #2767, #3771, #2095 ) ;
#2790 = DIRECTION ( 'NONE',  ( 0.0000000000000000000, -1.000000000000000000, 0.0000000000000000000 ) ) ;
#2791 = ORIENTED_EDGE ( 'NONE', *, *, #2605, .T. ) ;
#2792 = VECTOR ( 'NONE', #609, 39.37007874015748143 ) ;
#2793 = FACE_OUTER_BOUND ( 'NONE', #2079, .T. ) ;
#2794 = VECTOR ( 'NONE', #573, 39.37007874015748143 ) ;
#2795 = CARTESIAN_POINT ( 'NONE',  ( 0.1181102362204724532, 0.1377952755905511861, -0.1181102362204724532 ) ) ;
#2796 = AXIS2_PLACEMENT_3D ( 'NONE', #2435, #712, #1028 ) ;
#2797 = DIRECTION ( 'NONE',  ( 0.0000000000000000000, 0.0000000000000000000, 1.000000000000000000 ) ) ;
#2798 = CARTESIAN_POINT ( 'NONE',  ( -0.1532055652061933004, -0.07446540772587834089, -0.1023622047244094474 ) ) ;
#2799 = ADVANCED_FACE ( 'NONE', ( #3138 ), #1093, .F. ) ;
#2800 = ORIENTED_EDGE ( 'NONE', *, *, #461, .T. ) ;
#2801 = CARTESIAN_POINT ( 'NONE',  ( -0.1240157480314960647, 0.02755905511811023584, -0.07480314960629921850 ) ) ;
#2802 = EDGE_CURVE ( 'NONE', #3885, #163, #773, .T. ) ;
#2803 = LINE ( 'NONE', #142, #1630 ) ;
#2804 = DIRECTION ( 'NONE',  ( -1.000000000000000000, 0.0000000000000000000, 0.0000000000000000000 ) ) ;
#2805 = EDGE_LOOP ( 'NONE', ( #4106, #215, #2879, #2275 ) ) ;
#2806 = ORIENTED_EDGE ( 'NONE', *, *, #528, .F. ) ;
#2807 = CARTESIAN_POINT ( 'NONE',  ( -0.1181102362204724532, 0.1299212598425196763, 0.1181102362204724532 ) ) ;
#2808 = FACE_OUTER_BOUND ( 'NONE', #671, .T. ) ;
#2809 = CARTESIAN_POINT ( 'NONE',  ( -0.08858267716535432601, 0.1496062992125984370, 0.1122047244094488139 ) ) ;
#2810 = ORIENTED_EDGE ( 'NONE', *, *, #1185, .F. ) ;
#2811 = CARTESIAN_POINT ( 'NONE',  ( -0.1240157480314960647, -0.09578120915254409451, -0.07480314960629921850 ) ) ;
#2812 = EDGE_CURVE ( 'NONE', #3033, #4148, #4123, .T. ) ;
#2813 = DIRECTION ( 'NONE',  ( 1.000000000000000000, -4.063888932435259910E-16, 0.0000000000000000000 ) ) ;
#2814 = ORIENTED_EDGE ( 'NONE', *, *, #1067, .F. ) ;
#2815 = DIRECTION ( 'NONE',  ( -0.7071067811865469066, -0.7071067811865479058, 0.0000000000000000000 ) ) ;
#2816 = ORIENTED_EDGE ( 'NONE', *, *, #1604, .F. ) ;
#2817 = ADVANCED_FACE ( 'NONE', ( #2136 ), #2453, .T. ) ;
#2818 = DIRECTION ( 'NONE',  ( 0.0000000000000000000, 0.0000000000000000000, 1.000000000000000000 ) ) ;
#2819 = FACE_OUTER_BOUND ( 'NONE', #937, .T. ) ;
#2820 = DIRECTION ( 'NONE',  ( -2.454115839351809943E-16, -1.000000000000000000, 0.0000000000000000000 ) ) ;
#2821 = FACE_OUTER_BOUND ( 'NONE', #2149, .T. ) ;
#2822 = ORIENTED_EDGE ( 'NONE', *, *, #3498, .T. ) ;
#2823 = VERTEX_POINT ( 'NONE', #3497 ) ;
#2824 = ORIENTED_EDGE ( 'NONE', *, *, #3809, .F. ) ;
#2825 = EDGE_CURVE ( 'NONE', #1696, #1193, #1157, .T. ) ;
#2826 = DIRECTION ( 'NONE',  ( 0.0000000000000000000, 0.0000000000000000000, 1.000000000000000000 ) ) ;
#2827 = CARTESIAN_POINT ( 'NONE',  ( 0.0000000000000000000, 0.6261216515618209799, 0.05156993829433085402 ) ) ;
#2828 = DIRECTION ( 'NONE',  ( -1.000000000000000000, 0.0000000000000000000, 0.0000000000000000000 ) ) ;
#2829 = ORIENTED_EDGE ( 'NONE', *, *, #676, .T. ) ;
#2830 = CARTESIAN_POINT ( 'NONE',  ( 0.1181102362204724532, 0.003937007874015747977, -0.04921259842519685318 ) ) ;
#2831 = VECTOR ( 'NONE', #530, 39.37007874015748143 ) ;
#2832 = ORIENTED_EDGE ( 'NONE', *, *, #1648, .F. ) ;
#2833 = DIRECTION ( 'NONE',  ( 0.0000000000000000000, 0.0000000000000000000, -1.000000000000000000 ) ) ;
#2834 = VECTOR ( 'NONE', #3560, 39.37007874015748143 ) ;
#2835 = AXIS2_PLACEMENT_3D ( 'NONE', #3363, #723, #3156 ) ;
#2836 = VERTEX_POINT ( 'NONE', #172 ) ;
#2837 = CARTESIAN_POINT ( 'NONE',  ( 0.1476377952755905387, -0.06889763779527559306, 0.1023622047244094474 ) ) ;
#2838 = AXIS2_PLACEMENT_3D ( 'NONE', #4214, #2513, #455 ) ;
#2839 = PLANE ( 'NONE',  #3907 ) ;
#2840 = FACE_OUTER_BOUND ( 'NONE', #2467, .T. ) ;
#2841 = EDGE_LOOP ( 'NONE', ( #1047, #16, #686, #851 ) ) ;
#2842 = VERTEX_POINT ( 'NONE', #3536 ) ;
#2843 = VERTEX_POINT ( 'NONE', #483 ) ;
#2844 =( NAMED_UNIT ( * ) PLANE_ANGLE_UNIT ( ) SI_UNIT ( $, .RADIAN. ) );
#2845 = DIRECTION ( 'NONE',  ( 0.7071067811865470176, 0.7071067811865480168, 0.0000000000000000000 ) ) ;
#2846 = CARTESIAN_POINT ( 'NONE',  ( 0.1318897637795275746, -0.1224523058384645591, -0.1023622047244094474 ) ) ;
#2847 = DIRECTION ( 'NONE',  ( 0.0000000000000000000, 1.000000000000000000, 0.0000000000000000000 ) ) ;
#2848 = DIRECTION ( 'NONE',  ( 0.0000000000000000000, 1.000000000000000000, 0.0000000000000000000 ) ) ;
#2849 =( GEOMETRIC_REPRESENTATION_CONTEXT ( 3 ) GLOBAL_UNCERTAINTY_ASSIGNED_CONTEXT ( ( #1054 ) ) GLOBAL_UNIT_ASSIGNED_CONTEXT ( ( #943, #1398, #718 ) ) REPRESENTATION_CONTEXT ( 'NONE', 'WORKASPACE' ) );
#2850 = ADVANCED_FACE ( 'NONE', ( #1529 ), #131, .T. ) ;
#2851 = DIRECTION ( 'NONE',  ( 0.0000000000000000000, 1.000000000000000000, 0.0000000000000000000 ) ) ;
#2852 = EDGE_CURVE ( 'NONE', #3576, #3828, #1875, .T. ) ;
#2853 = ORIENTED_EDGE ( 'NONE', *, *, #2130, .F. ) ;
#2854 = PLANE ( 'NONE',  #3182 ) ;
#2855 = EDGE_LOOP ( 'NONE', ( #4038, #2787, #2125, #1215 ) ) ;
#2856 = AXIS2_PLACEMENT_3D ( 'NONE', #2731, #1771, #1463 ) ;
#2857 = ADVANCED_FACE ( 'NONE', ( #507 ), #152, .F. ) ;
#2858 = VECTOR ( 'NONE', #1749, 39.37007874015748143 ) ;
#2859 = ORIENTED_EDGE ( 'NONE', *, *, #3809, .T. ) ;
#2860 = PLANE ( 'NONE',  #2382 ) ;
#2861 = EDGE_CURVE ( 'NONE', #133, #1109, #2873, .T. ) ;
#2862 = VECTOR ( 'NONE', #3919, 39.37007874015748143 ) ;
#2863 = VECTOR ( 'NONE', #652, 39.37007874015748143 ) ;
#2864 = ORIENTED_EDGE ( 'NONE', *, *, #427, .F. ) ;
#2865 = CARTESIAN_POINT ( 'NONE',  ( 0.1181102362204724532, 0.02755905511811023584, -0.1023622047244094474 ) ) ;
#2866 = AXIS2_PLACEMENT_3D ( 'NONE', #371, #2023, #1720 ) ;
#2867 = DIRECTION ( 'NONE',  ( -4.063888932435259910E-16, -1.000000000000000000, 0.0000000000000000000 ) ) ;
#2868 = ORIENTED_EDGE ( 'NONE', *, *, #1660, .T. ) ;
#2869 = ORIENTED_EDGE ( 'NONE', *, *, #3031, .T. ) ;
#2870 = DIRECTION ( 'NONE',  ( 0.0000000000000000000, 0.0000000000000000000, 1.000000000000000000 ) ) ;
#2871 = CARTESIAN_POINT ( 'NONE',  ( -0.1240157480314960647, -0.09578120915254409451, 0.07480314960629921850 ) ) ;
#2872 = CARTESIAN_POINT ( 'NONE',  ( -0.1318897637795275746, -0.1024489833240242176, -0.1139111283628084642 ) ) ;
#2873 = LINE ( 'NONE', #2221, #2022 ) ;
#2874 = EDGE_LOOP ( 'NONE', ( #950, #200, #3889, #3455 ) ) ;
#2875 = DIRECTION ( 'NONE',  ( 0.0000000000000000000, 0.0000000000000000000, -1.000000000000000000 ) ) ;
#2876 = ORIENTED_EDGE ( 'NONE', *, *, #3139, .T. ) ;
#2877 = EDGE_CURVE ( 'NONE', #3062, #1545, #1336, .T. ) ;
#2878 = ORIENTED_EDGE ( 'NONE', *, *, #38, .F. ) ;
#2879 = ORIENTED_EDGE ( 'NONE', *, *, #2624, .T. ) ;
#2880 = PLANE ( 'NONE',  #1408 ) ;
#2881 = DIRECTION ( 'NONE',  ( -2.454115839351809943E-16, -1.000000000000000000, 0.0000000000000000000 ) ) ;
#2882 = ORIENTED_EDGE ( 'NONE', *, *, #19, .T. ) ;
#2883 = LINE ( 'NONE', #4229, #399 ) ;
#2884 = EDGE_CURVE ( 'NONE', #3532, #859, #2538, .T. ) ;
#2885 = VERTEX_POINT ( 'NONE', #1200 ) ;
#2886 = VERTEX_POINT ( 'NONE', #1508 ) ;
#2887 = LINE ( 'NONE', #265, #458 ) ;
#2888 = DIRECTION ( 'NONE',  ( -0.7071067811865469066, -0.7071067811865479058, 0.0000000000000000000 ) ) ;
#2889 = CARTESIAN_POINT ( 'NONE',  ( -0.1240157480314960647, -0.04201406643800709162, 0.07480314960629921850 ) ) ;
#2890 = VERTEX_POINT ( 'NONE', #2809 ) ;
#2891 = DIRECTION ( 'NONE',  ( 0.0000000000000000000, 0.0000000000000000000, -1.000000000000000000 ) ) ;
#2892 = ORIENTED_EDGE ( 'NONE', *, *, #4227, .F. ) ;
#2893 = ORIENTED_EDGE ( 'NONE', *, *, #2778, .T. ) ;
#2894 = ORIENTED_EDGE ( 'NONE', *, *, #2542, .T. ) ;
#2895 = CARTESIAN_POINT ( 'NONE',  ( -0.1122047244094488277, 0.1299212598425196763, 0.1122047244094488277 ) ) ;
#2896 = LINE ( 'NONE', #3236, #1403 ) ;
#2897 = ADVANCED_FACE ( 'NONE', ( #834 ), #3860, .T. ) ;
#2898 = EDGE_CURVE ( 'NONE', #1775, #2370, #3177, .T. ) ;
#2899 = EDGE_LOOP ( 'NONE', ( #3674, #3602, #1944, #3408 ) ) ;
#2900 = DIRECTION ( 'NONE',  ( 0.0000000000000000000, 1.000000000000000000, 0.0000000000000000000 ) ) ;
#2901 = CIRCLE ( 'NONE', #3469, 0.007874015748031499423 ) ;
#2902 = DIRECTION ( 'NONE',  ( 1.000000000000000000, 0.0000000000000000000, 0.0000000000000000000 ) ) ;
#2903 = EDGE_CURVE ( 'NONE', #163, #3207, #3760, .T. ) ;
#2904 = EDGE_CURVE ( 'NONE', #3549, #969, #1886, .T. ) ;
#2905 = FACE_OUTER_BOUND ( 'NONE', #2941, .T. ) ;
#2906 = DIRECTION ( 'NONE',  ( 1.224646799147353207E-16, 0.0000000000000000000, -1.000000000000000000 ) ) ;
#2907 = VECTOR ( 'NONE', #3740, 39.37007874015748143 ) ;
#2908 = VERTEX_POINT ( 'NONE', #400 ) ;
#2909 = ORIENTED_EDGE ( 'NONE', *, *, #794, .T. ) ;
#2910 = DIRECTION ( 'NONE',  ( 0.0000000000000000000, -1.000000000000000000, 0.0000000000000000000 ) ) ;
#2911 = LINE ( 'NONE', #4264, #1250 ) ;
#2912 = AXIS2_PLACEMENT_3D ( 'NONE', #4084, #1061, #2373 ) ;
#2913 = CLOSED_SHELL ( 'NONE', ( #4265, #2668, #1591, #1345, #2362, #1139, #1558, #492, #2850, #2623, #1780, #3092, #3281, #71, #1694, #2297, #2737, #779, #3871, #2993, #2461, #2726, #441, #1425, #1539, #2280, #3595, #3523, #868, #3335, #2565 ) ) ;
#2914 = CYLINDRICAL_SURFACE ( 'NONE', #1342, 0.007874015748031499423 ) ;
#2915 = DIRECTION ( 'NONE',  ( -1.000000000000000000, 0.0000000000000000000, 0.0000000000000000000 ) ) ;
#2916 = CIRCLE ( 'NONE', #1033, 0.02362204724409448092 ) ;
#2917 = ORIENTED_EDGE ( 'NONE', *, *, #1177, .T. ) ;
#2918 = DIRECTION ( 'NONE',  ( 1.000000000000000000, -4.063888932435259910E-16, 0.0000000000000000000 ) ) ;
#2919 = ORIENTED_EDGE ( 'NONE', *, *, #1913, .F. ) ;
#2920 = VECTOR ( 'NONE', #2820, 39.37007874015748143 ) ;
#2921 = VERTEX_POINT ( 'NONE', #3426 ) ;
#2922 = VECTOR ( 'NONE', #1068, 39.37007874015748854 ) ;
#2923 = PLANE ( 'NONE',  #1734 ) ;
#2924 = CARTESIAN_POINT ( 'NONE',  ( -0.1122047244094488277, 0.1377952755905511861, -0.1181102362204724532 ) ) ;
#2925 = CIRCLE ( 'NONE', #1048, 0.02362204724409448092 ) ;
#2926 = EDGE_LOOP ( 'NONE', ( #2308, #286, #1149, #4009 ) ) ;
#2927 = DIRECTION ( 'NONE',  ( -1.000000000000000000, 2.454115839351809943E-16, 0.0000000000000000000 ) ) ;
#2928 = AXIS2_PLACEMENT_3D ( 'NONE', #2527, #3522, #333 ) ;
#2929 = CARTESIAN_POINT ( 'NONE',  ( 0.1181102362204724532, 0.03543307086614173179, 0.07480314960629921850 ) ) ;
#2930 = EDGE_CURVE ( 'NONE', #2716, #321, #746, .T. ) ;
#2931 = LINE ( 'NONE', #3947, #1329 ) ;
#2932 = ADVANCED_FACE ( 'NONE', ( #4133 ), #422, .F. ) ;
#2933 = LENGTH_MEASURE_WITH_UNIT ( LENGTH_MEASURE( 0.02539999999999999897 ), #235 );
#2934 = VERTEX_POINT ( 'NONE', #1790 ) ;
#2935 = ORIENTED_EDGE ( 'NONE', *, *, #3899, .T. ) ;
#2936 = CARTESIAN_POINT ( 'NONE',  ( -0.1318897637795275746, -0.1377952755905511861, -0.09350393700787401619 ) ) ;
#2937 = CIRCLE ( 'NONE', #4205, 0.07283464566929134798 ) ;
#2938 = DIRECTION ( 'NONE',  ( 0.0000000000000000000, 0.0000000000000000000, -1.000000000000000000 ) ) ;
#2939 = DIRECTION ( 'NONE',  ( 0.0000000000000000000, 0.0000000000000000000, 1.000000000000000000 ) ) ;
#2940 = VECTOR ( 'NONE', #24, 39.37007874015748143 ) ;
#2941 = EDGE_LOOP ( 'NONE', ( #403, #76, #548, #32 ) ) ;
#2942 = DIRECTION ( 'NONE',  ( 0.0000000000000000000, 0.0000000000000000000, -1.000000000000000000 ) ) ;
#2943 = EDGE_LOOP ( 'NONE', ( #1846, #591, #2103, #2202, #1557, #1142, #2392, #2628, #1882, #2567, #575, #3922, #2800, #1502, #907, #3989, #2935 ) ) ;
#2944 = ORIENTED_EDGE ( 'NONE', *, *, #2898, .F. ) ;
#2945 = ADVANCED_FACE ( 'NONE', ( #3108 ), #1772, .T. ) ;
#2946 = CARTESIAN_POINT ( 'NONE',  ( -0.1318897637795275746, -0.04201406643800709162, -0.07480314960629921850 ) ) ;
#2947 = LINE ( 'NONE', #3964, #2922 ) ;
#2948 = VERTEX_POINT ( 'NONE', #2054 ) ;
#2949 = CYLINDRICAL_SURFACE ( 'NONE', #2528, 0.02362204724409448092 ) ;
#2950 = DIRECTION ( 'NONE',  ( -0.0000000000000000000, 1.000000000000000000, 0.0000000000000000000 ) ) ;
#2951 = ORIENTED_EDGE ( 'NONE', *, *, #528, .T. ) ;
#2952 = ORIENTED_EDGE ( 'NONE', *, *, #4312, .T. ) ;
#2953 = LINE ( 'NONE', #3583, #4251 ) ;
#2954 = DIRECTION ( 'NONE',  ( 1.445602896647339903E-16, 0.0000000000000000000, 1.000000000000000000 ) ) ;
#2955 = DIRECTION ( 'NONE',  ( 0.0000000000000000000, -1.000000000000000000, 0.0000000000000000000 ) ) ;
#2956 = DIRECTION ( 'NONE',  ( 1.000000000000000000, 0.0000000000000000000, 0.0000000000000000000 ) ) ;
#2957 = ADVANCED_FACE ( 'NONE', ( #2749 ), #2732, .T. ) ;
#2958 = ORIENTED_EDGE ( 'NONE', *, *, #2206, .F. ) ;
#2959 = FACE_OUTER_BOUND ( 'NONE', #1169, .T. ) ;
#2960 = ORIENTED_EDGE ( 'NONE', *, *, #3308, .T. ) ;
#2961 = LINE ( 'NONE', #4010, #1949 ) ;
#2962 = ORIENTED_EDGE ( 'NONE', *, *, #4317, .T. ) ;
#2963 = ORIENTED_EDGE ( 'NONE', *, *, #252, .F. ) ;
#2964 = CARTESIAN_POINT ( 'NONE',  ( -0.1240157480314960647, 0.02755905511811023584, 0.1023622047244094474 ) ) ;
#2965 = EDGE_LOOP ( 'NONE', ( #3590, #2365, #1828, #2919, #3928, #3315 ) ) ;
#2966 = ORIENTED_EDGE ( 'NONE', *, *, #2825, .F. ) ;
#2967 = DIRECTION ( 'NONE',  ( 0.0000000000000000000, 0.0000000000000000000, 1.000000000000000000 ) ) ;
#2968 = CARTESIAN_POINT ( 'NONE',  ( -0.1181102362204724532, 0.1299212598425196763, 0.1122047244094488277 ) ) ;
#2969 = DIRECTION ( 'NONE',  ( 0.0000000000000000000, 0.0000000000000000000, 1.000000000000000000 ) ) ;
#2970 = DIRECTION ( 'NONE',  ( 0.0000000000000000000, -1.000000000000000000, 0.0000000000000000000 ) ) ;
#2971 = AXIS2_PLACEMENT_3D ( 'NONE', #554, #3957, #1924 ) ;
#2972 = DIRECTION ( 'NONE',  ( 0.0000000000000000000, 0.0000000000000000000, 1.000000000000000000 ) ) ;
#2973 = CARTESIAN_POINT ( 'NONE',  ( -0.1263219938489248129, -0.04758183636860983945, 0.1023622047244094474 ) ) ;
#2974 = ORIENTED_EDGE ( 'NONE', *, *, #2877, .F. ) ;
#2975 = CARTESIAN_POINT ( 'NONE',  ( 0.1122047244094488277, 0.1377952755905511861, 0.1122047244094488277 ) ) ;
#2976 = CIRCLE ( 'NONE', #1104, 0.07283464566929134798 ) ;
#2977 = VECTOR ( 'NONE', #30, 39.37007874015748854 ) ;
#2978 = EDGE_CURVE ( 'NONE', #2551, #2292, #1725, .T. ) ;
#2979 = ADVANCED_FACE ( 'NONE', ( #87 ), #4109, .T. ) ;
#2980 = CIRCLE ( 'NONE', #2298, 0.007874015748031499423 ) ;
#2981 = ORIENTED_EDGE ( 'NONE', *, *, #2118, .F. ) ;
#2982 = LINE ( 'NONE', #3657, #3117 ) ;
#2983 = EDGE_CURVE ( 'NONE', #1545, #3480, #2114, .T. ) ;
#2984 = CARTESIAN_POINT ( 'NONE',  ( 0.1318897637795275746, -0.04201406643800709162, -0.1023622047244094474 ) ) ;
#2985 = VECTOR ( 'NONE', #2761, 39.37007874015748143 ) ;
#2986 = ORIENTED_EDGE ( 'NONE', *, *, #633, .F. ) ;
#2987 = ORIENTED_EDGE ( 'NONE', *, *, #139, .T. ) ;
#2988 = CARTESIAN_POINT ( 'NONE',  ( -0.1122047244094488277, 0.1299212598425196763, -0.1181102362204724532 ) ) ;
#2989 = CARTESIAN_POINT ( 'NONE',  ( -0.1318897637795275746, -0.04201406643800709162, -0.1023622047244094474 ) ) ;
#2990 = AXIS2_PLACEMENT_3D ( 'NONE', #3752, #1140, #3162 ) ;
#2991 = DIRECTION ( 'NONE',  ( 0.0000000000000000000, 1.000000000000000000, -2.454115839351809943E-16 ) ) ;
#2992 = VERTEX_POINT ( 'NONE', #3068 ) ;
#2993 = ADVANCED_FACE ( 'NONE', ( #1404 ), #4076, .F. ) ;
#2994 = LINE ( 'NONE', #4023, #3972 ) ;
#2995 = DIRECTION ( 'NONE',  ( -1.000000000000000000, 0.0000000000000000000, 0.0000000000000000000 ) ) ;
#2996 = DIRECTION ( 'NONE',  ( 0.0000000000000000000, 0.0000000000000000000, -1.000000000000000000 ) ) ;
#2997 = PLANE ( 'NONE',  #1536 ) ;
#2998 = DIRECTION ( 'NONE',  ( 0.0000000000000000000, 0.0000000000000000000, -1.000000000000000000 ) ) ;
#2999 = DIRECTION ( 'NONE',  ( 0.0000000000000000000, 0.0000000000000000000, 1.000000000000000000 ) ) ;
#3000 = AXIS2_PLACEMENT_3D ( 'NONE', #675, #1400, #992 ) ;
#3001 = LINE ( 'NONE', #3234, #1397 ) ;
#3002 = DIRECTION ( 'NONE',  ( -1.000000000000000000, 0.0000000000000000000, 0.0000000000000000000 ) ) ;
#3003 = AXIS2_PLACEMENT_3D ( 'NONE', #3103, #125, #1479 ) ;
#3004 = EDGE_LOOP ( 'NONE', ( #3768, #1500, #557, #502 ) ) ;
#3005 = FACE_OUTER_BOUND ( 'NONE', #3053, .T. ) ;
#3006 = EDGE_CURVE ( 'NONE', #3841, #2843, #2448, .T. ) ;
#3007 = CARTESIAN_POINT ( 'NONE',  ( -0.1240157480314960647, -0.1377952755905511861, -0.1023622047244094474 ) ) ;
#3008 = EDGE_CURVE ( 'NONE', #4234, #321, #376, .T. ) ;
#3009 = ORIENTED_EDGE ( 'NONE', *, *, #60, .F. ) ;
#3010 = EDGE_LOOP ( 'NONE', ( #1868, #232, #1665, #2188 ) ) ;
#3011 = UNCERTAINTY_MEASURE_WITH_UNIT (LENGTH_MEASURE( 1.000000000000000082E-05 ), #447, 'distance_accuracy_value', 'NONE');
#3012 = CARTESIAN_POINT ( 'NONE',  ( -0.1263219938489248129, -0.04758183636860983945, 0.1023622047244094474 ) ) ;
#3013 = DIRECTION ( 'NONE',  ( 0.0000000000000000000, 0.0000000000000000000, 1.000000000000000000 ) ) ;
#3014 = VERTEX_POINT ( 'NONE', #3748 ) ;
#3015 = ORIENTED_EDGE ( 'NONE', *, *, #2441, .F. ) ;
#3016 = DIRECTION ( 'NONE',  ( -1.000000000000000000, 0.0000000000000000000, 0.0000000000000000000 ) ) ;
#3017 = DIRECTION ( 'NONE',  ( 0.0000000000000000000, 0.0000000000000000000, -1.000000000000000000 ) ) ;
#3018 = APPLICATION_CONTEXT ( 'automotive_design' ) ;
#3019 = CARTESIAN_POINT ( 'NONE',  ( -0.1240157480314960647, -0.09578120915254409451, 0.1023622047244094474 ) ) ;
#3020 = ORIENTED_EDGE ( 'NONE', *, *, #438, .T. ) ;
#3021 = CYLINDRICAL_SURFACE ( 'NONE', #1451, 0.007874015748031499423 ) ;
#3022 = CARTESIAN_POINT ( 'NONE',  ( -0.1476377952755905387, -0.06889763779527559306, -0.07480314960629921850 ) ) ;
#3023 = VERTEX_POINT ( 'NONE', #1384 ) ;
#3024 = DIRECTION ( 'NONE',  ( 0.0000000000000000000, -1.000000000000000000, 0.0000000000000000000 ) ) ;
#3025 = DIRECTION ( 'NONE',  ( 0.0000000000000000000, 0.0000000000000000000, -1.000000000000000000 ) ) ;
#3026 = VERTEX_POINT ( 'NONE', #2707 ) ;
#3027 = ORIENTED_EDGE ( 'NONE', *, *, #4293, .F. ) ;
#3028 = DIRECTION ( 'NONE',  ( 0.0000000000000000000, 1.000000000000000000, 0.0000000000000000000 ) ) ;
#3029 = CARTESIAN_POINT ( 'NONE',  ( -0.1318897637795275746, -0.04201406643800709162, 0.07480314960629921850 ) ) ;
#3030 = EDGE_CURVE ( 'NONE', #3411, #1570, #4199, .T. ) ;
#3031 = EDGE_CURVE ( 'NONE', #1204, #459, #3923, .T. ) ;
#3032 = ORIENTED_EDGE ( 'NONE', *, *, #3559, .T. ) ;
#3033 = VERTEX_POINT ( 'NONE', #3619 ) ;
#3034 = CYLINDRICAL_SURFACE ( 'NONE', #2912, 0.007874015748031499423 ) ;
#3035 = ADVANCED_FACE ( 'NONE', ( #2282 ), #1653, .T. ) ;
#3036 = DIRECTION ( 'NONE',  ( -4.063888932435259910E-16, -1.000000000000000000, 0.0000000000000000000 ) ) ;
#3037 = DIRECTION ( 'NONE',  ( 0.0000000000000000000, 1.000000000000000000, 0.0000000000000000000 ) ) ;
#3038 = AXIS2_PLACEMENT_3D ( 'NONE', #1042, #2051, #374 ) ;
#3039 = CARTESIAN_POINT ( 'NONE',  ( 0.1263219938489248129, -0.04758183636860983945, 0.07480314960629921850 ) ) ;
#3040 = DIRECTION ( 'NONE',  ( 0.0000000000000000000, 1.000000000000000000, 0.0000000000000000000 ) ) ;
#3041 = CIRCLE ( 'NONE', #2005, 0.02362204724409448092 ) ;
#3042 = CARTESIAN_POINT ( 'NONE',  ( 0.1122047244094488277, 0.1377952755905511861, -0.1122047244094488277 ) ) ;
#3043 = CARTESIAN_POINT ( 'NONE',  ( -0.1181102362204724532, 0.02755905511811023584, 0.1023622047244094474 ) ) ;
#3044 = VECTOR ( 'NONE', #1919, 39.37007874015748143 ) ;
#3045 = EDGE_LOOP ( 'NONE', ( #816, #2709, #3854, #155 ) ) ;
#3046 = SURFACE_STYLE_USAGE ( .BOTH. , #2387 ) ;
#3047 = COLOUR_RGB ( '',0.7921568627450980005, 0.8196078431372548767, 0.9294117647058823817 ) ;
#3048 = AXIS2_PLACEMENT_3D ( 'NONE', #661, #1283, #2611 ) ;
#3049 = CARTESIAN_POINT ( 'NONE',  ( 0.1122047244094488277, 0.1377952755905511861, 0.1181102362204724532 ) ) ;
#3050 = VECTOR ( 'NONE', #167, 39.37007874015748143 ) ;
#3051 = LINE ( 'NONE', #407, #628 ) ;
#3052 = VECTOR ( 'NONE', #213, 39.37007874015748143 ) ;
#3053 = EDGE_LOOP ( 'NONE', ( #699, #4320, #3362, #3678 ) ) ;
#3054 = ORIENTED_EDGE ( 'NONE', *, *, #3783, .F. ) ;
#3055 = VECTOR ( 'NONE', #3563, 39.37007874015748854 ) ;
#3056 = CARTESIAN_POINT ( 'NONE',  ( 0.08858267716535432601, 0.1496062992125984370, 0.1122047244094488139 ) ) ;
#3057 = EDGE_CURVE ( 'NONE', #998, #1626, #2323, .T. ) ;
#3058 = CARTESIAN_POINT ( 'NONE',  ( -0.1240157480314960647, -0.09578120915254409451, 0.1023622047244094474 ) ) ;
#3059 = CARTESIAN_POINT ( 'NONE',  ( -0.08858267716535432601, 0.1496062992125984370, 0.08858267716535432601 ) ) ;
#3060 = CIRCLE ( 'NONE', #1542, 0.007874015748031499423 ) ;
#3061 = FACE_OUTER_BOUND ( 'NONE', #2013, .T. ) ;
#3062 = VERTEX_POINT ( 'NONE', #3283 ) ;
#3063 = DIRECTION ( 'NONE',  ( 0.0000000000000000000, -1.000000000000000000, 0.0000000000000000000 ) ) ;
#3064 =( CONVERSION_BASED_UNIT ( 'INCH', #2402 ) LENGTH_UNIT ( ) NAMED_UNIT ( #910 ) );
#3065 = CIRCLE ( 'NONE', #3284, 0.02362204724409448092 ) ;
#3066 = CARTESIAN_POINT ( 'NONE',  ( -0.1476377952755905387, -0.06889763779527559306, -0.1023622047244094474 ) ) ;
#3067 = CARTESIAN_POINT ( 'NONE',  ( -0.1318897637795275746, -0.04201406643800709162, -0.1023622047244094474 ) ) ;
#3068 = CARTESIAN_POINT ( 'NONE',  ( -0.1318897637795275746, -0.04201406643800709162, 0.1023622047244094474 ) ) ;
#3069 = VECTOR ( 'NONE', #1357, 39.37007874015748143 ) ;
#3070 = ORIENTED_EDGE ( 'NONE', *, *, #2407, .T. ) ;
#3071 = DIRECTION ( 'NONE',  ( 0.0000000000000000000, 0.0000000000000000000, 1.000000000000000000 ) ) ;
#3072 = VECTOR ( 'NONE', #6, 39.37007874015748143 ) ;
#3073 = DIRECTION ( 'NONE',  ( 0.0000000000000000000, 1.000000000000000000, 0.0000000000000000000 ) ) ;
#3074 = ADVANCED_FACE ( 'NONE', ( #4279 ), #2949, .F. ) ;
#3075 = AXIS2_PLACEMENT_3D ( 'NONE', #162, #1518, #3872 ) ;
#3076 = PLANE ( 'NONE',  #697 ) ;
#3077 = ADVANCED_FACE ( 'NONE', ( #587 ), #1973, .F. ) ;
#3078 = ORIENTED_EDGE ( 'NONE', *, *, #2346, .F. ) ;
#3079 = ORIENTED_EDGE ( 'NONE', *, *, #3959, .T. ) ;
#3080 = DIRECTION ( 'NONE',  ( 0.0000000000000000000, 0.0000000000000000000, 1.000000000000000000 ) ) ;
#3081 = LINE ( 'NONE', #1011, #2782 ) ;
#3082 = CARTESIAN_POINT ( 'NONE',  ( -0.1240157480314960647, 0.02755905511811023584, -0.07480314960629921850 ) ) ;
#3083 = DIRECTION ( 'NONE',  ( 0.0000000000000000000, 0.0000000000000000000, 1.000000000000000000 ) ) ;
#3084 = CARTESIAN_POINT ( 'NONE',  ( 0.08858267716535432601, 0.1299212598425196763, -0.08858267716535432601 ) ) ;
#3085 = LINE ( 'NONE', #1763, #1417 ) ;
#3086 = ORIENTED_EDGE ( 'NONE', *, *, #2542, .F. ) ;
#3087 = CARTESIAN_POINT ( 'NONE',  ( -0.1181102362204724532, 0.03543307086614173179, 0.07480314960629921850 ) ) ;
#3088 = DIRECTION ( 'NONE',  ( 0.0000000000000000000, 0.0000000000000000000, 1.000000000000000000 ) ) ;
#3089 = LINE ( 'NONE', #1788, #129 ) ;
#3090 = EDGE_CURVE ( 'NONE', #310, #722, #4297, .T. ) ;
#3091 = CYLINDRICAL_SURFACE ( 'NONE', #2785, 0.007874015748031466463 ) ;
#3092 = ADVANCED_FACE ( 'NONE', ( #2614 ), #1305, .T. ) ;
#3093 = DIRECTION ( 'NONE',  ( 0.0000000000000000000, 0.0000000000000000000, -1.000000000000000000 ) ) ;
#3094 = EDGE_LOOP ( 'NONE', ( #1115, #1972, #2681, #3830 ) ) ;
#3095 = DIRECTION ( 'NONE',  ( -1.000000000000000000, 0.0000000000000000000, 0.0000000000000000000 ) ) ;
#3096 = ADVANCED_FACE ( 'NONE', ( #1936 ), #1587, .T. ) ;
#3097 = LINE ( 'NONE', #4095, #3132 ) ;
#3098 = DIRECTION ( 'NONE',  ( 0.0000000000000000000, -1.000000000000000000, 0.0000000000000000000 ) ) ;
#3099 = DIRECTION ( 'NONE',  ( 0.0000000000000000000, 1.000000000000000000, 0.0000000000000000000 ) ) ;
#3100 = ORIENTED_EDGE ( 'NONE', *, *, #3663, .T. ) ;
#3101 = CARTESIAN_POINT ( 'NONE',  ( 0.1476377952755905387, -0.06889763779527559306, -0.1023622047244094474 ) ) ;
#3102 = CARTESIAN_POINT ( 'NONE',  ( -0.1181102362204724532, 0.02755905511811023584, -0.07480314960629921850 ) ) ;
#3103 = CARTESIAN_POINT ( 'NONE',  ( 0.1555118110236220763, -0.1377952755905511861, -0.08366141732283464971 ) ) ;
#3104 = ORIENTED_EDGE ( 'NONE', *, *, #3615, .T. ) ;
#3105 = ORIENTED_EDGE ( 'NONE', *, *, #4140, .F. ) ;
#3106 = LINE ( 'NONE', #104, #1324 ) ;
#3107 = FILL_AREA_STYLE_COLOUR ( '', #4066 ) ;
#3108 = FACE_OUTER_BOUND ( 'NONE', #2841, .T. ) ;
#3109 = ORIENTED_EDGE ( 'NONE', *, *, #2983, .T. ) ;
#3110 = CIRCLE ( 'NONE', #1244, 0.007874015748031499423 ) ;
#3111 = EDGE_CURVE ( 'NONE', #3299, #2048, #958, .T. ) ;
#3112 = EDGE_CURVE ( 'NONE', #1159, #1291, #4316, .T. ) ;
#3113 = AXIS2_PLACEMENT_3D ( 'NONE', #1309, #617, #1240 ) ;
#3114 = DIRECTION ( 'NONE',  ( 0.0000000000000000000, 1.000000000000000000, 0.0000000000000000000 ) ) ;
#3115 = EDGE_CURVE ( 'NONE', #4164, #1367, #4337, .T. ) ;
#3116 =( GEOMETRIC_REPRESENTATION_CONTEXT ( 3 ) GLOBAL_UNCERTAINTY_ASSIGNED_CONTEXT ( ( #4035 ) ) GLOBAL_UNIT_ASSIGNED_CONTEXT ( ( #149, #2844, #2127 ) ) REPRESENTATION_CONTEXT ( 'NONE', 'WORKASPACE' ) );
#3117 = VECTOR ( 'NONE', #640, 39.37007874015748143 ) ;
#3118 = DIRECTION ( 'NONE',  ( 0.0000000000000000000, 0.0000000000000000000, -1.000000000000000000 ) ) ;
#3119 = AXIS2_PLACEMENT_3D ( 'NONE', #2594, #4318, #3870 ) ;
#3120 = EDGE_CURVE ( 'NONE', #2746, #3818, #2451, .T. ) ;
#3121 = ORIENTED_EDGE ( 'NONE', *, *, #1691, .F. ) ;
#3122 = CARTESIAN_POINT ( 'NONE',  ( -0.1181102362204724532, 0.003937007874015747977, -0.1181102362204724532 ) ) ;
#3123 = VECTOR ( 'NONE', #1351, 39.37007874015748143 ) ;
#3124 = PLANE ( 'NONE',  #2602 ) ;
#3125 = DIRECTION ( 'NONE',  ( 0.0000000000000000000, -1.000000000000000000, 0.0000000000000000000 ) ) ;
#3126 = EDGE_CURVE ( 'NONE', #478, #3274, #690, .T. ) ;
#3127 = AXIS2_PLACEMENT_3D ( 'NONE', #2109, #3441, #433 ) ;
#3128 = VERTEX_POINT ( 'NONE', #3577 ) ;
#3129 = ORIENTED_EDGE ( 'NONE', *, *, #195, .T. ) ;
#3130 = LINE ( 'NONE', #4001, #1259 ) ;
#3131 = FILL_AREA_STYLE ('',( #3107 ) ) ;
#3132 = VECTOR ( 'NONE', #3776, 39.37007874015748143 ) ;
#3133 = DIRECTION ( 'NONE',  ( 0.0000000000000000000, 1.000000000000000000, 0.0000000000000000000 ) ) ;
#3134 = EDGE_LOOP ( 'NONE', ( #510, #3172 ) ) ;
#3135 = VECTOR ( 'NONE', #3133, 39.37007874015748143 ) ;
#3136 = DIRECTION ( 'NONE',  ( 0.0000000000000000000, 1.000000000000000000, 0.0000000000000000000 ) ) ;
#3137 = VECTOR ( 'NONE', #2888, 39.37007874015748854 ) ;
#3138 = FACE_OUTER_BOUND ( 'NONE', #1760, .T. ) ;
#3139 = EDGE_CURVE ( 'NONE', #922, #1231, #1912, .T. ) ;
#3140 = ORIENTED_EDGE ( 'NONE', *, *, #1016, .F. ) ;
#3141 = AXIS2_PLACEMENT_3D ( 'NONE', #1034, #1762, #719 ) ;
#3142 = DIRECTION ( 'NONE',  ( 0.0000000000000000000, -1.000000000000000000, 0.0000000000000000000 ) ) ;
#3143 = CARTESIAN_POINT ( 'NONE',  ( 0.1240157480314960647, 0.02755905511811023584, 0.1023622047244094474 ) ) ;
#3144 = ADVANCED_FACE ( 'NONE', ( #428 ), #2860, .F. ) ;
#3145 = CIRCLE ( 'NONE', #4208, 0.007874015748031499423 ) ;
#3146 = EDGE_CURVE ( 'NONE', #70, #3355, #1491, .T. ) ;
#3147 = CYLINDRICAL_SURFACE ( 'NONE', #3695, 0.007874015748031466463 ) ;
#3148 = DIRECTION ( 'NONE',  ( 0.0000000000000000000, 0.0000000000000000000, -1.000000000000000000 ) ) ;
#3149 = EDGE_CURVE ( 'NONE', #2068, #1781, #4181, .T. ) ;
#3150 = LINE ( 'NONE', #2147, #2920 ) ;
#3151 = CARTESIAN_POINT ( 'NONE',  ( -0.1476377952755905387, -0.06889763779527559306, -0.1023622047244094474 ) ) ;
#3152 = ORIENTED_EDGE ( 'NONE', *, *, #655, .F. ) ;
#3153 = ORIENTED_EDGE ( 'NONE', *, *, #3941, .F. ) ;
#3154 = ORIENTED_EDGE ( 'NONE', *, *, #1353, .F. ) ;
#3155 = CARTESIAN_POINT ( 'NONE',  ( -0.08858267716535432601, 0.1377952755905511861, -0.06496062992125983815 ) ) ;
#3156 = DIRECTION ( 'NONE',  ( 1.000000000000000000, 0.0000000000000000000, 0.0000000000000000000 ) ) ;
#3157 = CARTESIAN_POINT ( 'NONE',  ( 0.08858267716535432601, 0.1299212598425196763, -0.1122047244094488139 ) ) ;
#3158 = DIRECTION ( 'NONE',  ( 0.0000000000000000000, -1.000000000000000000, 0.0000000000000000000 ) ) ;
#3159 = CARTESIAN_POINT ( 'NONE',  ( 0.08858267716535432601, 0.1299212598425196763, -0.08858267716535432601 ) ) ;
#3160 = ORIENTED_EDGE ( 'NONE', *, *, #3253, .T. ) ;
#3161 = LINE ( 'NONE', #154, #800 ) ;
#3162 = DIRECTION ( 'NONE',  ( 1.000000000000000000, 0.0000000000000000000, 0.0000000000000000000 ) ) ;
#3163 = VERTEX_POINT ( 'NONE', #2163 ) ;
#3164 = CARTESIAN_POINT ( 'NONE',  ( 0.1122047244094488277, 0.1299212598425196763, 0.1122047244094488277 ) ) ;
#3165 = DIRECTION ( 'NONE',  ( 0.0000000000000000000, 1.000000000000000000, 0.0000000000000000000 ) ) ;
#3166 = ORIENTED_EDGE ( 'NONE', *, *, #1301, .T. ) ;
#3167 = DIRECTION ( 'NONE',  ( -3.519431053647356462E-16, 0.8660254037844389297, 0.4999999999999994449 ) ) ;
#3168 = ADVANCED_FACE ( 'NONE', ( #512 ), #2186, .F. ) ;
#3169 = CARTESIAN_POINT ( 'NONE',  ( -0.1181102362204724532, 0.1299212598425196763, 0.1122047244094488277 ) ) ;
#3170 = CARTESIAN_POINT ( 'NONE',  ( -0.1318897637795275746, -0.09578120915254409451, -0.07480314960629921850 ) ) ;
#3171 = ORIENTED_EDGE ( 'NONE', *, *, #2313, .T. ) ;
#3172 = ORIENTED_EDGE ( 'NONE', *, *, #2624, .F. ) ;
#3173 = ORIENTED_EDGE ( 'NONE', *, *, #1276, .T. ) ;
#3174 = EDGE_CURVE ( 'NONE', #828, #1204, #3185, .T. ) ;
#3175 =( NAMED_UNIT ( * ) SI_UNIT ( $, .STERADIAN. ) SOLID_ANGLE_UNIT ( ) );
#3176 = CARTESIAN_POINT ( 'NONE',  ( 0.1532055652061933004, -0.07446540772587834089, 0.1023622047244094474 ) ) ;
#3177 = LINE ( 'NONE', #858, #2591 ) ;
#3178 = EDGE_LOOP ( 'NONE', ( #2432, #3218, #4314, #3493, #15, #29, #586, #643, #2686, #3680, #2573, #2750, #634, #2395, #4147, #228, #237 ) ) ;
#3179 = EDGE_CURVE ( 'NONE', #2886, #1394, #4127, .T. ) ;
#3180 = LINE ( 'NONE', #1488, #2705 ) ;
#3181 = VERTEX_POINT ( 'NONE', #2798 ) ;
#3182 = AXIS2_PLACEMENT_3D ( 'NONE', #1835, #3882, #1811 ) ;
#3183 = VERTEX_POINT ( 'NONE', #468 ) ;
#3184 = CARTESIAN_POINT ( 'NONE',  ( -0.08858267716535432601, 0.1377952755905511861, -0.08858267716535432601 ) ) ;
#3185 = LINE ( 'NONE', #3143, #2312 ) ;
#3186 = AXIS2_PLACEMENT_3D ( 'NONE', #4243, #1275, #2560 ) ;
#3187 = VECTOR ( 'NONE', #1241, 39.37007874015748143 ) ;
#3188 = ORIENTED_EDGE ( 'NONE', *, *, #1732, .F. ) ;
#3189 = DIRECTION ( 'NONE',  ( 0.0000000000000000000, 0.0000000000000000000, -1.000000000000000000 ) ) ;
#3190 = VECTOR ( 'NONE', #1842, 39.37007874015748143 ) ;
#3191 = VECTOR ( 'NONE', #466, 39.37007874015748143 ) ;
#3192 = VERTEX_POINT ( 'NONE', #117 ) ;
#3193 = VERTEX_POINT ( 'NONE', #3847 ) ;
#3194 = EDGE_CURVE ( 'NONE', #1537, #2359, #156, .T. ) ;
#3195 = STYLED_ITEM ( 'NONE', ( #1495 ), #1915 ) ;
#3196 = CARTESIAN_POINT ( 'NONE',  ( 0.1532055652061933004, -0.07446540772587834089, -0.1023622047244094474 ) ) ;
#3197 = CARTESIAN_POINT ( 'NONE',  ( 0.1240157480314960647, 0.02755905511811023584, -0.1023622047244094474 ) ) ;
#3198 = CARTESIAN_POINT ( 'NONE',  ( -0.1476377952755905387, -0.06889763779527559306, 0.1023622047244094474 ) ) ;
#3199 = AXIS2_PLACEMENT_3D ( 'NONE', #1273, #2996, #1313 ) ;
#3200 = DIRECTION ( 'NONE',  ( 0.0000000000000000000, -1.000000000000000000, 0.0000000000000000000 ) ) ;
#3201 = ORIENTED_EDGE ( 'NONE', *, *, #1410, .T. ) ;
#3202 = DIRECTION ( 'NONE',  ( 0.0000000000000000000, 0.0000000000000000000, 1.000000000000000000 ) ) ;
#3203 = ORIENTED_EDGE ( 'NONE', *, *, #1276, .F. ) ;
#3204 = AXIS2_PLACEMENT_3D ( 'NONE', #1486, #3200, #2519 ) ;
#3205 = EDGE_CURVE ( 'NONE', #459, #1092, #3571, .T. ) ;
#3206 = MECHANICAL_DESIGN_GEOMETRIC_PRESENTATION_REPRESENTATION (  '', ( #972 ), #1122 ) ;
#3207 = VERTEX_POINT ( 'NONE', #4121 ) ;
#3208 = ORIENTED_EDGE ( 'NONE', *, *, #659, .T. ) ;
#3209 = LINE ( 'NONE', #1685, #1609 ) ;
#3210 = DIRECTION ( 'NONE',  ( 0.0000000000000000000, -1.000000000000000000, 0.0000000000000000000 ) ) ;
#3211 = VECTOR ( 'NONE', #2970, 39.37007874015748143 ) ;
#3212 = EDGE_CURVE ( 'NONE', #1781, #2921, #3798, .T. ) ;
#3213 =( GEOMETRIC_REPRESENTATION_CONTEXT ( 3 ) GLOBAL_UNCERTAINTY_ASSIGNED_CONTEXT ( ( #817 ) ) GLOBAL_UNIT_ASSIGNED_CONTEXT ( ( #397, #1769, #4132 ) ) REPRESENTATION_CONTEXT ( 'NONE', 'WORKASPACE' ) );
#3214 = ORIENTED_EDGE ( 'NONE', *, *, #14, .T. ) ;
#3215 = DIRECTION ( 'NONE',  ( 0.0000000000000000000, -1.000000000000000000, 0.0000000000000000000 ) ) ;
#3216 = AXIS2_PLACEMENT_3D ( 'NONE', #4027, #1606, #3913 ) ;
#3217 = CARTESIAN_POINT ( 'NONE',  ( 0.1122047244094488277, 0.0000000000000000000, -0.1181102362204724532 ) ) ;
#3218 = ORIENTED_EDGE ( 'NONE', *, *, #3959, .F. ) ;
#3219 = ORIENTED_EDGE ( 'NONE', *, *, #114, .T. ) ;
#3220 = ORIENTED_EDGE ( 'NONE', *, *, #1447, .F. ) ;
#3221 = CIRCLE ( 'NONE', #2250, 0.005905511811023620231 ) ;
#3222 = CARTESIAN_POINT ( 'NONE',  ( 0.1181102362204724532, 0.03543307086614173179, 0.1023622047244094474 ) ) ;
#3223 = FACE_OUTER_BOUND ( 'NONE', #4290, .T. ) ;
#3224 = DIRECTION ( 'NONE',  ( -1.000000000000000000, 0.0000000000000000000, 0.0000000000000000000 ) ) ;
#3225 = LINE ( 'NONE', #4153, #3347 ) ;
#3226 = ORIENTED_EDGE ( 'NONE', *, *, #3316, .T. ) ;
#3227 = FACE_OUTER_BOUND ( 'NONE', #692, .T. ) ;
#3228 = LINE ( 'NONE', #1203, #3884 ) ;
#3229 = ORIENTED_EDGE ( 'NONE', *, *, #948, .F. ) ;
#3230 = ADVANCED_FACE ( 'NONE', ( #2777, #1859, #2101, #3456, #2477, #2457 ), #444, .T. ) ;
#3231 = ORIENTED_EDGE ( 'NONE', *, *, #1445, .F. ) ;
#3232 = ORIENTED_EDGE ( 'NONE', *, *, #462, .F. ) ;
#3233 = EDGE_CURVE ( 'NONE', #1349, #227, #753, .T. ) ;
#3234 = CARTESIAN_POINT ( 'NONE',  ( 0.1240157480314960647, -0.1143824042423135789, -0.07014398974742774850 ) ) ;
#3235 = FACE_OUTER_BOUND ( 'NONE', #3265, .T. ) ;
#3236 = CARTESIAN_POINT ( 'NONE',  ( -0.1318897637795275746, -0.1024489833240242176, 0.1139111283628084642 ) ) ;
#3237 = ORIENTED_EDGE ( 'NONE', *, *, #2877, .T. ) ;
#3238 = CARTESIAN_POINT ( 'NONE',  ( 0.1240157480314960647, 0.02755905511811023584, 0.07480314960629921850 ) ) ;
#3239 = DIRECTION ( 'NONE',  ( 1.000000000000000000, 0.0000000000000000000, 0.0000000000000000000 ) ) ;
#3240 = EDGE_LOOP ( 'NONE', ( #2062, #956, #3020, #1254 ) ) ;
#3241 = ORIENTED_EDGE ( 'NONE', *, *, #620, .F. ) ;
#3242 = CARTESIAN_POINT ( 'NONE',  ( 0.0000000000000000000, 0.1299212598425196763, 0.0000000000000000000 ) ) ;
#3243 = CARTESIAN_POINT ( 'NONE',  ( 0.1181102362204724532, 0.0000000000000000000, -0.1181102362204724532 ) ) ;
#3244 = DIRECTION ( 'NONE',  ( -2.168404344971010347E-16, 0.0000000000000000000, -1.000000000000000000 ) ) ;
#3245 = DIRECTION ( 'NONE',  ( 0.0000000000000000000, 0.0000000000000000000, 1.000000000000000000 ) ) ;
#3246 = DIRECTION ( 'NONE',  ( -1.000000000000000000, 0.0000000000000000000, 0.0000000000000000000 ) ) ;
#3247 = DIRECTION ( 'NONE',  ( 0.0000000000000000000, 1.000000000000000000, 0.0000000000000000000 ) ) ;
#3248 = VERTEX_POINT ( 'NONE', #3435 ) ;
#3249 = VERTEX_POINT ( 'NONE', #3478 ) ;
#3250 = CARTESIAN_POINT ( 'NONE',  ( 0.1240157480314960647, -0.1143824042423135789, 0.07014398974742774850 ) ) ;
#3251 = ORIENTED_EDGE ( 'NONE', *, *, #2006, .F. ) ;
#3252 = DIRECTION ( 'NONE',  ( 0.0000000000000000000, 0.0000000000000000000, -1.000000000000000000 ) ) ;
#3253 = EDGE_CURVE ( 'NONE', #1637, #1537, #1160, .T. ) ;
#3254 = CARTESIAN_POINT ( 'NONE',  ( 0.08858267716535432601, 0.1299212598425196763, 0.06496062992125983815 ) ) ;
#3255 = DIRECTION ( 'NONE',  ( 0.0000000000000000000, -1.000000000000000000, 0.0000000000000000000 ) ) ;
#3256 = ADVANCED_FACE ( 'NONE', ( #2497 ), #3820, .F. ) ;
#3257 = ORIENTED_EDGE ( 'NONE', *, *, #1447, .T. ) ;
#3258 = CARTESIAN_POINT ( 'NONE',  ( -0.08858267716535432601, 0.1377952755905511861, -0.08858267716535432601 ) ) ;
#3259 = VECTOR ( 'NONE', #3655, 39.37007874015748854 ) ;
#3260 = PLANE ( 'NONE',  #1325 ) ;
#3261 = EDGE_CURVE ( 'NONE', #485, #3773, #3914, .T. ) ;
#3262 = SURFACE_SIDE_STYLE ('',( #848 ) ) ;
#3263 = VECTOR ( 'NONE', #964, 39.37007874015748143 ) ;
#3264 = ORIENTED_EDGE ( 'NONE', *, *, #928, .T. ) ;
#3265 = EDGE_LOOP ( 'NONE', ( #553, #2592 ) ) ;
#3266 = CARTESIAN_POINT ( 'NONE',  ( -0.1122047244094488277, 0.1299212598425196763, 0.1181102362204724532 ) ) ;
#3267 = DIRECTION ( 'NONE',  ( 0.0000000000000000000, -1.000000000000000000, 0.0000000000000000000 ) ) ;
#3268 = VECTOR ( 'NONE', #3464, 39.37007874015748143 ) ;
#3269 = SURFACE_SIDE_STYLE ('',( #1941 ) ) ;
#3270 = AXIS2_PLACEMENT_3D ( 'NONE', #3719, #1428, #3369 ) ;
#3271 = DIRECTION ( 'NONE',  ( 0.0000000000000000000, 0.0000000000000000000, 1.000000000000000000 ) ) ;
#3272 = ADVANCED_FACE ( 'NONE', ( #916 ), #2880, .T. ) ;
#3273 = AXIS2_PLACEMENT_3D ( 'NONE', #2264, #2205, #1565 ) ;
#3274 = VERTEX_POINT ( 'NONE', #2259 ) ;
#3275 = CARTESIAN_POINT ( 'NONE',  ( 0.1240157480314960647, -0.1377952755905511861, -0.1023622047244094474 ) ) ;
#3276 = EDGE_LOOP ( 'NONE', ( #3104, #3237, #1955, #3940, #4233, #2909, #1560, #1039 ) ) ;
#3277 = VECTOR ( 'NONE', #3357, 39.37007874015748143 ) ;
#3278 = ORIENTED_EDGE ( 'NONE', *, *, #1124, .F. ) ;
#3279 = CARTESIAN_POINT ( 'NONE',  ( 0.1181102362204724532, 0.03543307086614173179, -0.1023622047244094474 ) ) ;
#3280 = AXIS2_PLACEMENT_3D ( 'NONE', #2131, #1046, #1426 ) ;
#3281 = ADVANCED_FACE ( 'NONE', ( #3235 ), #1707, .T. ) ;
#3282 = ORIENTED_EDGE ( 'NONE', *, *, #781, .T. ) ;
#3283 = CARTESIAN_POINT ( 'NONE',  ( -0.1122047244094488277, 0.1377952755905511861, -0.1181102362204724532 ) ) ;
#3284 = AXIS2_PLACEMENT_3D ( 'NONE', #2612, #4250, #207 ) ;
#3285 = FACE_OUTER_BOUND ( 'NONE', #1459, .T. ) ;
#3286 = DIRECTION ( 'NONE',  ( 0.0000000000000000000, -1.000000000000000000, 0.0000000000000000000 ) ) ;
#3287 = EDGE_CURVE ( 'NONE', #4148, #3504, #230, .T. ) ;
#3288 = VECTOR ( 'NONE', #3295, 39.37007874015748143 ) ;
#3289 = ORIENTED_EDGE ( 'NONE', *, *, #3205, .F. ) ;
#3290 = EDGE_LOOP ( 'NONE', ( #4130, #1613, #2199, #3603 ) ) ;
#3291 = DIRECTION ( 'NONE',  ( -1.000000000000000000, 0.0000000000000000000, 0.0000000000000000000 ) ) ;
#3292 = DIRECTION ( 'NONE',  ( 0.0000000000000000000, 0.0000000000000000000, 1.000000000000000000 ) ) ;
#3293 = AXIS2_PLACEMENT_3D ( 'NONE', #2074, #2394, #2714 ) ;
#3294 = PRESENTATION_STYLE_ASSIGNMENT (( #2331 ) ) ;
#3295 = DIRECTION ( 'NONE',  ( -2.168404344971010347E-16, 0.0000000000000000000, -1.000000000000000000 ) ) ;
#3296 = LINE ( 'NONE', #291, #469 ) ;
#3297 = AXIS2_PLACEMENT_3D ( 'NONE', #3151, #3461, #2762 ) ;
#3298 = DIRECTION ( 'NONE',  ( 0.0000000000000000000, -1.000000000000000000, 0.0000000000000000000 ) ) ;
#3299 = VERTEX_POINT ( 'NONE', #538 ) ;
#3300 = LINE ( 'NONE', #1608, #533 ) ;
#3301 = CARTESIAN_POINT ( 'NONE',  ( 0.1181102362204724532, 0.1377952755905511861, -0.1122047244094488277 ) ) ;
#3302 = EDGE_LOOP ( 'NONE', ( #297, #1546 ) ) ;
#3303 = DIRECTION ( 'NONE',  ( 0.0000000000000000000, 0.0000000000000000000, 1.000000000000000000 ) ) ;
#3304 = CARTESIAN_POINT ( 'NONE',  ( 0.1476377952755905387, -0.06889763779527559306, 0.1023622047244094474 ) ) ;
#3305 = LINE ( 'NONE', #1991, #2585 ) ;
#3306 = ORIENTED_EDGE ( 'NONE', *, *, #2699, .F. ) ;
#3307 = ORIENTED_EDGE ( 'NONE', *, *, #3111, .T. ) ;
#3308 = EDGE_CURVE ( 'NONE', #4158, #429, #1885, .T. ) ;
#3309 = CARTESIAN_POINT ( 'NONE',  ( -0.1240157480314960647, 0.02755905511811023584, 0.07480314960629921850 ) ) ;
#3310 = EDGE_CURVE ( 'NONE', #2454, #3588, #409, .T. ) ;
#3311 = DIRECTION ( 'NONE',  ( 0.0000000000000000000, -1.000000000000000000, 0.0000000000000000000 ) ) ;
#3312 = DIRECTION ( 'NONE',  ( 0.0000000000000000000, 0.0000000000000000000, -1.000000000000000000 ) ) ;
#3313 = CARTESIAN_POINT ( 'NONE',  ( -0.1318897637795275746, -0.09578120915254409451, 0.1023622047244094474 ) ) ;
#3314 = EDGE_CURVE ( 'NONE', #614, #4209, #3065, .T. ) ;
#3315 = ORIENTED_EDGE ( 'NONE', *, *, #2132, .F. ) ;
#3316 = EDGE_CURVE ( 'NONE', #1759, #102, #3365, .T. ) ;
#3317 = DIRECTION ( 'NONE',  ( 0.0000000000000000000, 1.000000000000000000, 0.0000000000000000000 ) ) ;
#3318 = ORIENTED_EDGE ( 'NONE', *, *, #1934, .F. ) ;
#3319 = DIRECTION ( 'NONE',  ( 0.0000000000000000000, -1.000000000000000000, 0.0000000000000000000 ) ) ;
#3320 = CARTESIAN_POINT ( 'NONE',  ( 0.1181102362204724532, 0.0000000000000000000, 0.1122047244094488277 ) ) ;
#3321 = ORIENTED_EDGE ( 'NONE', *, *, #813, .T. ) ;
#3322 = ORIENTED_EDGE ( 'NONE', *, *, #651, .T. ) ;
#3323 = DIRECTION ( 'NONE',  ( 0.0000000000000000000, 0.0000000000000000000, -1.000000000000000000 ) ) ;
#3324 = PLANE ( 'NONE',  #1534 ) ;
#3325 = CIRCLE ( 'NONE', #312, 0.02362204724409448092 ) ;
#3326 = ORIENTED_EDGE ( 'NONE', *, *, #3930, .T. ) ;
#3327 = CARTESIAN_POINT ( 'NONE',  ( -0.1181102362204724532, 0.03543307086614173179, -0.07480314960629921850 ) ) ;
#3328 = DIRECTION ( 'NONE',  ( 0.0000000000000000000, 1.000000000000000000, 0.0000000000000000000 ) ) ;
#3329 = CARTESIAN_POINT ( 'NONE',  ( -0.1122047244094488277, 0.1299212598425196763, -0.1122047244094488277 ) ) ;
#3330 = VECTOR ( 'NONE', #1085, 39.37007874015748143 ) ;
#3331 = FACE_OUTER_BOUND ( 'NONE', #3178, .T. ) ;
#3332 = CYLINDRICAL_SURFACE ( 'NONE', #1961, 0.02362204724409448092 ) ;
#3333 = EDGE_CURVE ( 'NONE', #3883, #4070, #2685, .T. ) ;
#3334 = CARTESIAN_POINT ( 'NONE',  ( -0.1181102362204724532, 0.003937007874015747977, 0.04921259842519685318 ) ) ;
#3335 = ADVANCED_FACE ( 'NONE', ( #4029 ), #359, .T. ) ;
#3336 = ORIENTED_EDGE ( 'NONE', *, *, #2105, .F. ) ;
#3337 = CARTESIAN_POINT ( 'NONE',  ( -0.1476377952755905387, -0.06889763779527559306, 0.1023622047244094474 ) ) ;
#3338 = AXIS2_PLACEMENT_3D ( 'NONE', #3101, #159, #1515 ) ;
#3339 = AXIS2_PLACEMENT_3D ( 'NONE', #1984, #3319, #2318 ) ;
#3340 = DIRECTION ( 'NONE',  ( 0.0000000000000000000, 0.0000000000000000000, -1.000000000000000000 ) ) ;
#3341 = VECTOR ( 'NONE', #256, 39.37007874015748143 ) ;
#3342 = ORIENTED_EDGE ( 'NONE', *, *, #1690, .T. ) ;
#3343 = CARTESIAN_POINT ( 'NONE',  ( -0.1532055652061933004, -0.07446540772587834089, -0.07480314960629921850 ) ) ;
#3344 = PRESENTATION_LAYER_ASSIGNMENT (  '', '', ( #3195 ) ) ;
#3345 = EDGE_CURVE ( 'NONE', #2886, #3841, #4226, .T. ) ;
#3346 = FACE_OUTER_BOUND ( 'NONE', #569, .T. ) ;
#3347 = VECTOR ( 'NONE', #4196, 39.37007874015748143 ) ;
#3348 = ORIENTED_EDGE ( 'NONE', *, *, #2251, .F. ) ;
#3349 = EDGE_LOOP ( 'NONE', ( #3869, #520, #1465, #2859, #1134, #3318 ) ) ;
#3350 = DIRECTION ( 'NONE',  ( 0.0000000000000000000, 0.0000000000000000000, -1.000000000000000000 ) ) ;
#3351 = DIRECTION ( 'NONE',  ( 0.0000000000000000000, -1.000000000000000000, 0.0000000000000000000 ) ) ;
#3352 = CIRCLE ( 'NONE', #3912, 0.02362204724409448092 ) ;
#3353 = LINE ( 'NONE', #2015, #960 ) ;
#3354 = COLOUR_RGB ( '',0.8313725490196077761, 0.8392156862745098200, 0.8313725490196077761 ) ;
#3355 = VERTEX_POINT ( 'NONE', #3022 ) ;
#3356 = PLANE ( 'NONE',  #3620 ) ;
#3357 = DIRECTION ( 'NONE',  ( 0.0000000000000000000, 0.0000000000000000000, -1.000000000000000000 ) ) ;
#3358 = PLANE ( 'NONE',  #1057 ) ;
#3359 = AXIS2_PLACEMENT_3D ( 'NONE', #2424, #3792, #456 ) ;
#3360 = FACE_OUTER_BOUND ( 'NONE', #2203, .T. ) ;
#3361 = CARTESIAN_POINT ( 'NONE',  ( -0.08858267716535432601, 0.1496062992125984370, 0.08858267716535432601 ) ) ;
#3362 = ORIENTED_EDGE ( 'NONE', *, *, #1638, .T. ) ;
#3363 = CARTESIAN_POINT ( 'NONE',  ( -0.1318897637795275746, -0.09578120915254409451, -0.07480314960629921850 ) ) ;
#3364 = VECTOR ( 'NONE', #56, 39.37007874015748143 ) ;
#3365 = LINE ( 'NONE', #1563, #2728 ) ;
#3366 = MANIFOLD_SOLID_BREP ( 'Imported4', #2494 ) ;
#3367 = PRESENTATION_LAYER_ASSIGNMENT (  '', '', ( #1284 ) ) ;
#3368 = VERTEX_POINT ( 'NONE', #1088 ) ;
#3369 = DIRECTION ( 'NONE',  ( -1.000000000000000000, 0.0000000000000000000, 0.0000000000000000000 ) ) ;
#3370 = ADVANCED_FACE ( 'NONE', ( #375 ), #866, .T. ) ;
#3371 = DIRECTION ( 'NONE',  ( 0.0000000000000000000, 0.0000000000000000000, 1.000000000000000000 ) ) ;
#3372 = ADVANCED_FACE ( 'NONE', ( #1423 ), #724, .F. ) ;
#3373 = ORIENTED_EDGE ( 'NONE', *, *, #3453, .T. ) ;
#3374 = DIRECTION ( 'NONE',  ( -0.7071067811865469066, -0.7071067811865479058, 0.0000000000000000000 ) ) ;
#3375 = DIRECTION ( 'NONE',  ( 0.7071067811865469066, -0.7071067811865479058, 0.0000000000000000000 ) ) ;
#3376 = ORIENTED_EDGE ( 'NONE', *, *, #3126, .T. ) ;
#3377 = FACE_OUTER_BOUND ( 'NONE', #2495, .T. ) ;
#3378 = DIRECTION ( 'NONE',  ( 0.0000000000000000000, 0.0000000000000000000, 1.000000000000000000 ) ) ;
#3379 = DIRECTION ( 'NONE',  ( 1.000000000000000000, 0.0000000000000000000, 0.0000000000000000000 ) ) ;
#3380 = DIRECTION ( 'NONE',  ( 1.000000000000000000, 0.0000000000000000000, 0.0000000000000000000 ) ) ;
#3381 = DIRECTION ( 'NONE',  ( 0.7071067811865479058, -0.7071067811865469066, 0.0000000000000000000 ) ) ;
#3382 = CARTESIAN_POINT ( 'NONE',  ( 0.08858267716535432601, 0.1299212598425196763, 0.08858267716535432601 ) ) ;
#3383 = PRESENTATION_STYLE_ASSIGNMENT (( #1439 ) ) ;
#3384 = DIRECTION ( 'NONE',  ( 1.000000000000000000, 0.0000000000000000000, -1.445602896647339903E-16 ) ) ;
#3385 = ORIENTED_EDGE ( 'NONE', *, *, #19, .F. ) ;
#3386 = CARTESIAN_POINT ( 'NONE',  ( 0.1240157480314960647, -0.04201406643800709162, -0.07480314960629921850 ) ) ;
#3387 = EDGE_CURVE ( 'NONE', #2635, #3625, #555, .T. ) ;
#3388 = DIRECTION ( 'NONE',  ( 0.0000000000000000000, 0.0000000000000000000, -1.000000000000000000 ) ) ;
#3389 = DIRECTION ( 'NONE',  ( -4.063888932435259910E-16, 1.000000000000000000, 0.0000000000000000000 ) ) ;
#3390 = EDGE_LOOP ( 'NONE', ( #1979, #275, #3874, #888 ) ) ;
#3391 = DIRECTION ( 'NONE',  ( 0.0000000000000000000, -1.000000000000000000, 0.0000000000000000000 ) ) ;
#3392 = CARTESIAN_POINT ( 'NONE',  ( -0.1476377952755905387, -0.06889763779527559306, 0.07480314960629921850 ) ) ;
#3393 = CARTESIAN_POINT ( 'NONE',  ( 0.1181102362204724532, 0.03543307086614173179, 0.07480314960629921850 ) ) ;
#3394 = ADVANCED_FACE ( 'NONE', ( #2383 ), #1066, .F. ) ;
#3395 = LINE ( 'NONE', #3685, #1897 ) ;
#3396 = AXIS2_PLACEMENT_3D ( 'NONE', #556, #2875, #3470 ) ;
#3397 = ORIENTED_EDGE ( 'NONE', *, *, #114, .F. ) ;
#3398 = CARTESIAN_POINT ( 'NONE',  ( 0.1476377952755905387, -0.06889763779527559306, 0.07480314960629921850 ) ) ;
#3399 = VECTOR ( 'NONE', #3391, 39.37007874015748143 ) ;
#3400 = EDGE_CURVE ( 'NONE', #2364, #969, #3089, .T. ) ;
#3401 = CARTESIAN_POINT ( 'NONE',  ( -0.1181102362204724532, 0.1299212598425196763, 0.1181102362204724532 ) ) ;
#3402 = VECTOR ( 'NONE', #2954, 39.37007874015748143 ) ;
#3403 = ORIENTED_EDGE ( 'NONE', *, *, #1322, .T. ) ;
#3404 = CARTESIAN_POINT ( 'NONE',  ( -0.1181102362204724532, 0.1299212598425196763, -0.1122047244094488277 ) ) ;
#3405 = VECTOR ( 'NONE', #2576, 39.37007874015748143 ) ;
#3406 = AXIS2_PLACEMENT_3D ( 'NONE', #728, #3733, #362 ) ;
#3407 = LINE ( 'NONE', #2320, #687 ) ;
#3408 = ORIENTED_EDGE ( 'NONE', *, *, #516, .T. ) ;
#3409 = FACE_OUTER_BOUND ( 'NONE', #2965, .T. ) ;
#3410 = AXIS2_PLACEMENT_3D ( 'NONE', #1330, #2653, #3995 ) ;
#3411 = VERTEX_POINT ( 'NONE', #3465 ) ;
#3412 = ORIENTED_EDGE ( 'NONE', *, *, #85, .F. ) ;
#3413 = VECTOR ( 'NONE', #3838, 39.37007874015748143 ) ;
#3414 = MANIFOLD_SOLID_BREP ( 'Imported1', #1393 ) ;
#3415 = EDGE_CURVE ( 'NONE', #3696, #133, #3730, .T. ) ;
#3416 = DIRECTION ( 'NONE',  ( 0.7071067811865479058, -0.7071067811865469066, 0.0000000000000000000 ) ) ;
#3417 = LINE ( 'NONE', #370, #62 ) ;
#3418 = AXIS2_PLACEMENT_3D ( 'NONE', #706, #67, #770 ) ;
#3419 = CARTESIAN_POINT ( 'NONE',  ( 0.0000000000000000000, 0.0000000000000000000, -0.04921259842519685318 ) ) ;
#3420 = VERTEX_POINT ( 'NONE', #705 ) ;
#3421 = LINE ( 'NONE', #3039, #2708 ) ;
#3422 = AXIS2_PLACEMENT_3D ( 'NONE', #938, #2927, #565 ) ;
#3423 = CARTESIAN_POINT ( 'NONE',  ( -0.1476377952755905387, -0.06889763779527559306, -0.1023622047244094474 ) ) ;
#3424 = DIRECTION ( 'NONE',  ( 0.0000000000000000000, 0.0000000000000000000, 1.000000000000000000 ) ) ;
#3425 = FACE_OUTER_BOUND ( 'NONE', #2336, .T. ) ;
#3426 = CARTESIAN_POINT ( 'NONE',  ( 0.1476377952755905387, -0.06889763779527559306, -0.07480314960629921850 ) ) ;
#3427 = AXIS2_PLACEMENT_3D ( 'NONE', #1012, #3245, #1596 ) ;
#3428 = VERTEX_POINT ( 'NONE', #2053 ) ;
#3429 = DIRECTION ( 'NONE',  ( 0.0000000000000000000, 0.0000000000000000000, -1.000000000000000000 ) ) ;
#3430 = VECTOR ( 'NONE', #824, 39.37007874015748143 ) ;
#3431 = CARTESIAN_POINT ( 'NONE',  ( -0.08858267716535432601, 0.1377952755905511861, -0.06496062992125983815 ) ) ;
#3432 = AXIS2_PLACEMENT_3D ( 'NONE', #1785, #414, #4105 ) ;
#3433 = EDGE_LOOP ( 'NONE', ( #3070, #678, #4244, #4282 ) ) ;
#3434 = CARTESIAN_POINT ( 'NONE',  ( -0.08858267716535432601, 0.1299212598425196763, -0.08858267716535432601 ) ) ;
#3435 = CARTESIAN_POINT ( 'NONE',  ( -0.1318897637795275746, -0.1377952755905511861, 0.09350393700787401619 ) ) ;
#3436 = ORIENTED_EDGE ( 'NONE', *, *, #1870, .T. ) ;
#3437 = CARTESIAN_POINT ( 'NONE',  ( 0.1240157480314960647, 0.02755905511811023584, -0.1023622047244094474 ) ) ;
#3438 = MANIFOLD_SOLID_BREP ( 'Imported5', #1030 ) ;
#3439 = DIRECTION ( 'NONE',  ( 0.0000000000000000000, -1.000000000000000000, 0.0000000000000000000 ) ) ;
#3440 = PLANE ( 'NONE',  #2736 ) ;
#3441 = DIRECTION ( 'NONE',  ( 0.0000000000000000000, -1.000000000000000000, 0.0000000000000000000 ) ) ;
#3442 = CARTESIAN_POINT ( 'NONE',  ( 0.08858267716535432601, 0.1377952755905511861, 0.06496062992125983815 ) ) ;
#3443 = EDGE_CURVE ( 'NONE', #2610, #2676, #1526, .T. ) ;
#3444 = ORIENTED_EDGE ( 'NONE', *, *, #294, .F. ) ;
#3445 = EDGE_CURVE ( 'NONE', #1736, #2450, #744, .T. ) ;
#3446 = ORIENTED_EDGE ( 'NONE', *, *, #3498, .F. ) ;
#3447 = DIRECTION ( 'NONE',  ( 0.0000000000000000000, 0.0000000000000000000, -1.000000000000000000 ) ) ;
#3448 = LINE ( 'NONE', #83, #611 ) ;
#3449 =( CONVERSION_BASED_UNIT ( 'INCH', #768 ) LENGTH_UNIT ( ) NAMED_UNIT ( #1021 ) );
#3450 = EDGE_CURVE ( 'NONE', #2314, #1987, #3534, .T. ) ;
#3451 = VERTEX_POINT ( 'NONE', #1873 ) ;
#3452 = CARTESIAN_POINT ( 'NONE',  ( -0.1181102362204724532, 0.1377952755905511861, 0.1122047244094488277 ) ) ;
#3453 = EDGE_CURVE ( 'NONE', #1671, #2483, #2596, .T. ) ;
#3454 = DIRECTION ( 'NONE',  ( 0.0000000000000000000, 0.0000000000000000000, 1.000000000000000000 ) ) ;
#3455 = ORIENTED_EDGE ( 'NONE', *, *, #2754, .T. ) ;
#3456 = FACE_BOUND ( 'NONE', #3302, .T. ) ;
#3457 = EDGE_CURVE ( 'NONE', #3773, #3965, #1484, .T. ) ;
#3458 = VERTEX_POINT ( 'NONE', #1506 ) ;
#3459 = DIRECTION ( 'NONE',  ( -0.7071067811865479058, -0.7071067811865469066, 0.0000000000000000000 ) ) ;
#3460 = CARTESIAN_POINT ( 'NONE',  ( -0.1318897637795275746, 0.02755905511811023584, -0.1023622047244094474 ) ) ;
#3461 = DIRECTION ( 'NONE',  ( 0.0000000000000000000, 0.0000000000000000000, 1.000000000000000000 ) ) ;
#3462 = EDGE_LOOP ( 'NONE', ( #3203, #3015, #3264, #3321 ) ) ;
#3463 = ORIENTED_EDGE ( 'NONE', *, *, #663, .F. ) ;
#3464 = DIRECTION ( 'NONE',  ( -1.000000000000000000, 0.0000000000000000000, 0.0000000000000000000 ) ) ;
#3465 = CARTESIAN_POINT ( 'NONE',  ( -0.1240157480314960647, -0.04201406643800709162, -0.1023622047244094474 ) ) ;
#3466 = ADVANCED_FACE ( 'NONE', ( #2556 ), #3514, .F. ) ;
#3467 = CARTESIAN_POINT ( 'NONE',  ( 0.1181102362204724532, -0.003937007874015747977, -0.04921259842519685318 ) ) ;
#3468 = EDGE_LOOP ( 'NONE', ( #1014, #2204, #2126, #2864 ) ) ;
#3469 = AXIS2_PLACEMENT_3D ( 'NONE', #3309, #2967, #1895 ) ;
#3470 = DIRECTION ( 'NONE',  ( 1.000000000000000000, 0.0000000000000000000, 0.0000000000000000000 ) ) ;
#3471 = EDGE_CURVE ( 'NONE', #3249, #1626, #3835, .T. ) ;
#3472 = VECTOR ( 'NONE', #2910, 39.37007874015748143 ) ;
#3473 = CARTESIAN_POINT ( 'NONE',  ( 0.1318897637795275746, -0.1377952755905511861, 0.1023622047244094474 ) ) ;
#3474 = CARTESIAN_POINT ( 'NONE',  ( -0.1181102362204724532, 0.02755905511811023584, -0.1023622047244094474 ) ) ;
#3475 = EDGE_CURVE ( 'NONE', #3163, #176, #1172, .T. ) ;
#3476 = AXIS2_PLACEMENT_3D ( 'NONE', #1127, #3439, #2531 ) ;
#3477 = PLANE ( 'NONE',  #3751 ) ;
#3478 = CARTESIAN_POINT ( 'NONE',  ( 0.1240157480314960647, -0.1224523058384645591, -0.1023622047244094474 ) ) ;
#3479 = AXIS2_PLACEMENT_3D ( 'NONE', #3184, #562, #332 ) ;
#3480 = VERTEX_POINT ( 'NONE', #1198 ) ;
#3481 = CYLINDRICAL_SURFACE ( 'NONE', #3476, 0.005905511811023620231 ) ;
#3482 = CIRCLE ( 'NONE', #1675, 0.02362204724409448092 ) ;
#3483 = SURFACE_STYLE_FILL_AREA ( #1145 ) ;
#3484 = DIRECTION ( 'NONE',  ( 1.000000000000000000, 0.0000000000000000000, 0.0000000000000000000 ) ) ;
#3485 = FACE_OUTER_BOUND ( 'NONE', #3951, .T. ) ;
#3486 = VECTOR ( 'NONE', #3988, 39.37007874015748143 ) ;
#3487 = EDGE_LOOP ( 'NONE', ( #801, #1857, #1969, #1053 ) ) ;
#3488 = EDGE_LOOP ( 'NONE', ( #2065, #1024 ) ) ;
#3489 = FACE_OUTER_BOUND ( 'NONE', #3390, .T. ) ;
#3490 = CARTESIAN_POINT ( 'NONE',  ( -0.1263219938489248129, -0.04758183636860983945, 0.07480314960629921850 ) ) ;
#3491 = AXIS2_PLACEMENT_3D ( 'NONE', #442, #1446, #3454 ) ;
#3492 = DIRECTION ( 'NONE',  ( -3.519431053647356462E-16, 0.8660254037844389297, 0.4999999999999994449 ) ) ;
#3493 = ORIENTED_EDGE ( 'NONE', *, *, #412, .F. ) ;
#3494 = VECTOR ( 'NONE', #298, 39.37007874015748143 ) ;
#3495 = FACE_OUTER_BOUND ( 'NONE', #3433, .T. ) ;
#3496 = VECTOR ( 'NONE', #4002, 39.37007874015748143 ) ;
#3497 = CARTESIAN_POINT ( 'NONE',  ( 0.1532055652061933004, -0.07446540772587834089, 0.1023622047244094474 ) ) ;
#3498 = EDGE_CURVE ( 'NONE', #2038, #3883, #806, .T. ) ;
#3499 = EDGE_LOOP ( 'NONE', ( #4020, #1421, #893, #3804 ) ) ;
#3500 = EDGE_CURVE ( 'NONE', #1670, #2716, #3857, .T. ) ;
#3501 = CIRCLE ( 'NONE', #835, 0.007874015748031499423 ) ;
#3502 = DIRECTION ( 'NONE',  ( 0.0000000000000000000, 0.0000000000000000000, 1.000000000000000000 ) ) ;
#3503 = EDGE_CURVE ( 'NONE', #1161, #1626, #4215, .T. ) ;
#3504 = VERTEX_POINT ( 'NONE', #2153 ) ;
#3505 = CARTESIAN_POINT ( 'NONE',  ( 0.1555118110236220763, -0.1377952755905511861, 0.08366141732283464971 ) ) ;
#3506 = CYLINDRICAL_SURFACE ( 'NONE', #3900, 0.007874015748031499423 ) ;
#3507 = DIRECTION ( 'NONE',  ( 4.063888932435259910E-16, -1.000000000000000000, 0.0000000000000000000 ) ) ;
#3508 = CARTESIAN_POINT ( 'NONE',  ( 0.1122047244094488277, 0.1299212598425196763, -0.1122047244094488277 ) ) ;
#3509 = EDGE_CURVE ( 'NONE', #955, #2142, #878, .T. ) ;
#3510 = LINE ( 'NONE', #3802, #3777 ) ;
#3511 = ORIENTED_EDGE ( 'NONE', *, *, #2544, .F. ) ;
#3512 = ORIENTED_EDGE ( 'NONE', *, *, #3893, .F. ) ;
#3513 = VERTEX_POINT ( 'NONE', #2247 ) ;
#3514 = PLANE ( 'NONE',  #1474 ) ;
#3515 = LINE ( 'NONE', #3197, #186 ) ;
#3516 = CARTESIAN_POINT ( 'NONE',  ( -0.1532055652061933004, -0.06332986786467284523, 0.07480314960629921850 ) ) ;
#3517 = DIRECTION ( 'NONE',  ( -0.7071067811865480168, -0.7071067811865470176, 0.0000000000000000000 ) ) ;
#3518 = ORIENTED_EDGE ( 'NONE', *, *, #3962, .T. ) ;
#3519 = CARTESIAN_POINT ( 'NONE',  ( 0.1240157480314960647, 0.02755905511811023584, 0.1023622047244094474 ) ) ;
#3520 = ORIENTED_EDGE ( 'NONE', *, *, #3233, .T. ) ;
#3521 = ORIENTED_EDGE ( 'NONE', *, *, #3333, .F. ) ;
#3522 = DIRECTION ( 'NONE',  ( 0.0000000000000000000, 0.0000000000000000000, -1.000000000000000000 ) ) ;
#3523 = ADVANCED_FACE ( 'NONE', ( #3585 ), #2219, .T. ) ;
#3524 = EDGE_CURVE ( 'NONE', #3504, #821, #1573, .T. ) ;
#3525 = ORIENTED_EDGE ( 'NONE', *, *, #4231, .T. ) ;
#3526 = FACE_OUTER_BOUND ( 'NONE', #1586, .T. ) ;
#3527 = DIRECTION ( 'NONE',  ( 0.0000000000000000000, 0.0000000000000000000, -1.000000000000000000 ) ) ;
#3528 = DIRECTION ( 'NONE',  ( 0.0000000000000000000, 1.000000000000000000, 0.0000000000000000000 ) ) ;
#3529 =( CONVERSION_BASED_UNIT ( 'INCH', #2933 ) LENGTH_UNIT ( ) NAMED_UNIT ( #2004 ) );
#3530 = ORIENTED_EDGE ( 'NONE', *, *, #2090, .F. ) ;
#3531 = ORIENTED_EDGE ( 'NONE', *, *, #1269, .F. ) ;
#3532 = VERTEX_POINT ( 'NONE', #4239 ) ;
#3533 = DIRECTION ( 'NONE',  ( 0.0000000000000000000, -1.000000000000000000, 0.0000000000000000000 ) ) ;
#3534 = LINE ( 'NONE', #3196, #1125 ) ;
#3535 = LINE ( 'NONE', #2249, #1262 ) ;
#3536 = CARTESIAN_POINT ( 'NONE',  ( -0.1555118110236220208, -0.06889763779527559306, 0.1023622047244094474 ) ) ;
#3537 = ORIENTED_EDGE ( 'NONE', *, *, #935, .T. ) ;
#3538 = LINE ( 'NONE', #2225, #2831 ) ;
#3539 = EDGE_CURVE ( 'NONE', #2655, #629, #1243, .T. ) ;
#3540 = EDGE_LOOP ( 'NONE', ( #3251, #248, #477, #941 ) ) ;
#3541 =( GEOMETRIC_REPRESENTATION_CONTEXT ( 3 ) GLOBAL_UNCERTAINTY_ASSIGNED_CONTEXT ( ( #3544 ) ) GLOBAL_UNIT_ASSIGNED_CONTEXT ( ( #2406, #2770, #772 ) ) REPRESENTATION_CONTEXT ( 'NONE', 'WORKASPACE' ) );
#3542 = ORIENTED_EDGE ( 'NONE', *, *, #2076, .F. ) ;
#3543 = VERTEX_POINT ( 'NONE', #1830 ) ;
#3544 = UNCERTAINTY_MEASURE_WITH_UNIT (LENGTH_MEASURE( 1.000000000000000082E-05 ), #2406, 'distance_accuracy_value', 'NONE');
#3545 = CARTESIAN_POINT ( 'NONE',  ( -0.08858267716535432601, 0.1181102362204724532, -0.08858267716535432601 ) ) ;
#3546 = CARTESIAN_POINT ( 'NONE',  ( -0.1263219938489248129, -0.04758183636860983945, 0.1023622047244094474 ) ) ;
#3547 = VECTOR ( 'NONE', #3381, 39.37007874015748854 ) ;
#3548 = VECTOR ( 'NONE', #2999, 39.37007874015748143 ) ;
#3549 = VERTEX_POINT ( 'NONE', #3157 ) ;
#3550 = AXIS2_PLACEMENT_3D ( 'NONE', #276, #1344, #626 ) ;
#3551 = FACE_OUTER_BOUND ( 'NONE', #872, .T. ) ;
#3552 = VECTOR ( 'NONE', #939, 39.37007874015748143 ) ;
#3553 = FACE_OUTER_BOUND ( 'NONE', #3349, .T. ) ;
#3554 = DIRECTION ( 'NONE',  ( -4.063888932435259910E-16, 1.000000000000000000, 0.0000000000000000000 ) ) ;
#3555 = ORIENTED_EDGE ( 'NONE', *, *, #1205, .F. ) ;
#3556 = ORIENTED_EDGE ( 'NONE', *, *, #684, .F. ) ;
#3557 = VERTEX_POINT ( 'NONE', #5 ) ;
#3558 = VECTOR ( 'NONE', #2867, 39.37007874015748143 ) ;
#3559 = EDGE_CURVE ( 'NONE', #4099, #2458, #1334, .T. ) ;
#3560 = DIRECTION ( 'NONE',  ( 0.0000000000000000000, -1.000000000000000000, 0.0000000000000000000 ) ) ;
#3561 = CARTESIAN_POINT ( 'NONE',  ( 0.1122047244094488277, 0.1299212598425196763, -0.1122047244094488277 ) ) ;
#3562 = DIRECTION ( 'NONE',  ( -1.000000000000000000, 0.0000000000000000000, 0.0000000000000000000 ) ) ;
#3563 = DIRECTION ( 'NONE',  ( -0.7071067811865469066, -0.7071067811865479058, 0.0000000000000000000 ) ) ;
#3564 = VECTOR ( 'NONE', #832, 39.37007874015748143 ) ;
#3565 = DIRECTION ( 'NONE',  ( 0.0000000000000000000, 0.0000000000000000000, 1.000000000000000000 ) ) ;
#3566 = EDGE_CURVE ( 'NONE', #1570, #1736, #4305, .T. ) ;
#3567 = EDGE_LOOP ( 'NONE', ( #656, #4039 ) ) ;
#3568 = CYLINDRICAL_SURFACE ( 'NONE', #3396, 0.007874015748031499423 ) ;
#3569 = ORIENTED_EDGE ( 'NONE', *, *, #1124, .T. ) ;
#3570 = VECTOR ( 'NONE', #1836, 39.37007874015748143 ) ;
#3571 = CIRCLE ( 'NONE', #198, 0.007874015748031499423 ) ;
#3572 = ORIENTED_EDGE ( 'NONE', *, *, #1450, .T. ) ;
#3573 = CARTESIAN_POINT ( 'NONE',  ( 0.1318897637795275746, -0.09578120915254409451, 0.1023622047244094474 ) ) ;
#3574 = VECTOR ( 'NONE', #1922, 39.37007874015748143 ) ;
#3575 = VECTOR ( 'NONE', #4098, 39.37007874015748143 ) ;
#3576 = VERTEX_POINT ( 'NONE', #1271 ) ;
#3577 = CARTESIAN_POINT ( 'NONE',  ( 0.1240157480314960647, -0.1377952755905511861, 0.09350393700787401619 ) ) ;
#3578 = DIRECTION ( 'NONE',  ( 0.0000000000000000000, 0.0000000000000000000, 1.000000000000000000 ) ) ;
#3579 = DIRECTION ( 'NONE',  ( 0.0000000000000000000, 0.0000000000000000000, 1.000000000000000000 ) ) ;
#3580 =( NAMED_UNIT ( * ) SI_UNIT ( $, .STERADIAN. ) SOLID_ANGLE_UNIT ( ) );
#3581 = ORIENTED_EDGE ( 'NONE', *, *, #1040, .T. ) ;
#3582 = ORIENTED_EDGE ( 'NONE', *, *, #3314, .T. ) ;
#3583 = CARTESIAN_POINT ( 'NONE',  ( 0.1181102362204724532, 0.003937007874015747977, 0.04921259842519685318 ) ) ;
#3584 = DIRECTION ( 'NONE',  ( 0.7071067811865469066, -0.7071067811865479058, 0.0000000000000000000 ) ) ;
#3585 = FACE_OUTER_BOUND ( 'NONE', #1207, .T. ) ;
#3586 = LINE ( 'NONE', #4172, #2017 ) ;
#3587 = EDGE_CURVE ( 'NONE', #1545, #163, #2271, .T. ) ;
#3588 = VERTEX_POINT ( 'NONE', #325 ) ;
#3589 = DIRECTION ( 'NONE',  ( 0.0000000000000000000, 0.0000000000000000000, 1.000000000000000000 ) ) ;
#3590 = ORIENTED_EDGE ( 'NONE', *, *, #2748, .T. ) ;
#3591 = DIRECTION ( 'NONE',  ( -0.7071067811865480168, -0.7071067811865470176, 0.0000000000000000000 ) ) ;
#3592 = ORIENTED_EDGE ( 'NONE', *, *, #4117, .F. ) ;
#3593 = CARTESIAN_POINT ( 'NONE',  ( 0.1318897637795275746, -0.04201406643800709162, 0.1023622047244094474 ) ) ;
#3594 = DIRECTION ( 'NONE',  ( 0.0000000000000000000, 0.0000000000000000000, -1.000000000000000000 ) ) ;
#3595 = ADVANCED_FACE ( 'NONE', ( #3667 ), #619, .T. ) ;
#3596 = CARTESIAN_POINT ( 'NONE',  ( 0.1318897637795275746, 0.02755905511811023584, -0.07480314960629921850 ) ) ;
#3597 = ORIENTED_EDGE ( 'NONE', *, *, #3503, .F. ) ;
#3598 = DIRECTION ( 'NONE',  ( 0.0000000000000000000, 0.0000000000000000000, -1.000000000000000000 ) ) ;
#3599 = EDGE_CURVE ( 'NONE', #1827, #443, #2311, .T. ) ;
#3600 = DIRECTION ( 'NONE',  ( 0.0000000000000000000, 0.0000000000000000000, -1.000000000000000000 ) ) ;
#3601 = CARTESIAN_POINT ( 'NONE',  ( -0.08858267716535432601, 0.1496062992125984370, 0.06496062992125983815 ) ) ;
#3602 = ORIENTED_EDGE ( 'NONE', *, *, #1583, .F. ) ;
#3603 = ORIENTED_EDGE ( 'NONE', *, *, #94, .T. ) ;
#3604 = CARTESIAN_POINT ( 'NONE',  ( -0.1181102362204724532, 0.0000000000000000000, -0.1181102362204724532 ) ) ;
#3605 = EDGE_CURVE ( 'NONE', #2483, #3428, #2240, .T. ) ;
#3606 = CARTESIAN_POINT ( 'NONE',  ( -0.1555118110236220208, -0.06889763779527559306, -0.07480314960629921850 ) ) ;
#3607 = CARTESIAN_POINT ( 'NONE',  ( 0.1181102362204724532, 0.02755905511811023584, 0.1023622047244094474 ) ) ;
#3608 = ORIENTED_EDGE ( 'NONE', *, *, #1444, .F. ) ;
#3609 = FACE_OUTER_BOUND ( 'NONE', #1576, .T. ) ;
#3610 = SURFACE_SIDE_STYLE ('',( #2003 ) ) ;
#3611 = ORIENTED_EDGE ( 'NONE', *, *, #3115, .F. ) ;
#3612 = EDGE_CURVE ( 'NONE', #287, #3249, #4266, .T. ) ;
#3613 = ORIENTED_EDGE ( 'NONE', *, *, #1007, .T. ) ;
#3614 = CARTESIAN_POINT ( 'NONE',  ( -0.1476377952755905387, -0.06889763779527559306, 0.1023622047244094474 ) ) ;
#3615 = EDGE_CURVE ( 'NONE', #1759, #3062, #3934, .T. ) ;
#3616 =( NAMED_UNIT ( * ) SI_UNIT ( $, .STERADIAN. ) SOLID_ANGLE_UNIT ( ) );
#3617 = VECTOR ( 'NONE', #103, 39.37007874015748143 ) ;
#3618 = ORIENTED_EDGE ( 'NONE', *, *, #3559, .F. ) ;
#3619 = CARTESIAN_POINT ( 'NONE',  ( -0.1240157480314960647, -0.04201406643800709162, 0.1023622047244094474 ) ) ;
#3620 = AXIS2_PLACEMENT_3D ( 'NONE', #2742, #350, #1079 ) ;
#3621 = CARTESIAN_POINT ( 'NONE',  ( 0.1318897637795275746, -0.09578120915254409451, 0.1023622047244094474 ) ) ;
#3622 = SURFACE_STYLE_USAGE ( .BOTH. , #3262 ) ;
#3623 = CIRCLE ( 'NONE', #3186, 0.02362204724409448092 ) ;
#3624 = ORIENTED_EDGE ( 'NONE', *, *, #94, .F. ) ;
#3625 = VERTEX_POINT ( 'NONE', #926 ) ;
#3626 = DIRECTION ( 'NONE',  ( 0.0000000000000000000, 1.000000000000000000, -2.454115839351809943E-16 ) ) ;
#3627 = CARTESIAN_POINT ( 'NONE',  ( -0.1240157480314960647, -0.09578120915254409451, -0.1023622047244094474 ) ) ;
#3628 = DIRECTION ( 'NONE',  ( 1.000000000000000000, 0.0000000000000000000, 0.0000000000000000000 ) ) ;
#3629 = CIRCLE ( 'NONE', #323, 0.02362204724409448092 ) ;
#3630 = ORIENTED_EDGE ( 'NONE', *, *, #655, .T. ) ;
#3631 = VECTOR ( 'NONE', #4162, 39.37007874015748143 ) ;
#3632 = ORIENTED_EDGE ( 'NONE', *, *, #1959, .T. ) ;
#3633 = AXIS2_PLACEMENT_3D ( 'NONE', #306, #2972, #991 ) ;
#3634 = CARTESIAN_POINT ( 'NONE',  ( 0.1532055652061933004, -0.06332986786467284523, -0.07480314960629921850 ) ) ;
#3635 = DIRECTION ( 'NONE',  ( 0.0000000000000000000, 0.0000000000000000000, 1.000000000000000000 ) ) ;
#3636 = ADVANCED_FACE ( 'NONE', ( #1996 ), #2638, .T. ) ;
#3637 = EDGE_CURVE ( 'NONE', #102, #4198, #1277, .T. ) ;
#3638 = ORIENTED_EDGE ( 'NONE', *, *, #1711, .F. ) ;
#3639 = ORIENTED_EDGE ( 'NONE', *, *, #4093, .T. ) ;
#3640 = DIRECTION ( 'NONE',  ( -1.000000000000000000, 0.0000000000000000000, 0.0000000000000000000 ) ) ;
#3641 = AXIS2_PLACEMENT_3D ( 'NONE', #1141, #1513, #2833 ) ;
#3642 = LINE ( 'NONE', #1655, #2518 ) ;
#3643 = EDGE_CURVE ( 'NONE', #3023, #4329, #267, .T. ) ;
#3644 = ADVANCED_FACE ( 'NONE', ( #4326 ), #2657, .T. ) ;
#3645 = VECTOR ( 'NONE', #1942, 39.37007874015748143 ) ;
#3646 = ORIENTED_EDGE ( 'NONE', *, *, #1175, .T. ) ;
#3647 = CARTESIAN_POINT ( 'NONE',  ( 0.1181102362204724532, 0.1299212598425196763, 0.1122047244094488277 ) ) ;
#3648 = FACE_OUTER_BOUND ( 'NONE', #713, .T. ) ;
#3649 = VECTOR ( 'NONE', #3710, 39.37007874015748143 ) ;
#3650 = DIRECTION ( 'NONE',  ( 0.0000000000000000000, -1.000000000000000000, 0.0000000000000000000 ) ) ;
#3651 = PLANE ( 'NONE',  #748 ) ;
#3652 = PRODUCT_DEFINITION_FORMATION_WITH_SPECIFIED_SOURCE ( 'ANY', '', #1933, .NOT_KNOWN. ) ;
#3653 = ORIENTED_EDGE ( 'NONE', *, *, #3457, .T. ) ;
#3654 = CARTESIAN_POINT ( 'NONE',  ( -0.1240157480314960647, 0.03543307086614173179, 0.1023622047244094474 ) ) ;
#3655 = DIRECTION ( 'NONE',  ( -0.7071067811865479058, -0.7071067811865469066, 0.0000000000000000000 ) ) ;
#3656 = ORIENTED_EDGE ( 'NONE', *, *, #412, .T. ) ;
#3657 = CARTESIAN_POINT ( 'NONE',  ( 0.1318897637795275746, -0.09578120915254409451, 0.07480314960629921850 ) ) ;
#3658 = CARTESIAN_POINT ( 'NONE',  ( 0.0000000000000000000, 0.6299212598425196763, 0.0000000000000000000 ) ) ;
#3659 = ORIENTED_EDGE ( 'NONE', *, *, #983, .T. ) ;
#3660 = VERTEX_POINT ( 'NONE', #596 ) ;
#3661 = CARTESIAN_POINT ( 'NONE',  ( -0.08858267716535432601, 0.1299212598425196763, 0.08858267716535432601 ) ) ;
#3662 = FACE_BOUND ( 'NONE', #3873, .T. ) ;
#3663 = EDGE_CURVE ( 'NONE', #1947, #1367, #2349, .T. ) ;
#3664 = EDGE_LOOP ( 'NONE', ( #3759, #564, #2212, #1501 ) ) ;
#3665 = ORIENTED_EDGE ( 'NONE', *, *, #3757, .F. ) ;
#3666 = DIRECTION ( 'NONE',  ( 0.0000000000000000000, 0.0000000000000000000, -1.000000000000000000 ) ) ;
#3667 = FACE_OUTER_BOUND ( 'NONE', #771, .T. ) ;
#3668 = CARTESIAN_POINT ( 'NONE',  ( -0.1318897637795275746, -0.1224523058384645591, 0.1023622047244094474 ) ) ;
#3669 = CARTESIAN_POINT ( 'NONE',  ( 0.1318897637795275746, -0.1224523058384645591, -0.07480314960629921850 ) ) ;
#3670 = ORIENTED_EDGE ( 'NONE', *, *, #2674, .F. ) ;
#3671 = CARTESIAN_POINT ( 'NONE',  ( 0.1318897637795275746, -0.04201406643800709162, 0.1023622047244094474 ) ) ;
#3672 = ORIENTED_EDGE ( 'NONE', *, *, #3261, .F. ) ;
#3673 = CARTESIAN_POINT ( 'NONE',  ( -0.1532055652061933004, -0.07446540772587834089, 0.07480314960629921850 ) ) ;
#3674 = ORIENTED_EDGE ( 'NONE', *, *, #1353, .T. ) ;
#3675 = VERTEX_POINT ( 'NONE', #3683 ) ;
#3676 = DIRECTION ( 'NONE',  ( 0.0000000000000000000, 0.0000000000000000000, -1.000000000000000000 ) ) ;
#3677 = CARTESIAN_POINT ( 'NONE',  ( 0.1240157480314960647, -0.1377952755905511861, 0.08366141732283464971 ) ) ;
#3678 = ORIENTED_EDGE ( 'NONE', *, *, #2904, .T. ) ;
#3679 = VECTOR ( 'NONE', #3805, 39.37007874015748143 ) ;
#3680 = ORIENTED_EDGE ( 'NONE', *, *, #1494, .T. ) ;
#3681 = CARTESIAN_POINT ( 'NONE',  ( 0.1476377952755905387, -0.06889763779527559306, -0.07480314960629921850 ) ) ;
#3682 = LINE ( 'NONE', #2019, #3277 ) ;
#3683 = CARTESIAN_POINT ( 'NONE',  ( 0.1318897637795275746, -0.1224523058384645591, 0.1023622047244094474 ) ) ;
#3684 = AXIS2_PLACEMENT_3D ( 'NONE', #2253, #3589, #638 ) ;
#3685 = CARTESIAN_POINT ( 'NONE',  ( -0.08858267716535432601, 0.1377952755905511861, 0.1122047244094488139 ) ) ;
#3686 = ADVANCED_FACE ( 'NONE', ( #1624 ), #944, .F. ) ;
#3687 = ORIENTED_EDGE ( 'NONE', *, *, #64, .T. ) ;
#3688 = EDGE_CURVE ( 'NONE', #1887, #25, #1196, .T. ) ;
#3689 = DIRECTION ( 'NONE',  ( -1.000000000000000000, 0.0000000000000000000, 0.0000000000000000000 ) ) ;
#3690 = VECTOR ( 'NONE', #1871, 39.37007874015748143 ) ;
#3691 = PLANE ( 'NONE',  #1166 ) ;
#3692 = VECTOR ( 'NONE', #2279, 39.37007874015748143 ) ;
#3693 = PRESENTATION_STYLE_ASSIGNMENT (( #585 ) ) ;
#3694 = ADVANCED_FACE ( 'NONE', ( #241 ), #2914, .T. ) ;
#3695 = AXIS2_PLACEMENT_3D ( 'NONE', #4210, #122, #3762 ) ;
#3696 = VERTEX_POINT ( 'NONE', #2084 ) ;
#3697 = DIRECTION ( 'NONE',  ( -1.000000000000000000, 0.0000000000000000000, 0.0000000000000000000 ) ) ;
#3698 = STYLED_ITEM ( 'NONE', ( #3294 ), #1876 ) ;
#3699 = LINE ( 'NONE', #3007, #1469 ) ;
#3700 = ORIENTED_EDGE ( 'NONE', *, *, #1934, .T. ) ;
#3701 = ORIENTED_EDGE ( 'NONE', *, *, #1358, .T. ) ;
#3702 = CARTESIAN_POINT ( 'NONE',  ( 0.08858267716535432601, 0.1299212598425196763, 0.1122047244094488139 ) ) ;
#3703 = AXIS2_PLACEMENT_3D ( 'NONE', #1489, #2813, #4157 ) ;
#3704 = CARTESIAN_POINT ( 'NONE',  ( 0.08858267716535432601, 0.1496062992125984370, 0.08858267716535432601 ) ) ;
#3705 = AXIS2_PLACEMENT_3D ( 'NONE', #1614, #2631, #3968 ) ;
#3706 = ORIENTED_EDGE ( 'NONE', *, *, #3930, .F. ) ;
#3707 = CARTESIAN_POINT ( 'NONE',  ( 0.1318897637795275746, -0.04201406643800709162, -0.1023622047244094474 ) ) ;
#3708 = LINE ( 'NONE', #1080, #2073 ) ;
#3709 = DIRECTION ( 'NONE',  ( 0.0000000000000000000, -1.000000000000000000, 0.0000000000000000000 ) ) ;
#3710 = DIRECTION ( 'NONE',  ( 1.000000000000000000, 0.0000000000000000000, 0.0000000000000000000 ) ) ;
#3711 = EDGE_LOOP ( 'NONE', ( #3778, #36, #3531, #3520 ) ) ;
#3712 = CARTESIAN_POINT ( 'NONE',  ( 0.08858267716535432601, 0.1299212598425196763, -0.06496062992125983815 ) ) ;
#3713 = AXIS2_PLACEMENT_3D ( 'NONE', #913, #4245, #3380 ) ;
#3714 = DIRECTION ( 'NONE',  ( 0.0000000000000000000, 0.0000000000000000000, -1.000000000000000000 ) ) ;
#3715 = DIRECTION ( 'NONE',  ( 1.000000000000000000, -4.063888932435259910E-16, 0.0000000000000000000 ) ) ;
#3716 = EDGE_CURVE ( 'NONE', #2176, #2364, #2662, .T. ) ;
#3717 = MECHANICAL_DESIGN_GEOMETRIC_PRESENTATION_REPRESENTATION (  '', ( #1284 ), #2606 ) ;
#3718 = EDGE_LOOP ( 'NONE', ( #4077, #2963, #262, #850 ) ) ;
#3719 = CARTESIAN_POINT ( 'NONE',  ( 0.1318897637795275746, -0.09578120915254409451, 0.07480314960629921850 ) ) ;
#3720 = EDGE_CURVE ( 'NONE', #787, #3831, #3726, .T. ) ;
#3721 = CARTESIAN_POINT ( 'NONE',  ( -0.1240157480314960647, -0.09578120915254409451, 0.1023622047244094474 ) ) ;
#3722 = VERTEX_POINT ( 'NONE', #3102 ) ;
#3723 = CYLINDRICAL_SURFACE ( 'NONE', #2796, 0.02362204724409448092 ) ;
#3724 = ORIENTED_EDGE ( 'NONE', *, *, #488, .F. ) ;
#3725 = ADVANCED_FACE ( 'NONE', ( #2375 ), #1130, .T. ) ;
#3726 = LINE ( 'NONE', #1399, #344 ) ;
#3727 = CARTESIAN_POINT ( 'NONE',  ( -0.1181102362204724532, 0.0000000000000000000, -0.1181102362204724532 ) ) ;
#3728 = DIRECTION ( 'NONE',  ( -0.7071067811865469066, 0.7071067811865479058, 0.0000000000000000000 ) ) ;
#3729 = CARTESIAN_POINT ( 'NONE',  ( -0.1555118110236220763, -0.1377952755905511861, 0.09350393700787401619 ) ) ;
#3730 = LINE ( 'NONE', #3067, #1548 ) ;
#3731 = CARTESIAN_POINT ( 'NONE',  ( -0.1181102362204724532, 0.1299212598425196763, -0.1181102362204724532 ) ) ;
#3732 = VERTEX_POINT ( 'NONE', #1081 ) ;
#3733 = DIRECTION ( 'NONE',  ( -0.7071067811865480168, -0.7071067811865470176, 0.0000000000000000000 ) ) ;
#3734 = EDGE_CURVE ( 'NONE', #2111, #436, #2937, .T. ) ;
#3735 = DIRECTION ( 'NONE',  ( 0.0000000000000000000, 1.000000000000000000, 0.0000000000000000000 ) ) ;
#3736 = EDGE_CURVE ( 'NONE', #3855, #3696, #4042, .T. ) ;
#3737 = CARTESIAN_POINT ( 'NONE',  ( 0.1240157480314960647, 0.02755905511811023584, -0.1023622047244094474 ) ) ;
#3738 = FACE_OUTER_BOUND ( 'NONE', #3718, .T. ) ;
#3739 = ORIENTED_EDGE ( 'NONE', *, *, #3308, .F. ) ;
#3740 = DIRECTION ( 'NONE',  ( 2.454115839351809943E-16, -1.000000000000000000, 0.0000000000000000000 ) ) ;
#3741 = CARTESIAN_POINT ( 'NONE',  ( -0.1240157480314960647, -0.1224523058384645591, -0.1023622047244094474 ) ) ;
#3742 = CARTESIAN_POINT ( 'NONE',  ( -0.08858267716535432601, 0.1377952755905511861, -0.1122047244094488139 ) ) ;
#3743 = CARTESIAN_POINT ( 'NONE',  ( 0.1181102362204724532, 0.0000000000000000000, -0.04921259842519685318 ) ) ;
#3744 = AXIS2_PLACEMENT_3D ( 'NONE', #4220, #1223, #1905 ) ;
#3745 = ORIENTED_EDGE ( 'NONE', *, *, #3445, .T. ) ;
#3746 = CARTESIAN_POINT ( 'NONE',  ( 0.1318897637795275746, 0.02755905511811023584, 0.07480314960629921850 ) ) ;
#3747 = AXIS2_PLACEMENT_3D ( 'NONE', #4269, #309, #2273 ) ;
#3748 = CARTESIAN_POINT ( 'NONE',  ( 0.1240157480314960647, -0.04201406643800709162, -0.1023622047244094474 ) ) ;
#3749 = VERTEX_POINT ( 'NONE', #1418 ) ;
#3750 = ORIENTED_EDGE ( 'NONE', *, *, #4166, .T. ) ;
#3751 = AXIS2_PLACEMENT_3D ( 'NONE', #73, #3142, #2185 ) ;
#3752 = CARTESIAN_POINT ( 'NONE',  ( 0.0000000000000000000, 0.0000000000000000000, 0.0000000000000000000 ) ) ;
#3753 = VECTOR ( 'NONE', #2239, 39.37007874015748143 ) ;
#3754 = UNCERTAINTY_MEASURE_WITH_UNIT (LENGTH_MEASURE( 1.000000000000000082E-05 ), #3949, 'distance_accuracy_value', 'NONE');
#3755 = CARTESIAN_POINT ( 'NONE',  ( 0.1555118110236220763, -0.1054045616694795212, 0.1122047244094488277 ) ) ;
#3756 = CIRCLE ( 'NONE', #968, 0.007874015748031499423 ) ;
#3757 = EDGE_CURVE ( 'NONE', #2670, #1726, #3785, .T. ) ;
#3758 = EDGE_CURVE ( 'NONE', #3023, #478, #2440, .T. ) ;
#3759 = ORIENTED_EDGE ( 'NONE', *, *, #1038, .T. ) ;
#3760 = CIRCLE ( 'NONE', #971, 0.005905511811023620231 ) ;
#3761 = FACE_OUTER_BOUND ( 'NONE', #2780, .T. ) ;
#3762 = DIRECTION ( 'NONE',  ( 1.000000000000000000, 0.0000000000000000000, 0.0000000000000000000 ) ) ;
#3763 = EDGE_CURVE ( 'NONE', #3818, #1002, #2783, .T. ) ;
#3764 = DIRECTION ( 'NONE',  ( 0.0000000000000000000, 0.0000000000000000000, 1.000000000000000000 ) ) ;
#3765 = CARTESIAN_POINT ( 'NONE',  ( 0.1318897637795275746, 0.02755905511811023584, 0.1023622047244094474 ) ) ;
#3766 = AXIS2_PLACEMENT_3D ( 'NONE', #3661, #2650, #4256 ) ;
#3767 = CYLINDRICAL_SURFACE ( 'NONE', #2036, 0.02362204724409448092 ) ;
#3768 = ORIENTED_EDGE ( 'NONE', *, *, #1561, .T. ) ;
#3769 = ORIENTED_EDGE ( 'NONE', *, *, #1913, .T. ) ;
#3770 = AXIS2_PLACEMENT_3D ( 'NONE', #390, #1718, #1062 ) ;
#3771 = DIRECTION ( 'NONE',  ( 0.0000000000000000000, 0.0000000000000000000, 1.000000000000000000 ) ) ;
#3772 = VECTOR ( 'NONE', #1056, 39.37007874015748854 ) ;
#3773 = VERTEX_POINT ( 'NONE', #2046 ) ;
#3774 = ADVANCED_FACE ( 'NONE', ( #79 ), #3358, .F. ) ;
#3775 = AXIS2_PLACEMENT_3D ( 'NONE', #2504, #2123, #1799 ) ;
#3776 = DIRECTION ( 'NONE',  ( 0.0000000000000000000, 0.0000000000000000000, 1.000000000000000000 ) ) ;
#3777 = VECTOR ( 'NONE', #2804, 39.37007874015748143 ) ;
#3778 = ORIENTED_EDGE ( 'NONE', *, *, #583, .T. ) ;
#3779 = EDGE_CURVE ( 'NONE', #1671, #4315, #1377, .T. ) ;
#3780 = CARTESIAN_POINT ( 'NONE',  ( 0.1240157480314960647, 0.03543307086614173179, -0.1023622047244094474 ) ) ;
#3781 = CARTESIAN_POINT ( 'NONE',  ( 0.1318897637795275746, 0.02755905511811023584, 0.07480314960629921850 ) ) ;
#3782 = ORIENTED_EDGE ( 'NONE', *, *, #2325, .T. ) ;
#3783 = EDGE_CURVE ( 'NONE', #3588, #3660, #3417, .T. ) ;
#3784 = DIRECTION ( 'NONE',  ( 0.0000000000000000000, -1.000000000000000000, 0.0000000000000000000 ) ) ;
#3785 = LINE ( 'NONE', #3058, #279 ) ;
#3786 = CARTESIAN_POINT ( 'NONE',  ( 0.08858267716535432601, 0.1299212598425196763, -0.06496062992125983815 ) ) ;
#3787 = DIRECTION ( 'NONE',  ( -1.000000000000000000, 0.0000000000000000000, 0.0000000000000000000 ) ) ;
#3788 = ORIENTED_EDGE ( 'NONE', *, *, #928, .F. ) ;
#3789 = ORIENTED_EDGE ( 'NONE', *, *, #613, .F. ) ;
#3790 = FILL_AREA_STYLE_COLOUR ( '', #3047 ) ;
#3791 = PLANE ( 'NONE',  #1737 ) ;
#3792 = DIRECTION ( 'NONE',  ( 0.7071067811865470176, 0.7071067811865480168, 0.0000000000000000000 ) ) ;
#3793 = DIRECTION ( 'NONE',  ( 0.0000000000000000000, 0.0000000000000000000, -1.000000000000000000 ) ) ;
#3794 = EDGE_CURVE ( 'NONE', #3513, #3428, #2246, .T. ) ;
#3795 = ORIENTED_EDGE ( 'NONE', *, *, #997, .F. ) ;
#3796 = DIRECTION ( 'NONE',  ( 0.0000000000000000000, 0.0000000000000000000, -1.000000000000000000 ) ) ;
#3797 = CARTESIAN_POINT ( 'NONE',  ( -0.1181102362204724532, 0.1377952755905511861, 0.1122047244094488277 ) ) ;
#3798 = LINE ( 'NONE', #1449, #274 ) ;
#3799 = ORIENTED_EDGE ( 'NONE', *, *, #3503, .T. ) ;
#3800 = LINE ( 'NONE', #2503, #536 ) ;
#3801 = CARTESIAN_POINT ( 'NONE',  ( -0.1181102362204724532, 0.1299212598425196763, -0.1181102362204724532 ) ) ;
#3802 = CARTESIAN_POINT ( 'NONE',  ( -0.1318897637795275746, -0.1224523058384645591, -0.07480314960629921850 ) ) ;
#3803 = ORIENTED_EDGE ( 'NONE', *, *, #659, .F. ) ;
#3804 = ORIENTED_EDGE ( 'NONE', *, *, #3316, .F. ) ;
#3805 = DIRECTION ( 'NONE',  ( 0.0000000000000000000, 0.0000000000000000000, -1.000000000000000000 ) ) ;
#3806 = CARTESIAN_POINT ( 'NONE',  ( 0.1476377952755905387, -0.06889763779527559306, 0.07480314960629921850 ) ) ;
#3807 = CARTESIAN_POINT ( 'NONE',  ( 0.1181102362204724532, 0.1377952755905511861, 0.1181102362204724532 ) ) ;
#3808 = DIRECTION ( 'NONE',  ( 0.0000000000000000000, 0.0000000000000000000, -1.000000000000000000 ) ) ;
#3809 = EDGE_CURVE ( 'NONE', #3950, #3543, #39, .T. ) ;
#3810 = EDGE_CURVE ( 'NONE', #2553, #54, #2063, .T. ) ;
#3811 = ORIENTED_EDGE ( 'NONE', *, *, #2313, .F. ) ;
#3812 = VECTOR ( 'NONE', #3429, 39.37007874015748143 ) ;
#3813 = DIRECTION ( 'NONE',  ( 1.000000000000000000, 0.0000000000000000000, 0.0000000000000000000 ) ) ;
#3814 = EDGE_CURVE ( 'NONE', #1394, #2886, #1413, .T. ) ;
#3815 = VECTOR ( 'NONE', #703, 39.37007874015748143 ) ;
#3816 = DIRECTION ( 'NONE',  ( -4.063888932435259910E-16, -1.000000000000000000, 0.0000000000000000000 ) ) ;
#3817 = ORIENTED_EDGE ( 'NONE', *, *, #789, .T. ) ;
#3818 = VERTEX_POINT ( 'NONE', #3742 ) ;
#3819 = VECTOR ( 'NONE', #1658, 39.37007874015748143 ) ;
#3820 = CYLINDRICAL_SURFACE ( 'NONE', #3641, 0.02362204724409448092 ) ;
#3821 = VECTOR ( 'NONE', #2545, 39.37007874015748143 ) ;
#3822 = ORIENTED_EDGE ( 'NONE', *, *, #2773, .F. ) ;
#3823 = LINE ( 'NONE', #3505, #3190 ) ;
#3824 = AXIS2_PLACEMENT_3D ( 'NONE', #1995, #1680, #1595 ) ;
#3825 = DIRECTION ( 'NONE',  ( 0.0000000000000000000, 0.0000000000000000000, 1.000000000000000000 ) ) ;
#3826 = CARTESIAN_POINT ( 'NONE',  ( 0.1318897637795275746, -0.09578120915254409451, -0.1023622047244094474 ) ) ;
#3827 = CARTESIAN_POINT ( 'NONE',  ( 0.1181102362204724532, 0.02755905511811023584, 0.1023622047244094474 ) ) ;
#3828 = VERTEX_POINT ( 'NONE', #736 ) ;
#3829 = CIRCLE ( 'NONE', #2856, 0.007874015748031499423 ) ;
#3830 = ORIENTED_EDGE ( 'NONE', *, *, #3415, .T. ) ;
#3831 = VERTEX_POINT ( 'NONE', #3082 ) ;
#3832 = CARTESIAN_POINT ( 'NONE',  ( 0.08858267716535432601, 0.1377952755905511861, 0.08858267716535432601 ) ) ;
#3833 = DIRECTION ( 'NONE',  ( 1.000000000000000000, 0.0000000000000000000, 0.0000000000000000000 ) ) ;
#3834 = LINE ( 'NONE', #2555, #3405 ) ;
#3835 = LINE ( 'NONE', #2846, #2529 ) ;
#3836 = CIRCLE ( 'NONE', #192, 0.02362204724409448092 ) ;
#3837 = CARTESIAN_POINT ( 'NONE',  ( -0.1318897637795275746, 0.02755905511811023584, 0.1023622047244094474 ) ) ;
#3838 = DIRECTION ( 'NONE',  ( 3.519431053647356462E-16, 0.8660254037844389297, -0.4999999999999994449 ) ) ;
#3839 = ORIENTED_EDGE ( 'NONE', *, *, #470, .T. ) ;
#3840 = PLANE ( 'NONE',  #247 ) ;
#3841 = VERTEX_POINT ( 'NONE', #2760 ) ;
#3842 = EDGE_CURVE ( 'NONE', #1580, #126, #1347, .T. ) ;
#3843 = AXIS2_PLACEMENT_3D ( 'NONE', #3329, #3650, #2938 ) ;
#3844 = ORIENTED_EDGE ( 'NONE', *, *, #35, .F. ) ;
#3845 = VECTOR ( 'NONE', #34, 39.37007874015748143 ) ;
#3846 = DIRECTION ( 'NONE',  ( 0.0000000000000000000, 0.0000000000000000000, 1.000000000000000000 ) ) ;
#3847 = CARTESIAN_POINT ( 'NONE',  ( -0.1318897637795275746, -0.04201406643800709162, 0.07480314960629921850 ) ) ;
#3848 = COLOUR_RGB ( '',0.8274509803921568096, 0.8392156862745098200, 0.8274509803921568096 ) ;
#3849 = ADVANCED_FACE ( 'NONE', ( #2108 ), #3440, .T. ) ;
#3850 = VERTEX_POINT ( 'NONE', #1516 ) ;
#3851 = CARTESIAN_POINT ( 'NONE',  ( -0.1555118110236220763, 0.003937007874015747977, 0.04921259842519685318 ) ) ;
#3852 = EDGE_CURVE ( 'NONE', #4198, #2400, #777, .T. ) ;
#3853 = ORIENTED_EDGE ( 'NONE', *, *, #3612, .F. ) ;
#3854 = ORIENTED_EDGE ( 'NONE', *, *, #710, .F. ) ;
#3855 = VERTEX_POINT ( 'NONE', #3460 ) ;
#3856 = DIRECTION ( 'NONE',  ( 0.0000000000000000000, -1.000000000000000000, 0.0000000000000000000 ) ) ;
#3857 = LINE ( 'NONE', #2514, #3574 ) ;
#3858 = CARTESIAN_POINT ( 'NONE',  ( 0.1318897637795275746, -0.1377952755905511861, 0.09350393700787401619 ) ) ;
#3859 = CYLINDRICAL_SURFACE ( 'NONE', #3984, 0.02362204724409448092 ) ;
#3860 = CYLINDRICAL_SURFACE ( 'NONE', #4195, 0.007874015748031499423 ) ;
#3861 = ORIENTED_EDGE ( 'NONE', *, *, #2130, .T. ) ;
#3862 = DIRECTION ( 'NONE',  ( 0.0000000000000000000, 0.0000000000000000000, 1.000000000000000000 ) ) ;
#3863 = ORIENTED_EDGE ( 'NONE', *, *, #2632, .T. ) ;
#3864 = ORIENTED_EDGE ( 'NONE', *, *, #3958, .T. ) ;
#3865 = VERTEX_POINT ( 'NONE', #1497 ) ;
#3866 = CARTESIAN_POINT ( 'NONE',  ( 0.1555118110236220208, -0.06889763779527559306, 0.1023622047244094474 ) ) ;
#3867 = DIRECTION ( 'NONE',  ( 1.000000000000000000, 0.0000000000000000000, 0.0000000000000000000 ) ) ;
#3868 = EDGE_CURVE ( 'NONE', #3451, #3898, #1201, .T. ) ;
#3869 = ORIENTED_EDGE ( 'NONE', *, *, #1298, .T. ) ;
#3870 = DIRECTION ( 'NONE',  ( -1.000000000000000000, 0.0000000000000000000, 0.0000000000000000000 ) ) ;
#3871 = ADVANCED_FACE ( 'NONE', ( #2819 ), #3124, .F. ) ;
#3872 = DIRECTION ( 'NONE',  ( 1.000000000000000000, 0.0000000000000000000, 0.0000000000000000000 ) ) ;
#3873 = EDGE_LOOP ( 'NONE', ( #1308, #3282 ) ) ;
#3874 = ORIENTED_EDGE ( 'NONE', *, *, #4018, .T. ) ;
#3875 = ORIENTED_EDGE ( 'NONE', *, *, #1901, .F. ) ;
#3876 = CARTESIAN_POINT ( 'NONE',  ( -0.1318897637795275746, -0.09578120915254409451, 0.07480314960629921850 ) ) ;
#3877 = DIRECTION ( 'NONE',  ( -3.519431053647356462E-16, 0.8660254037844389297, -0.4999999999999994449 ) ) ;
#3878 = DIRECTION ( 'NONE',  ( -2.168404344971010347E-16, 0.0000000000000000000, -1.000000000000000000 ) ) ;
#3879 = CARTESIAN_POINT ( 'NONE',  ( -0.1122047244094488277, 0.1377952755905511861, 0.1122047244094488277 ) ) ;
#3880 = ORIENTED_EDGE ( 'NONE', *, *, #3126, .F. ) ;
#3881 = CARTESIAN_POINT ( 'NONE',  ( -0.1476377952755905387, -0.06889763779527559306, 0.07480314960629921850 ) ) ;
#3882 = DIRECTION ( 'NONE',  ( -1.000000000000000000, 2.454115839351809943E-16, 0.0000000000000000000 ) ) ;
#3883 = VERTEX_POINT ( 'NONE', #1164 ) ;
#3884 = VECTOR ( 'NONE', #3862, 39.37007874015748143 ) ;
#3885 = VERTEX_POINT ( 'NONE', #3169 ) ;
#3886 = ORIENTED_EDGE ( 'NONE', *, *, #1327, .T. ) ;
#3887 = AXIS2_PLACEMENT_3D ( 'NONE', #3681, #3998, #3016 ) ;
#3888 = CIRCLE ( 'NONE', #2010, 0.007874015748031499423 ) ;
#3889 = ORIENTED_EDGE ( 'NONE', *, *, #1931, .T. ) ;
#3890 = VECTOR ( 'NONE', #3961, 39.37007874015748854 ) ;
#3891 = FACE_OUTER_BOUND ( 'NONE', #886, .T. ) ;
#3892 = EDGE_CURVE ( 'NONE', #2184, #3504, #3501, .T. ) ;
#3893 = EDGE_CURVE ( 'NONE', #1238, #1331, #2803, .T. ) ;
#3894 = VECTOR ( 'NONE', #3215, 39.37007874015748143 ) ;
#3895 = DIRECTION ( 'NONE',  ( 0.0000000000000000000, -1.000000000000000000, 0.0000000000000000000 ) ) ;
#3896 = CARTESIAN_POINT ( 'NONE',  ( 0.1318897637795275746, -0.04201406643800709162, -0.1023622047244094474 ) ) ;
#3897 = ORIENTED_EDGE ( 'NONE', *, *, #1711, .T. ) ;
#3898 = VERTEX_POINT ( 'NONE', #2169 ) ;
#3899 = EDGE_CURVE ( 'NONE', #1656, #1031, #496, .T. ) ;
#3900 = AXIS2_PLACEMENT_3D ( 'NONE', #257, #1233, #940 ) ;
#3901 = LINE ( 'NONE', #3266, #3472 ) ;
#3902 = DIRECTION ( 'NONE',  ( 0.0000000000000000000, 0.0000000000000000000, -1.000000000000000000 ) ) ;
#3903 = FACE_OUTER_BOUND ( 'NONE', #986, .T. ) ;
#3904 =( NAMED_UNIT ( * ) PLANE_ANGLE_UNIT ( ) SI_UNIT ( $, .RADIAN. ) );
#3905 = CARTESIAN_POINT ( 'NONE',  ( 0.1181102362204724532, 0.1299212598425196763, 0.1181102362204724532 ) ) ;
#3906 = LINE ( 'NONE', #927, #1540 ) ;
#3907 = AXIS2_PLACEMENT_3D ( 'NONE', #517, #1863, #1213 ) ;
#3908 = ORIENTED_EDGE ( 'NONE', *, *, #58, .F. ) ;
#3909 = CARTESIAN_POINT ( 'NONE',  ( -0.1181102362204724532, 0.03543307086614173179, -0.1023622047244094474 ) ) ;
#3910 = ADVANCED_FACE ( 'NONE', ( #4161 ), #4145, .F. ) ;
#3911 = ORIENTED_EDGE ( 'NONE', *, *, #1561, .F. ) ;
#3912 = AXIS2_PLACEMENT_3D ( 'NONE', #1793, #1468, #2117 ) ;
#3913 = DIRECTION ( 'NONE',  ( -1.000000000000000000, 0.0000000000000000000, 0.0000000000000000000 ) ) ;
#3914 = CIRCLE ( 'NONE', #2928, 0.007874015748031499423 ) ;
#3915 = VERTEX_POINT ( 'NONE', #1823 ) ;
#3916 = ADVANCED_FACE ( 'NONE', ( #1990 ), #3076, .F. ) ;
#3917 = LINE ( 'NONE', #4311, #3692 ) ;
#3918 = LINE ( 'NONE', #2258, #890 ) ;
#3919 = DIRECTION ( 'NONE',  ( -3.519431053647356462E-16, -0.8660254037844389297, 0.4999999999999994449 ) ) ;
#3920 = VECTOR ( 'NONE', #4288, 39.37007874015748143 ) ;
#3921 = VECTOR ( 'NONE', #2998, 39.37007874015748143 ) ;
#3922 = ORIENTED_EDGE ( 'NONE', *, *, #294, .T. ) ;
#3923 = LINE ( 'NONE', #3238, #3494 ) ;
#3924 = FACE_OUTER_BOUND ( 'NONE', #2943, .T. ) ;
#3925 = VECTOR ( 'NONE', #80, 39.37007874015748143 ) ;
#3926 = CARTESIAN_POINT ( 'NONE',  ( 0.1263219938489248129, -0.04758183636860983945, 0.1023622047244094474 ) ) ;
#3927 =( NAMED_UNIT ( * ) PLANE_ANGLE_UNIT ( ) SI_UNIT ( $, .RADIAN. ) );
#3928 = ORIENTED_EDGE ( 'NONE', *, *, #1646, .T. ) ;
#3929 = VERTEX_POINT ( 'NONE', #2040 ) ;
#3930 = EDGE_CURVE ( 'NONE', #1231, #2292, #1431, .T. ) ;
#3931 = DIRECTION ( 'NONE',  ( 1.000000000000000000, 1.478036555683235174E-47, 6.022684552957449548E-32 ) ) ;
#3932 = CARTESIAN_POINT ( 'NONE',  ( 0.1240157480314960647, -0.09578120915254409451, -0.1023622047244094474 ) ) ;
#3933 = DIRECTION ( 'NONE',  ( -0.7071067811865479058, -0.7071067811865469066, 0.0000000000000000000 ) ) ;
#3934 = LINE ( 'NONE', #1965, #2863 ) ;
#3935 = PLANE ( 'NONE',  #3633 ) ;
#3936 = LINE ( 'NONE', #4217, #3413 ) ;
#3937 = EDGE_CURVE ( 'NONE', #859, #1661, #1824, .T. ) ;
#3938 = ORIENTED_EDGE ( 'NONE', *, *, #2724, .F. ) ;
#3939 = CARTESIAN_POINT ( 'NONE',  ( -0.1240157480314960647, 0.02755905511811023584, -0.1023622047244094474 ) ) ;
#3940 = ORIENTED_EDGE ( 'NONE', *, *, #2903, .T. ) ;
#3941 = EDGE_CURVE ( 'NONE', #485, #109, #732, .T. ) ;
#3942 = CYLINDRICAL_SURFACE ( 'NONE', #3339, 0.02362204724409448092 ) ;
#3943 = CARTESIAN_POINT ( 'NONE',  ( -0.08858267716535432601, 0.1377952755905511861, 0.06496062992125983815 ) ) ;
#3944 = ORIENTED_EDGE ( 'NONE', *, *, #1327, .F. ) ;
#3945 = CARTESIAN_POINT ( 'NONE',  ( -0.1240157480314960647, -0.1143824042423135789, -0.07014398974742774850 ) ) ;
#3946 = CARTESIAN_POINT ( 'NONE',  ( -0.1476377952755905387, -0.06889763779527559306, -0.1023622047244094474 ) ) ;
#3947 = CARTESIAN_POINT ( 'NONE',  ( 0.0000000000000000000, 0.1299212598425196763, 0.06889763779527559306 ) ) ;
#3948 = DIRECTION ( 'NONE',  ( 0.0000000000000000000, 0.0000000000000000000, 1.000000000000000000 ) ) ;
#3949 =( CONVERSION_BASED_UNIT ( 'INCH', #1568 ) LENGTH_UNIT ( ) NAMED_UNIT ( #648 ) );
#3950 = VERTEX_POINT ( 'NONE', #2692 ) ;
#3951 = EDGE_LOOP ( 'NONE', ( #1520, #1019, #2893, #1880 ) ) ;
#3952 = FACE_OUTER_BOUND ( 'NONE', #2899, .T. ) ;
#3953 = CARTESIAN_POINT ( 'NONE',  ( -0.1555118110236220208, -0.06889763779527559306, 0.07480314960629921850 ) ) ;
#3954 = DIRECTION ( 'NONE',  ( 0.0000000000000000000, 0.0000000000000000000, -1.000000000000000000 ) ) ;
#3955 = DIRECTION ( 'NONE',  ( 0.0000000000000000000, 0.0000000000000000000, -1.000000000000000000 ) ) ;
#3956 = ORIENTED_EDGE ( 'NONE', *, *, #2852, .T. ) ;
#3957 = DIRECTION ( 'NONE',  ( 0.0000000000000000000, 1.000000000000000000, 0.0000000000000000000 ) ) ;
#3958 = EDGE_CURVE ( 'NONE', #2741, #3163, #668, .T. ) ;
#3959 = EDGE_CURVE ( 'NONE', #3420, #3249, #52, .T. ) ;
#3960 = VERTEX_POINT ( 'NONE', #3702 ) ;
#3961 = DIRECTION ( 'NONE',  ( -0.7071067811865469066, -0.7071067811865479058, 0.0000000000000000000 ) ) ;
#3962 = EDGE_CURVE ( 'NONE', #3193, #2548, #2412, .T. ) ;
#3963 = AXIS2_PLACEMENT_3D ( 'NONE', #4330, #3298, #2627 ) ;
#3964 = CARTESIAN_POINT ( 'NONE',  ( 0.1532055652061933004, -0.07446540772587834089, -0.1023622047244094474 ) ) ;
#3965 = VERTEX_POINT ( 'NONE', #695 ) ;
#3966 = EDGE_LOOP ( 'NONE', ( #3646, #3153, #1904, #2671 ) ) ;
#3967 = ADVANCED_FACE ( 'NONE', ( #3738 ), #1731, .T. ) ;
#3968 = DIRECTION ( 'NONE',  ( 0.0000000000000000000, 0.0000000000000000000, -1.000000000000000000 ) ) ;
#3969 = VECTOR ( 'NONE', #3080, 39.37007874015748143 ) ;
#3970 = DIRECTION ( 'NONE',  ( 0.0000000000000000000, 0.0000000000000000000, 1.000000000000000000 ) ) ;
#3971 = DIRECTION ( 'NONE',  ( -1.000000000000000000, 0.0000000000000000000, 0.0000000000000000000 ) ) ;
#3972 = VECTOR ( 'NONE', #1994, 39.37007874015748143 ) ;
#3973 = ORIENTED_EDGE ( 'NONE', *, *, #3253, .F. ) ;
#3974 = DIRECTION ( 'NONE',  ( 0.0000000000000000000, 0.0000000000000000000, 1.000000000000000000 ) ) ;
#3975 = AXIS2_PLACEMENT_3D ( 'NONE', #3621, #631, #1289 ) ;
#3976 = PLANE ( 'NONE',  #3824 ) ;
#3977 = CARTESIAN_POINT ( 'NONE',  ( -0.1181102362204724532, 0.1377952755905511861, -0.1181102362204724532 ) ) ;
#3978 = CARTESIAN_POINT ( 'NONE',  ( -0.1122047244094488277, 0.0000000000000000000, -0.1181102362204724532 ) ) ;
#3979 = VECTOR ( 'NONE', #346, 39.37007874015748143 ) ;
#3980 = ORIENTED_EDGE ( 'NONE', *, *, #3663, .F. ) ;
#3981 = DIRECTION ( 'NONE',  ( 0.0000000000000000000, -1.000000000000000000, 0.0000000000000000000 ) ) ;
#3982 = AXIS2_PLACEMENT_3D ( 'NONE', #3401, #3808, #1424 ) ;
#3983 = ORIENTED_EDGE ( 'NONE', *, *, #4223, .T. ) ;
#3984 = AXIS2_PLACEMENT_3D ( 'NONE', #1832, #3158, #151 ) ;
#3985 = DIRECTION ( 'NONE',  ( 0.0000000000000000000, 0.0000000000000000000, -1.000000000000000000 ) ) ;
#3986 = EDGE_CURVE ( 'NONE', #2177, #82, #4036, .T. ) ;
#3987 = AXIS2_PLACEMENT_3D ( 'NONE', #4032, #2409, #1023 ) ;
#3988 = DIRECTION ( 'NONE',  ( -2.454115839351809943E-16, -1.000000000000000000, 0.0000000000000000000 ) ) ;
#3989 = ORIENTED_EDGE ( 'NONE', *, *, #2061, .T. ) ;
#3990 = ORIENTED_EDGE ( 'NONE', *, *, #3734, .T. ) ;
#3991 = CARTESIAN_POINT ( 'NONE',  ( -0.08858267716535432601, 0.1377952755905511861, -0.08858267716535432601 ) ) ;
#3992 = AXIS2_PLACEMENT_3D ( 'NONE', #1285, #1585, #3867 ) ;
#3993 =( NAMED_UNIT ( * ) SI_UNIT ( $, .STERADIAN. ) SOLID_ANGLE_UNIT ( ) );
#3994 = ADVANCED_FACE ( 'NONE', ( #4060 ), #3723, .F. ) ;
#3995 = DIRECTION ( 'NONE',  ( 0.0000000000000000000, 1.000000000000000000, 0.0000000000000000000 ) ) ;
#3996 = AXIS2_PLACEMENT_3D ( 'NONE', #4152, #1153, #130 ) ;
#3997 = ORIENTED_EDGE ( 'NONE', *, *, #3794, .F. ) ;
#3998 = DIRECTION ( 'NONE',  ( 0.0000000000000000000, 0.0000000000000000000, -1.000000000000000000 ) ) ;
#3999 = CARTESIAN_POINT ( 'NONE',  ( 0.1532055652061933004, -0.07446540772587834089, -0.1023622047244094474 ) ) ;
#4000 = VECTOR ( 'NONE', #1714, 39.37007874015748143 ) ;
#4001 = CARTESIAN_POINT ( 'NONE',  ( 0.1532055652061933004, -0.07446540772587834089, 0.1023622047244094474 ) ) ;
#4002 = DIRECTION ( 'NONE',  ( 1.445602896647339903E-16, 0.0000000000000000000, 1.000000000000000000 ) ) ;
#4003 = DIRECTION ( 'NONE',  ( 1.000000000000000000, 0.0000000000000000000, 0.0000000000000000000 ) ) ;
#4004 = ADVANCED_FACE ( 'NONE', ( #3409 ), #646, .F. ) ;
#4005 = FACE_OUTER_BOUND ( 'NONE', #2539, .T. ) ;
#4006 = ORIENTED_EDGE ( 'NONE', *, *, #2388, .F. ) ;
#4007 = DIRECTION ( 'NONE',  ( 0.0000000000000000000, -1.000000000000000000, 0.0000000000000000000 ) ) ;
#4008 = CARTESIAN_POINT ( 'NONE',  ( 0.1555118110236220763, -0.1377952755905511861, 0.09350393700787401619 ) ) ;
#4009 = ORIENTED_EDGE ( 'NONE', *, *, #1370, .T. ) ;
#4010 = CARTESIAN_POINT ( 'NONE',  ( -0.1240157480314960647, 0.02755905511811023584, 0.1023622047244094474 ) ) ;
#4011 = FACE_BOUND ( 'NONE', #2768, .T. ) ;
#4012 = VERTEX_POINT ( 'NONE', #381 ) ;
#4013 = ORIENTED_EDGE ( 'NONE', *, *, #1470, .F. ) ;
#4014 = DIRECTION ( 'NONE',  ( 0.0000000000000000000, -1.000000000000000000, 0.0000000000000000000 ) ) ;
#4015 = FACE_OUTER_BOUND ( 'NONE', #2559, .T. ) ;
#4016 = CARTESIAN_POINT ( 'NONE',  ( -0.1122047244094488277, 0.1299212598425196763, -0.1122047244094488277 ) ) ;
#4017 = EDGE_CURVE ( 'NONE', #3248, #2584, #3051, .T. ) ;
#4018 = EDGE_CURVE ( 'NONE', #3368, #2670, #979, .T. ) ;
#4019 = LINE ( 'NONE', #1008, #3979 ) ;
#4020 = ORIENTED_EDGE ( 'NONE', *, *, #1623, .F. ) ;
#4021 = ORIENTED_EDGE ( 'NONE', *, *, #416, .T. ) ;
#4022 = LINE ( 'NONE', #700, #3399 ) ;
#4023 = CARTESIAN_POINT ( 'NONE',  ( 0.1476377952755905387, -0.06889763779527559306, 0.1023622047244094474 ) ) ;
#4024 = ADVANCED_FACE ( 'NONE', ( #4081 ), #317, .F. ) ;
#4025 = DIRECTION ( 'NONE',  ( 0.0000000000000000000, 0.0000000000000000000, -1.000000000000000000 ) ) ;
#4026 = FACE_OUTER_BOUND ( 'NONE', #3240, .T. ) ;
#4027 = CARTESIAN_POINT ( 'NONE',  ( 0.1476377952755905387, -0.06889763779527559306, 0.1023622047244094474 ) ) ;
#4028 = DIRECTION ( 'NONE',  ( 0.0000000000000000000, 1.000000000000000000, 0.0000000000000000000 ) ) ;
#4029 = FACE_OUTER_BOUND ( 'NONE', #336, .T. ) ;
#4030 = ORIENTED_EDGE ( 'NONE', *, *, #38, .T. ) ;
#4031 = DIRECTION ( 'NONE',  ( -1.000000000000000000, 0.0000000000000000000, 0.0000000000000000000 ) ) ;
#4032 = CARTESIAN_POINT ( 'NONE',  ( 0.0000000000000000000, 0.1299212598425196763, 0.0000000000000000000 ) ) ;
#4033 = ORIENTED_EDGE ( 'NONE', *, *, #1583, .T. ) ;
#4034 = ORIENTED_EDGE ( 'NONE', *, *, #4062, .F. ) ;
#4035 = UNCERTAINTY_MEASURE_WITH_UNIT (LENGTH_MEASURE( 1.000000000000000082E-05 ), #149, 'distance_accuracy_value', 'NONE');
#4036 = LINE ( 'NONE', #367, #3845 ) ;
#4037 = DIRECTION ( 'NONE',  ( 0.0000000000000000000, 0.0000000000000000000, -1.000000000000000000 ) ) ;
#4038 = ORIENTED_EDGE ( 'NONE', *, *, #3475, .F. ) ;
#4039 = ORIENTED_EDGE ( 'NONE', *, *, #427, .T. ) ;
#4040 = DIRECTION ( 'NONE',  ( 0.0000000000000000000, -1.000000000000000000, 0.0000000000000000000 ) ) ;
#4041 = EDGE_CURVE ( 'NONE', #3831, #101, #1350, .T. ) ;
#4042 = LINE ( 'NONE', #1703, #2170 ) ;
#4043 = VECTOR ( 'NONE', #61, 39.37007874015748143 ) ;
#4044 = DIRECTION ( 'NONE',  ( 3.519431053647356462E-16, -0.8660254037844389297, -0.4999999999999994449 ) ) ;
#4045 = CARTESIAN_POINT ( 'NONE',  ( 0.08858267716535432601, 0.1299212598425196763, -0.08858267716535432601 ) ) ;
#4046 = AXIS2_PLACEMENT_3D ( 'NONE', #3932, #1333, #2269 ) ;
#4047 = CARTESIAN_POINT ( 'NONE',  ( 0.1240157480314960647, -0.04201406643800709162, 0.07480314960629921850 ) ) ;
#4048 = VECTOR ( 'NONE', #951, 39.37007874015748143 ) ;
#4049 = CARTESIAN_POINT ( 'NONE',  ( -0.1476377952755905387, -0.06889763779527559306, -0.1023622047244094474 ) ) ;
#4050 = LENGTH_MEASURE_WITH_UNIT ( LENGTH_MEASURE( 0.02539999999999999897 ), #63 );
#4051 = VECTOR ( 'NONE', #282, 39.37007874015748143 ) ;
#4052 = CARTESIAN_POINT ( 'NONE',  ( -0.1318897637795275746, -0.04201406643800709162, -0.1023622047244094474 ) ) ;
#4053 = ADVANCED_FACE ( 'NONE', ( #4015 ), #1004, .T. ) ;
#4054 = VERTEX_POINT ( 'NONE', #721 ) ;
#4055 = CARTESIAN_POINT ( 'NONE',  ( -0.1476377952755905387, -0.06889763779527559306, 0.1023622047244094474 ) ) ;
#4056 = CIRCLE ( 'NONE', #2155, 0.005905511811023620231 ) ;
#4057 = CIRCLE ( 'NONE', #2588, 0.007874015748031499423 ) ;
#4058 = ORIENTED_EDGE ( 'NONE', *, *, #226, .T. ) ;
#4059 = ORIENTED_EDGE ( 'NONE', *, *, #334, .F. ) ;
#4060 = FACE_OUTER_BOUND ( 'NONE', #4138, .T. ) ;
#4061 = VECTOR ( 'NONE', #1176, 39.37007874015748143 ) ;
#4062 = EDGE_CURVE ( 'NONE', #3033, #2184, #2586, .T. ) ;
#4063 = ORIENTED_EDGE ( 'NONE', *, *, #2754, .F. ) ;
#4064 = DIRECTION ( 'NONE',  ( 0.0000000000000000000, 0.0000000000000000000, -1.000000000000000000 ) ) ;
#4065 = CARTESIAN_POINT ( 'NONE',  ( 0.1555118110236220763, -0.1054045616694795212, -0.1122047244094488277 ) ) ;
#4066 = COLOUR_RGB ( '',0.8313725490196077761, 0.8392156862745098200, 0.8313725490196077761 ) ;
#4067 = DIRECTION ( 'NONE',  ( 0.7071067811865480168, -0.7071067811865470176, 0.0000000000000000000 ) ) ;
#4068 = LINE ( 'NONE', #1999, #2456 ) ;
#4069 = EDGE_CURVE ( 'NONE', #1366, #2741, #1359, .T. ) ;
#4070 = VERTEX_POINT ( 'NONE', #2378 ) ;
#4071 = CARTESIAN_POINT ( 'NONE',  ( 0.1181102362204724532, 0.02755905511811023584, -0.1023622047244094474 ) ) ;
#4072 = VECTOR ( 'NONE', #3374, 39.37007874015748854 ) ;
#4073 = CARTESIAN_POINT ( 'NONE',  ( 0.1318897637795275746, -0.1224523058384645591, 0.07480314960629921850 ) ) ;
#4074 = VECTOR ( 'NONE', #1457, 39.37007874015748143 ) ;
#4075 = EDGE_CURVE ( 'NONE', #1708, #2823, #132, .T. ) ;
#4076 = PLANE ( 'NONE',  #2722 ) ;
#4077 = ORIENTED_EDGE ( 'NONE', *, *, #3509, .T. ) ;
#4078 = LINE ( 'NONE', #378, #957 ) ;
#4079 = EDGE_CURVE ( 'NONE', #2934, #82, #1741, .T. ) ;
#4080 = DIRECTION ( 'NONE',  ( 1.000000000000000000, 0.0000000000000000000, 0.0000000000000000000 ) ) ;
#4081 = FACE_OUTER_BOUND ( 'NONE', #3010, .T. ) ;
#4082 = VERTEX_POINT ( 'NONE', #1251 ) ;
#4083 = LINE ( 'NONE', #3056, #1319 ) ;
#4084 = CARTESIAN_POINT ( 'NONE',  ( 0.1318897637795275746, -0.09578120915254409451, -0.1023622047244094474 ) ) ;
#4085 = CARTESIAN_POINT ( 'NONE',  ( -0.08858267716535432601, 0.1377952755905511861, 0.08858267716535432601 ) ) ;
#4086 = LINE ( 'NONE', #2086, #1761 ) ;
#4087 = VERTEX_POINT ( 'NONE', #702 ) ;
#4088 = CYLINDRICAL_SURFACE ( 'NONE', #4176, 0.02362204724409448092 ) ;
#4089 = CARTESIAN_POINT ( 'NONE',  ( 0.1318897637795275746, -0.09578120915254409451, -0.1023622047244094474 ) ) ;
#4090 = ORIENTED_EDGE ( 'NONE', *, *, #4093, .F. ) ;
#4091 = CYLINDRICAL_SURFACE ( 'NONE', #1663, 0.007874015748031466463 ) ;
#4092 = ORIENTED_EDGE ( 'NONE', *, *, #1405, .T. ) ;
#4093 = EDGE_CURVE ( 'NONE', #2948, #660, #1280, .T. ) ;
#4094 = ADVANCED_FACE ( 'NONE', ( #2723 ), #2047, .F. ) ;
#4095 = CARTESIAN_POINT ( 'NONE',  ( -0.1532055652061933004, -0.07446540772587834089, -0.1023622047244094474 ) ) ;
#4096 = EDGE_CURVE ( 'NONE', #2890, #1947, #4277, .T. ) ;
#4097 = ORIENTED_EDGE ( 'NONE', *, *, #2165, .T. ) ;
#4098 = DIRECTION ( 'NONE',  ( 4.063888932435259910E-16, -1.000000000000000000, 0.0000000000000000000 ) ) ;
#4099 = VERTEX_POINT ( 'NONE', #2255 ) ;
#4100 = ADVANCED_FACE ( 'NONE', ( #4005 ), #2351, .T. ) ;
#4101 = ORIENTED_EDGE ( 'NONE', *, *, #1045, .T. ) ;
#4102 = CYLINDRICAL_SURFACE ( 'NONE', #1391, 0.007874015748031499423 ) ;
#4103 = CARTESIAN_POINT ( 'NONE',  ( -0.08858267716535432601, 0.1496062992125984370, -0.08858267716535432601 ) ) ;
#4104 = CARTESIAN_POINT ( 'NONE',  ( -0.1318897637795275746, -0.09578120915254409451, 0.07480314960629921850 ) ) ;
#4105 = DIRECTION ( 'NONE',  ( 0.0000000000000000000, 0.0000000000000000000, 1.000000000000000000 ) ) ;
#4106 = ORIENTED_EDGE ( 'NONE', *, *, #2752, .F. ) ;
#4107 = ORIENTED_EDGE ( 'NONE', *, *, #3605, .T. ) ;
#4108 = CYLINDRICAL_SURFACE ( 'NONE', #2511, 0.007874015748031466463 ) ;
#4109 = PLANE ( 'NONE',  #3418 ) ;
#4110 = VECTOR ( 'NONE', #2122, 39.37007874015748143 ) ;
#4111 = ORIENTED_EDGE ( 'NONE', *, *, #3205, .T. ) ;
#4112 = CLOSED_SHELL ( 'NONE', ( #231, #3636, #307, #2945, #2817, #1773, #1764, #785, #2377, #3035, #2957, #2075, #1143, #2897, #558, #335, #3394, #2276, #4289, #343, #2524 ) ) ;
#4113 = CARTESIAN_POINT ( 'NONE',  ( 0.1181102362204724532, 0.1299212598425196763, -0.1181102362204724532 ) ) ;
#4114 = ORIENTED_EDGE ( 'NONE', *, *, #2174, .T. ) ;
#4115 = VECTOR ( 'NONE', #1096, 39.37007874015748143 ) ;
#4116 = DIRECTION ( 'NONE',  ( 1.000000000000000000, 0.0000000000000000000, 0.0000000000000000000 ) ) ;
#4117 = EDGE_CURVE ( 'NONE', #1394, #2843, #3395, .T. ) ;
#4118 = ADVANCED_FACE ( 'NONE', ( #355 ), #41, .F. ) ;
#4119 = AXIS2_PLACEMENT_3D ( 'NONE', #78, #1717, #1102 ) ;
#4120 = CARTESIAN_POINT ( 'NONE',  ( 0.1318897637795275746, -0.1224523058384645591, -0.1023622047244094474 ) ) ;
#4121 = CARTESIAN_POINT ( 'NONE',  ( -0.1122047244094488277, 0.1377952755905511861, 0.1181102362204724532 ) ) ;
#4122 = ORIENTED_EDGE ( 'NONE', *, *, #3758, .T. ) ;
#4123 = CIRCLE ( 'NONE', #822, 0.007874015748031499423 ) ;
#4124 = DIRECTION ( 'NONE',  ( 0.0000000000000000000, 0.0000000000000000000, -1.000000000000000000 ) ) ;
#4125 = DIRECTION ( 'NONE',  ( -0.7071067811865479058, -0.7071067811865469066, 0.0000000000000000000 ) ) ;
#4126 = EDGE_CURVE ( 'NONE', #270, #2689, #4068, .T. ) ;
#4127 = CIRCLE ( 'NONE', #552, 0.02362204724409448092 ) ;
#4128 = CARTESIAN_POINT ( 'NONE',  ( -0.08858267716535432601, 0.1299212598425196763, -0.08858267716535432601 ) ) ;
#4129 = ORIENTED_EDGE ( 'NONE', *, *, #516, .F. ) ;
#4130 = ORIENTED_EDGE ( 'NONE', *, *, #3139, .F. ) ;
#4131 = AXIS2_PLACEMENT_3D ( 'NONE', #3561, #551, #220 ) ;
#4132 =( NAMED_UNIT ( * ) SI_UNIT ( $, .STERADIAN. ) SOLID_ANGLE_UNIT ( ) );
#4133 = FACE_OUTER_BOUND ( 'NONE', #2764, .T. ) ;
#4134 = ORIENTED_EDGE ( 'NONE', *, *, #1902, .T. ) ;
#4135 = CYLINDRICAL_SURFACE ( 'NONE', #3963, 0.02362204724409448092 ) ;
#4136 = CIRCLE ( 'NONE', #769, 0.005905511811023620231 ) ;
#4137 = PLANE ( 'NONE',  #2990 ) ;
#4138 = EDGE_LOOP ( 'NONE', ( #4268, #4333, #1592, #1084 ) ) ;
#4139 = DIRECTION ( 'NONE',  ( 0.0000000000000000000, 0.0000000000000000000, -1.000000000000000000 ) ) ;
#4140 = EDGE_CURVE ( 'NONE', #2181, #1827, #3221, .T. ) ;
#4141 = ORIENTED_EDGE ( 'NONE', *, *, #2978, .F. ) ;
#4142 = LINE ( 'NONE', #3122, #1530 ) ;
#4143 = EDGE_CURVE ( 'NONE', #3543, #1971, #1928, .T. ) ;
#4144 = EDGE_CURVE ( 'NONE', #2670, #2038, #246, .T. ) ;
#4145 = PLANE ( 'NONE',  #1554 ) ;
#4146 = PLANE ( 'NONE',  #1695 ) ;
#4147 = ORIENTED_EDGE ( 'NONE', *, *, #2206, .T. ) ;
#4148 = VERTEX_POINT ( 'NONE', #2973 ) ;
#4149 = EDGE_CURVE ( 'NONE', #3883, #2885, #2399, .T. ) ;
#4150 = DIRECTION ( 'NONE',  ( 1.000000000000000000, 0.0000000000000000000, 0.0000000000000000000 ) ) ;
#4151 = LINE ( 'NONE', #2487, #3690 ) ;
#4152 = CARTESIAN_POINT ( 'NONE',  ( 0.0000000000000000000, 0.6261216515618209799, 0.0000000000000000000 ) ) ;
#4153 = CARTESIAN_POINT ( 'NONE',  ( -0.1318897637795275746, 0.02755905511811023584, -0.07480314960629921850 ) ) ;
#4154 = DIRECTION ( 'NONE',  ( 0.0000000000000000000, 1.000000000000000000, 0.0000000000000000000 ) ) ;
#4155 = ORIENTED_EDGE ( 'NONE', *, *, #3893, .T. ) ;
#4156 = DIRECTION ( 'NONE',  ( 1.000000000000000000, -4.063888932435259910E-16, 0.0000000000000000000 ) ) ;
#4157 = DIRECTION ( 'NONE',  ( 0.0000000000000000000, 0.0000000000000000000, 1.000000000000000000 ) ) ;
#4158 = VERTEX_POINT ( 'NONE', #3334 ) ;
#4159 = DIRECTION ( 'NONE',  ( 0.0000000000000000000, 0.4999999999999995004, -0.8660254037844390407 ) ) ;
#4160 = ORIENTED_EDGE ( 'NONE', *, *, #515, .T. ) ;
#4161 = FACE_OUTER_BOUND ( 'NONE', #410, .T. ) ;
#4162 = DIRECTION ( 'NONE',  ( 1.000000000000000000, 0.0000000000000000000, 0.0000000000000000000 ) ) ;
#4163 = PLANE ( 'NONE',  #3003 ) ;
#4164 = VERTEX_POINT ( 'NONE', #2333 ) ;
#4165 = EDGE_LOOP ( 'NONE', ( #1878, #2572, #1892, #2609 ) ) ;
#4166 = EDGE_CURVE ( 'NONE', #82, #4273, #327, .T. ) ;
#4167 = VERTEX_POINT ( 'NONE', #1037 ) ;
#4168 = CARTESIAN_POINT ( 'NONE',  ( 0.0000000000000000000, 0.1299212598425196763, 0.0000000000000000000 ) ) ;
#4169 = SPHERICAL_SURFACE ( 'NONE', #2838, 0.03937007874015747977 ) ;
#4170 = DIRECTION ( 'NONE',  ( 0.0000000000000000000, 0.4999999999999995004, -0.8660254037844390407 ) ) ;
#4171 = AXIS2_PLACEMENT_3D ( 'NONE', #2360, #3136, #3202 ) ;
#4172 = CARTESIAN_POINT ( 'NONE',  ( 0.1240157480314960647, -0.09578120915254409451, -0.07480314960629921850 ) ) ;
#4173 = CARTESIAN_POINT ( 'NONE',  ( 0.1263219938489248129, -0.09021343922194134668, 0.1023622047244094474 ) ) ;
#4174 = CARTESIAN_POINT ( 'NONE',  ( 0.1181102362204724532, -0.003937007874015747977, 0.04921259842519685318 ) ) ;
#4175 = VERTEX_POINT ( 'NONE', #799 ) ;
#4176 = AXIS2_PLACEMENT_3D ( 'NONE', #26, #3063, #2422 ) ;
#4177 = FACE_OUTER_BOUND ( 'NONE', #489, .T. ) ;
#4178 = DIRECTION ( 'NONE',  ( 0.0000000000000000000, 0.0000000000000000000, 1.000000000000000000 ) ) ;
#4179 = CIRCLE ( 'NONE', #1605, 0.007874015748031499423 ) ;
#4180 = VECTOR ( 'NONE', #3024, 39.37007874015748143 ) ;
#4181 = LINE ( 'NONE', #1208, #124 ) ;
#4182 = ADVANCED_FACE ( 'NONE', ( #3485 ), #434, .T. ) ;
#4183 = EDGE_LOOP ( 'NONE', ( #3908, #2757, #4307, #3724 ) ) ;
#4184 = LINE ( 'NONE', #2168, #532 ) ;
#4185 = AXIS2_PLACEMENT_3D ( 'NONE', #1921, #2619, #2637 ) ;
#4186 = DIRECTION ( 'NONE',  ( 0.0000000000000000000, 0.0000000000000000000, 1.000000000000000000 ) ) ;
#4187 = PLANE ( 'NONE',  #208 ) ;
#4188 = ORIENTED_EDGE ( 'NONE', *, *, #2090, .T. ) ;
#4189 = AXIS2_PLACEMENT_3D ( 'NONE', #242, #194, #1528 ) ;
#4190 = ORIENTED_EDGE ( 'NONE', *, *, #3643, .T. ) ;
#4191 = ORIENTED_EDGE ( 'NONE', *, *, #60, .T. ) ;
#4192 = DIRECTION ( 'NONE',  ( 0.0000000000000000000, 0.0000000000000000000, 1.000000000000000000 ) ) ;
#4193 = CYLINDRICAL_SURFACE ( 'NONE', #954, 0.007874015748031499423 ) ;
#4194 = CARTESIAN_POINT ( 'NONE',  ( 0.1240157480314960647, 0.02755905511811023584, -0.07480314960629921850 ) ) ;
#4195 = AXIS2_PLACEMENT_3D ( 'NONE', #2558, #1853, #2828 ) ;
#4196 = DIRECTION ( 'NONE',  ( 2.454115839351809943E-16, -1.000000000000000000, 0.0000000000000000000 ) ) ;
#4197 = CARTESIAN_POINT ( 'NONE',  ( 0.1532055652061933004, -0.06332986786467284523, 0.1023622047244094474 ) ) ;
#4198 = VERTEX_POINT ( 'NONE', #2482 ) ;
#4199 = CIRCLE ( 'NONE', #1754, 0.007874015748031499423 ) ;
#4200 = DIRECTION ( 'NONE',  ( 0.0000000000000000000, 0.0000000000000000000, 1.000000000000000000 ) ) ;
#4201 = ORIENTED_EDGE ( 'NONE', *, *, #2076, .T. ) ;
#4202 = EDGE_CURVE ( 'NONE', #3722, #3831, #3085, .T. ) ;
#4203 = AXIS2_PLACEMENT_3D ( 'NONE', #2289, #1295, #4025 ) ;
#4204 = ORIENTED_EDGE ( 'NONE', *, *, #689, .F. ) ;
#4205 = AXIS2_PLACEMENT_3D ( 'NONE', #413, #2463, #2700 ) ;
#4206 = CARTESIAN_POINT ( 'NONE',  ( 6.315495986437880640E-18, 0.6261216515618209799, -0.05156993829433085402 ) ) ;
#4207 = CARTESIAN_POINT ( 'NONE',  ( -0.1181102362204724532, 0.03543307086614173179, 0.1023622047244094474 ) ) ;
#4208 = AXIS2_PLACEMENT_3D ( 'NONE', #2284, #1192, #896 ) ;
#4209 = VERTEX_POINT ( 'NONE', #1434 ) ;
#4210 = CARTESIAN_POINT ( 'NONE',  ( 0.1476377952755905387, -0.06889763779527559306, -0.1023622047244094474 ) ) ;
#4211 = ORIENTED_EDGE ( 'NONE', *, *, #498, .T. ) ;
#4212 = ORIENTED_EDGE ( 'NONE', *, *, #2898, .T. ) ;
#4213 = DIRECTION ( 'NONE',  ( 0.0000000000000000000, 0.0000000000000000000, 1.000000000000000000 ) ) ;
#4214 = CARTESIAN_POINT ( 'NONE',  ( 0.08858267716535432601, 0.1181102362204724532, 0.08858267716535432601 ) ) ;
#4215 = LINE ( 'NONE', #1220, #831 ) ;
#4216 = CARTESIAN_POINT ( 'NONE',  ( 0.08858267716535432601, 0.1496062992125984370, 0.06496062992125983815 ) ) ;
#4217 = CARTESIAN_POINT ( 'NONE',  ( -0.1240157480314960647, -0.1024489833240242176, -0.1139111283628084642 ) ) ;
#4218 = CARTESIAN_POINT ( 'NONE',  ( 0.1181102362204724532, 0.03543307086614173179, 0.1023622047244094474 ) ) ;
#4219 = ORIENTED_EDGE ( 'NONE', *, *, #3450, .T. ) ;
#4220 = CARTESIAN_POINT ( 'NONE',  ( -0.1476377952755905387, -0.06889763779527559306, -0.1023622047244094474 ) ) ;
#4221 = ORIENTED_EDGE ( 'NONE', *, *, #1766, .F. ) ;
#4222 = ORIENTED_EDGE ( 'NONE', *, *, #488, .T. ) ;
#4223 = EDGE_CURVE ( 'NONE', #2483, #1671, #2391, .T. ) ;
#4224 = ORIENTED_EDGE ( 'NONE', *, *, #3310, .T. ) ;
#4225 = EDGE_CURVE ( 'NONE', #1161, #4273, #450, .T. ) ;
#4226 = LINE ( 'NONE', #3943, #2027 ) ;
#4227 = EDGE_CURVE ( 'NONE', #2890, #4164, #476, .T. ) ;
#4228 = ORIENTED_EDGE ( 'NONE', *, *, #1611, .F. ) ;
#4229 = CARTESIAN_POINT ( 'NONE',  ( 0.1318897637795275746, -0.1143824042423135789, 0.07014398974742774850 ) ) ;
#4230 = LINE ( 'NONE', #1190, #3753 ) ;
#4231 = EDGE_CURVE ( 'NONE', #4234, #1670, #2465, .T. ) ;
#4232 = PRODUCT_CONTEXT ( 'NONE', #2500, 'mechanical' ) ;
#4233 = ORIENTED_EDGE ( 'NONE', *, *, #1067, .T. ) ;
#4234 = VERTEX_POINT ( 'NONE', #3743 ) ;
#4235 = ORIENTED_EDGE ( 'NONE', *, *, #284, .F. ) ;
#4236 = PLANE ( 'NONE',  #3113 ) ;
#4237 = DIRECTION ( 'NONE',  ( 0.0000000000000000000, 0.0000000000000000000, 1.000000000000000000 ) ) ;
#4238 = DIRECTION ( 'NONE',  ( 0.0000000000000000000, 0.0000000000000000000, -1.000000000000000000 ) ) ;
#4239 = CARTESIAN_POINT ( 'NONE',  ( 0.1181102362204724532, 0.03543307086614173179, 0.1023622047244094474 ) ) ;
#4240 = LINE ( 'NONE', #1154, #1467 ) ;
#4241 = EDGE_CURVE ( 'NONE', #1002, #3026, #984, .T. ) ;
#4242 = ORIENTED_EDGE ( 'NONE', *, *, #150, .F. ) ;
#4243 = CARTESIAN_POINT ( 'NONE',  ( -0.08858267716535432601, 0.1496062992125984370, -0.08858267716535432601 ) ) ;
#4244 = ORIENTED_EDGE ( 'NONE', *, *, #1396, .F. ) ;
#4245 = DIRECTION ( 'NONE',  ( 0.0000000000000000000, 0.0000000000000000000, 1.000000000000000000 ) ) ;
#4246 = AXIS2_PLACEMENT_3D ( 'NONE', #3832, #2178, #924 ) ;
#4247 = EDGE_LOOP ( 'NONE', ( #929, #3027, #2295, #873 ) ) ;
#4248 = ORIENTED_EDGE ( 'NONE', *, *, #1732, .T. ) ;
#4249 = DIRECTION ( 'NONE',  ( 1.000000000000000000, 0.0000000000000000000, 0.0000000000000000000 ) ) ;
#4250 = DIRECTION ( 'NONE',  ( 0.0000000000000000000, 1.000000000000000000, 0.0000000000000000000 ) ) ;
#4251 = VECTOR ( 'NONE', #1657, 39.37007874015748143 ) ;
#4252 = DIRECTION ( 'NONE',  ( 3.519431053647356462E-16, 0.8660254037844389297, 0.4999999999999994449 ) ) ;
#4253 = ADVANCED_FACE ( 'NONE', ( #2420 ), #145, .T. ) ;
#4254 = VECTOR ( 'NONE', #2417, 39.37007874015748854 ) ;
#4255 = ORIENTED_EDGE ( 'NONE', *, *, #1293, .F. ) ;
#4256 = DIRECTION ( 'NONE',  ( 0.0000000000000000000, 0.0000000000000000000, 1.000000000000000000 ) ) ;
#4257 = FACE_OUTER_BOUND ( 'NONE', #3540, .T. ) ;
#4258 = AXIS2_PLACEMENT_3D ( 'NONE', #2633, #4280, #3578 ) ;
#4259 = EDGE_CURVE ( 'NONE', #1860, #511, #4136, .T. ) ;
#4260 = ORIENTED_EDGE ( 'NONE', *, *, #3030, .T. ) ;
#4261 = ORIENTED_EDGE ( 'NONE', *, *, #1293, .T. ) ;
#4262 = AXIS2_PLACEMENT_3D ( 'NONE', #4016, #3895, #4186 ) ;
#4263 = FACE_OUTER_BOUND ( 'NONE', #2243, .T. ) ;
#4264 = CARTESIAN_POINT ( 'NONE',  ( -0.1240157480314960647, 0.03543307086614173179, -0.1023622047244094474 ) ) ;
#4265 = ADVANCED_FACE ( 'NONE', ( #2821 ), #3767, .T. ) ;
#4266 = LINE ( 'NONE', #674, #3645 ) ;
#4267 = CIRCLE ( 'NONE', #118, 0.02362204724409448092 ) ;
#4268 = ORIENTED_EDGE ( 'NONE', *, *, #470, .F. ) ;
#4269 = CARTESIAN_POINT ( 'NONE',  ( -0.1263219938489248129, -0.04758183636860983945, 0.1023622047244094474 ) ) ;
#4270 = ORIENTED_EDGE ( 'NONE', *, *, #2407, .F. ) ;
#4271 = VECTOR ( 'NONE', #1809, 39.37007874015748143 ) ;
#4272 = VECTOR ( 'NONE', #1184, 39.37007874015748143 ) ;
#4273 = VERTEX_POINT ( 'NONE', #2110 ) ;
#4274 = CARTESIAN_POINT ( 'NONE',  ( -0.1181102362204724532, 0.03543307086614173179, -0.07480314960629921850 ) ) ;
#4275 =( NAMED_UNIT ( * ) PLANE_ANGLE_UNIT ( ) SI_UNIT ( $, .RADIAN. ) );
#4276 = PRESENTATION_LAYER_ASSIGNMENT (  '', '', ( #277 ) ) ;
#4277 = CIRCLE ( 'NONE', #419, 0.02362204724409448092 ) ;
#4278 = VERTEX_POINT ( 'NONE', #3442 ) ;
#4279 = FACE_OUTER_BOUND ( 'NONE', #2228, .T. ) ;
#4280 = DIRECTION ( 'NONE',  ( 0.0000000000000000000, -1.000000000000000000, 0.0000000000000000000 ) ) ;
#4281 = ORIENTED_EDGE ( 'NONE', *, *, #2447, .T. ) ;
#4282 = ORIENTED_EDGE ( 'NONE', *, *, #1983, .T. ) ;
#4283 = ADVANCED_FACE ( 'NONE', ( #2148 ), #4163, .F. ) ;
#4284 = PLANE ( 'NONE',  #2501 ) ;
#4285 = EDGE_CURVE ( 'NONE', #310, #225, #3510, .T. ) ;
#4286 = CARTESIAN_POINT ( 'NONE',  ( 0.08858267716535432601, 0.1299212598425196763, 0.06496062992125983815 ) ) ;
#4287 = LENGTH_MEASURE_WITH_UNIT ( LENGTH_MEASURE( 0.02539999999999999897 ), #266 );
#4288 = DIRECTION ( 'NONE',  ( 1.000000000000000000, 0.0000000000000000000, 0.0000000000000000000 ) ) ;
#4289 = ADVANCED_FACE ( 'NONE', ( #3061 ), #4146, .F. ) ;
#4290 = EDGE_LOOP ( 'NONE', ( #2713, #3861 ) ) ;
#4291 = LINE ( 'NONE', #1577, #1171 ) ;
#4292 = ORIENTED_EDGE ( 'NONE', *, *, #4041, .F. ) ;
#4293 = EDGE_CURVE ( 'NONE', #2450, #3749, #1083, .T. ) ;
#4294 = ORIENTED_EDGE ( 'NONE', *, *, #3509, .F. ) ;
#4295 = PLANE ( 'NONE',  #3048 ) ;
#4296 = ORIENTED_EDGE ( 'NONE', *, *, #1745, .F. ) ;
#4297 = LINE ( 'NONE', #3945, #2792 ) ;
#4298 = LINE ( 'NONE', #2549, #3341 ) ;
#4299 = DIRECTION ( 'NONE',  ( 0.0000000000000000000, 0.0000000000000000000, -1.000000000000000000 ) ) ;
#4300 = EDGE_LOOP ( 'NONE', ( #2951, #4129, #2252, #1926 ) ) ;
#4301 = ORIENTED_EDGE ( 'NONE', *, *, #1230, .T. ) ;
#4302 = CARTESIAN_POINT ( 'NONE',  ( -0.08858267716535432601, 0.1299212598425196763, -0.06496062992125983815 ) ) ;
#4303 = PLANE ( 'NONE',  #1525 ) ;
#4304 = FILL_AREA_STYLE ('',( #595 ) ) ;
#4305 = LINE ( 'NONE', #290, #1055 ) ;
#4306 = EDGE_CURVE ( 'NONE', #2655, #828, #500, .T. ) ;
#4307 = ORIENTED_EDGE ( 'NONE', *, *, #885, .T. ) ;
#4308 = LINE ( 'NONE', #2224, #1248 ) ;
#4309 = CARTESIAN_POINT ( 'NONE',  ( 0.1476377952755905387, -0.06889763779527559306, -0.1023622047244094474 ) ) ;
#4310 = VERTEX_POINT ( 'NONE', #739 ) ;
#4311 = CARTESIAN_POINT ( 'NONE',  ( 0.1263219938489248129, -0.09021343922194134668, -0.1023622047244094474 ) ) ;
#4312 = EDGE_CURVE ( 'NONE', #3557, #329, #4086, .T. ) ;
#4313 = STYLED_ITEM ( 'NONE', ( #1946 ), #417 ) ;
#4314 = ORIENTED_EDGE ( 'NONE', *, *, #2462, .F. ) ;
#4315 = VERTEX_POINT ( 'NONE', #2192 ) ;
#4316 = LINE ( 'NONE', #233, #340 ) ;
#4317 = EDGE_CURVE ( 'NONE', #1671, #3513, #632, .T. ) ;
#4318 = DIRECTION ( 'NONE',  ( 0.0000000000000000000, 0.0000000000000000000, 1.000000000000000000 ) ) ;
#4319 = CIRCLE ( 'NONE', #2433, 0.007874015748031499423 ) ;
#4320 = ORIENTED_EDGE ( 'NONE', *, *, #3716, .F. ) ;
#4321 = EDGE_LOOP ( 'NONE', ( #2133, #314, #2413, #2520 ) ) ;
#4322 = DIRECTION ( 'NONE',  ( 0.0000000000000000000, -1.000000000000000000, 0.0000000000000000000 ) ) ;
#4323 = DIRECTION ( 'NONE',  ( 0.0000000000000000000, 1.000000000000000000, 0.0000000000000000000 ) ) ;
#4324 = CIRCLE ( 'NONE', #2222, 0.02362204724409448092 ) ;
#4325 = LINE ( 'NONE', #1356, #2368 ) ;
#4326 = FACE_OUTER_BOUND ( 'NONE', #2485, .T. ) ;
#4327 = DIRECTION ( 'NONE',  ( -1.000000000000000000, 0.0000000000000000000, 0.0000000000000000000 ) ) ;
#4328 = VECTOR ( 'NONE', #3375, 39.37007874015748854 ) ;
#4329 = VERTEX_POINT ( 'NONE', #3217 ) ;
#4330 = CARTESIAN_POINT ( 'NONE',  ( 0.08858267716535432601, 0.1377952755905511861, -0.08858267716535432601 ) ) ;
#4331 = DIMENSIONAL_EXPONENTS ( 1.000000000000000000, 0.0000000000000000000, 0.0000000000000000000, 0.0000000000000000000, 0.0000000000000000000, 0.0000000000000000000, 0.0000000000000000000 ) ;
#4332 = AXIS2_PLACEMENT_3D ( 'NONE', #2557, #1874, #3246 ) ;
#4333 = ORIENTED_EDGE ( 'NONE', *, *, #3120, .T. ) ;
#4334 = VECTOR ( 'NONE', #726, 39.37007874015748143 ) ;
#4335 = LINE ( 'NONE', #1364, #4048 ) ;
#4336 = ADVANCED_FACE ( 'NONE', ( #1290 ), #4187, .F. ) ;
#4337 = CIRCLE ( 'NONE', #3766, 0.02362204724409448092 ) ;
#4338 = DIRECTION ( 'NONE',  ( 0.0000000000000000000, 0.0000000000000000000, 1.000000000000000000 ) ) ;
#4339 = EDGE_CURVE ( 'NONE', #1109, #1887, #3145, .T. ) ;
#4340 = EDGE_LOOP ( 'NONE', ( #2869, #3542, #3444, #1531 ) ) ;
#4341 = ORIENTED_EDGE ( 'NONE', *, *, #4285, .T. ) ;
ENDSEC;
END-ISO-10303-21;
